ASC_80_01.UTCGregorian     ASC_80_01.Earth.Latitude   ASC_80_01.Earth.Longitude   ASC_80_01.Earth.Altitude   ASC_80_01.Earth.RMAG      ASC_80_01.Earth.ECC       ASC_80_02.UTCGregorian     ASC_80_02.Earth.Latitude   ASC_80_02.Earth.Longitude   ASC_80_02.Earth.Altitude   ASC_80_02.Earth.RMAG      ASC_80_02.Earth.ECC       ASC_80_03.UTCGregorian     ASC_80_03.Earth.Latitude   ASC_80_03.Earth.Longitude   ASC_80_03.Earth.Altitude   ASC_80_03.Earth.RMAG      ASC_80_03.Earth.ECC       
01 Jan 2026 00:00:00.000   0.146169531458488          -100.3282000229104          536.0008380715763          6914.137000000002         1.109258891139517e-15     01 Jan 2026 00:00:00.000   59.16679168053675          92.42547838311044           551.7345308195554          6914.136999999998         5.564154723485505e-16     01 Jan 2026 00:00:00.000   -59.44926200121243         66.81028511034656           551.8274248598209          6914.137                  1.413967959318822e-16     
01 Jan 2026 00:00:50.921   3.34205543870537           -100.9619589718989          536.0578870523623          6914.12208120293          7.752479209997759e-05     01 Jan 2026 00:00:50.921   56.06792944703628          90.75642153043013           550.7032148103126          6914.154857448887         0.0001606275309990534     01 Jan 2026 00:00:50.921   -62.52431216873681         64.82190656559538           552.8228400384241          6914.15527543221          0.0001601493018591863     
01 Jan 2026 00:01:43.346   6.631825962660383          -101.6173004053262          536.222427739398           6914.075721769347         0.0001584236751797052     01 Jan 2026 00:01:43.346   52.8601518425244           89.26390236188311           549.6230647404827          6914.209461738787         0.0003250388325559659     01 Jan 2026 00:01:43.346   -65.65914434894341         62.34953916258554           553.8043749955805          6914.213155785871         0.0003231497832060284     
01 Jan 2026 00:02:36.083   9.940223261879524          -102.2824021830159          536.4938984457312          6913.997849916341         0.0002417249899413664     01 Jan 2026 00:02:36.083   49.61910068230797          87.93910680125627           548.5308204495504          6914.299627770079         0.0004878897165428749     01 Jan 2026 00:02:36.083   -68.76796831595972         59.24245704898989           554.7365119791448          6914.312539181969         0.0004838197699361153     
01 Jan 2026 00:03:28.856   13.24954324934326          -102.9569861013313          536.8680067032747          6913.889370679272         0.0003276794252745175     01 Jan 2026 00:03:28.856   46.36415368070635          86.75099335111327           547.4458614577297          6914.423189307499         0.0006466999805137365     01 Jan 2026 00:03:28.856   -71.81234290262032         55.2080073176476            555.603745038683           6914.454231830326         0.0006399790215398936     
01 Jan 2026 00:04:20.307   16.47411710344973          -103.626571750851           537.3262131412239          6913.755245306367         0.0004144176320482964     01 Jan 2026 00:04:20.307   43.18146441682498          85.69730939586687           546.4092148859827          6914.57365204016          0.0007959858256514548     01 Jan 2026 00:04:20.307   -74.67945415964766         49.89560413720709           556.3775236138972          6914.633645359712         0.000786615687923403      
01 Jan 2026 00:05:12.981   19.77300051447065          -104.327889693448           537.8842244288635          6913.59028091642          0.0005064402640217628     01 Jan 2026 00:05:12.981   39.91506707288705          84.70423019413406           545.3832302561077          6914.756105285643         0.0009415882816216197     01 Jan 2026 00:05:12.981   -77.44065732036449         42.17618353054441           557.0887797223959          6914.859835449832         0.0009299309687591359     
01 Jan 2026 00:06:05.784   23.07716270760815          -105.0511683453169          538.5258003431463          6913.398474748309         0.0006019386954653239     01 Jan 2026 00:06:05.784   36.63359240732692          83.77902615525771           544.4043188765754          6914.965474164482         0.001078660289784226      01 Jan 2026 00:06:05.784   -79.88858394787185         30.60309677936516           557.7132712933744          6915.129735159489         0.001065724982112305      
01 Jan 2026 00:06:56.691   26.25949378926761          -105.7721757684075          539.213475245444           6913.190277908848         0.0006968393197307186     01 Jan 2026 00:06:56.691   33.46418925182326          82.94139751011706           543.5202588469801          6915.190105445198         0.001200980141619121      01 Jan 2026 00:06:56.691   -81.67758611939981         13.82888897579954           558.2267294826515          6915.430518564087         0.001188390696650397      
01 Jan 2026 00:07:49.251   29.54140668018281          -106.5464674662623          539.984642319786           6912.953385653002         0.0007972653206433785     01 Jan 2026 00:07:49.251   30.18666872382049          82.1224648458595            542.6815248588537          6915.443101881475         0.001315783392967052      01 Jan 2026 00:07:49.251   -82.49405741071052         -9.68508172485889           558.6621526086265          6915.782198948954         0.001305860780984775      
01 Jan 2026 00:08:42.022   32.83197234175149          -107.3610060830698          540.8101963910149          6912.695414446824         0.0008999045824980644     01 Jan 2026 00:08:42.022   26.89147686511271          81.33884638718216           541.9272575360337          6915.716199347297         0.00141801007911736       01 Jan 2026 00:08:42.022   -81.94108932987886         -34.10277414653066          559.000450502318           6916.176293494978         0.001413856644245422      
01 Jan 2026 00:09:32.461   35.97232746714243          -108.181825964288           541.6361578534343          6912.432275309394         0.0009989066849620952     01 Jan 2026 00:09:32.461   23.73822084130179          80.6195830163976            541.2991163093557          6915.992858431237         0.001502419189941135      01 Jan 2026 00:09:32.461   -80.33662329407041         -52.0640498316905           559.2306365347495          6916.590106745176         0.001507367160880206      
01 Jan 2026 00:10:24.955   39.23494078161244          -109.0895284249104          542.5219126320862          6912.143721720989         0.001101910437464289      01 Jan 2026 00:10:24.955   20.4532245123979           79.89629522299916           540.7516592163893          6916.294743570257         0.001575469668021904      01 Jan 2026 00:10:24.955   -78.00204431732698         -64.63888635410125          559.3743289270806          6917.057682279933         0.00159431739639147       
01 Jan 2026 00:11:17.752   42.50970683850491          -110.0697790136838          543.4267648091154          6911.84106391727          0.00120437402256235       01 Jan 2026 00:11:17.752   17.1464018686636           79.18994875856392           540.3194741828602          6916.61048661174          0.001632859441115011      01 Jan 2026 00:11:17.752   -75.28935714808151         -73.03892088909066          559.4224943140298          6917.563916023065         0.001670927515891028      
01 Jan 2026 00:12:08.172   45.62968026491289          -111.0835229131642          544.2916175299151          6911.542978223818         0.001300051817987143      01 Jan 2026 00:12:08.172   13.9863707695348           78.5312249935796            540.024961971505           6916.921349318811         0.001671972253328304      01 Jan 2026 00:12:08.172   -72.51242583393515         -78.64370938655             559.3817010638513          6918.078831655677         0.001733879230529118      
01 Jan 2026 00:13:00.682   48.87011666403353          -112.2396666208316          545.1802428131377          6911.225848367209         0.001396242022610752      01 Jan 2026 00:13:00.682   10.69358679232204          77.85796486168186           539.8472611997531          6917.252857860281         0.001695944426545342      01 Jan 2026 00:13:00.682   -69.50716959275414         -82.93601832866689          559.2539187609573          6918.645246365292         0.001788880763844294      
01 Jan 2026 00:13:53.460   52.11617069803971          -113.5317598841368          546.0478552359355          6910.903039743684         0.001488114186845939      01 Jan 2026 00:13:53.460   7.382721092050304          77.19102504647473           539.8062439428641          6917.592187642016         0.001702547827579515      01 Jan 2026 00:13:53.460   -66.4136541599046          -86.23058503374625          559.0440116495492          6919.242654135342         0.001833438423825146      
01 Jan 2026 00:14:44.102   55.21834763983654          -114.92835339829            546.8441641018308          6910.592101971705         0.001570552544145156      01 Jan 2026 00:14:44.102   4.205077352328193          76.55732099789118           539.899761180789           6917.921980503093         0.001692382235823729      01 Jan 2026 00:14:44.102   -63.39968246913119         -88.74874800506178          558.7727654808878          6919.839407451422         0.001866281417916306      
01 Jan 2026 00:15:36.668   58.42208717976806          -116.589536385749           547.6210986841406          6910.270807518441         0.00164899936857487       01 Jan 2026 00:15:36.668   0.9064832814715276         75.90314760470793           540.1361844884304          6918.26717429877          0.001664983077363608      01 Jan 2026 00:15:36.668   -60.23822787596983         -90.89869290485372          558.427122648668           6920.479880050576         0.001890366864349716      
01 Jan 2026 00:16:29.460   61.61820013523138          -118.5467243171865          548.3387191140546          6909.952284619729         0.00171930241718865       01 Jan 2026 00:16:29.460   -2.406150456365069         75.24697791290289           540.5165923411378          6918.615496594972         0.001620747683820231      01 Jan 2026 00:16:29.460   -57.03838672962186         -92.71527318524065          558.0236554398325          6921.141121276714         0.001904612556887573      
01 Jan 2026 00:17:20.774   64.69723885722935          -120.8284364812823          548.9654047430213          6909.649151249158         0.00177841874150793       01 Jan 2026 00:17:20.774   -5.625311900400893         74.60725081349342           541.0221281017793          6918.954556759522         0.001562564397255532      01 Jan 2026 00:17:20.774   -53.91020990095696         -94.2374875128625           557.5872051815777          6921.797506843461         0.001909238814146702      
01 Jan 2026 00:18:13.380   67.81459760371439          -123.7153710065451          549.5254110260839          6909.347393683334         0.001828586269493306      01 Jan 2026 00:18:13.380   -8.924394779048567         73.94657281391136           541.6761427079537          6919.301760378378         0.001488675715455758      01 Jan 2026 00:18:13.380   -50.68885387465696         -95.60919766099452          557.1051390045541          6922.480572765897         0.001904897899214724      
01 Jan 2026 00:19:06.143   70.88296831144923          -127.4265509095845          549.9941450292472          6909.056166445856         0.001867376158901499      01 Jan 2026 00:19:06.143   -12.23169432812491         73.27596681422659           542.4652569137515          6919.648881508043         0.001401932481289713      01 Jan 2026 00:19:06.143   -47.44608327346283         -96.83645570298314          556.5978000559335          6923.171998389004         0.001891665639212375      
01 Jan 2026 00:19:57.783   73.79853114640528          -132.2667210420525          550.3550791272364          6908.784250880499         0.001893395416997802      01 Jan 2026 00:19:57.783   -15.46651181887502         72.60877715339626           543.3603772676634          6919.987016888787         0.00130724825565          01 Jan 2026 00:19:57.783   -44.26295265213784         -97.92435845003668          556.0895438037332          6923.850874187532         0.001870447514097285      
01 Jan 2026 00:20:50.433   76.62377810023646          -139.1671838454064          550.6168878585022          6908.52223108285          0.001907115847937729      01 Jan 2026 00:20:50.433   -18.76194348341932         71.91397672694703           544.3901308922668          6920.329803916014         0.001204199190456615      01 Jan 2026 00:20:50.433   -41.00960188297152         -98.94161425610058          555.5712001872589          6924.541169104541         0.001840730687960466      
01 Jan 2026 00:21:43.213   79.19068766210276          -149.3770949200161          550.7664774699988          6908.276635758416         0.00190739211639525       01 Jan 2026 00:21:43.213   -22.06230060652642         71.19872357902497           545.5316567033206          6920.671292841228         0.001099160234729741      01 Jan 2026 00:21:43.213   -37.74138542478742         -99.88628306649306          555.063371608303           6925.227180281776         0.001803076175578273      
01 Jan 2026 00:22:34.269   81.20038962432785          -164.2893877721272          550.800036649257           6908.056657379918         0.001894497573523448      01 Jan 2026 00:22:34.269   -25.25140702739168         70.48464497809266           546.7297897269073          6920.999606476337         0.001002325887543866      01 Jan 2026 00:22:34.269   -34.57423707027804         -100.7419112055378          554.5945253109758          6925.881254003785         0.00175946201697308       
01 Jan 2026 00:23:26.808   82.37967364448909          173.8220323728721           550.7182098914254          6907.849483622434         0.001867550954948231      01 Jan 2026 00:23:26.808   -28.52898920974149         69.7219155560478            548.0474832178752          6921.335532523416         0.00091660276862193       01 Jan 2026 00:23:26.808   -31.31013313725461         -101.5734529220013          554.1461968514059          6926.540662406757         0.001707518440341672      
01 Jan 2026 00:24:19.532   82.238521724742            148.7829481247219           550.516679545176           6907.662033285887         0.001826567499595417      01 Jan 2026 00:24:19.532   -31.81332085945455         68.9218225319904            549.4434113887019          6921.670978721409         0.0008563841227346831     01 Jan 2026 00:24:19.532   -28.03014143978904         -102.3669017157972          553.7419352155821          6927.184649615495         0.001648540964597456      
01 Jan 2026 00:25:10.000   80.91183484305516          128.8556380760062           550.2124248299897          6907.502372897289         0.001774422083809289      01 Jan 2026 00:25:10.000   -34.95203591970714         68.11644118368578           550.8358806333845          6921.990894841303         0.0008342191418371026     01 Jan 2026 00:25:10.000   -24.88693856111854         -103.0947101320659          553.4073241533306          6927.781009473519         0.001586040037310785      
01 Jan 2026 00:26:02.463   78.73650838296697          114.6017709280345           549.7829163062497          6907.35723921614          0.001707169047260787      01 Jan 2026 00:26:02.463   -38.20878865124447         67.22941033970629           552.3277952853678          6922.322717119552         0.0008557086989581725     01 Jan 2026 00:26:02.463   -21.6164040689177          -103.8242825057739          553.122855850077           6928.376751625378         0.001515293820837211      
01 Jan 2026 00:26:55.177   76.10887128652381          105.1539045945879           549.2388749491256          6907.232878781357         0.001626725611544196      01 Jan 2026 00:26:55.177   -41.474199767439           66.27565959595063           553.8576980494854          6922.655948484427         0.0009228835950582038     01 Jan 2026 00:26:55.177   -18.32746914968079         -104.5347416370516          552.9104508040891          6928.947285475159         0.001438945424644154      
01 Jan 2026 00:27:45.465   73.379748368476            98.94536698780126           548.6196771933774          6907.134129889443         0.001538613971090121      01 Jan 2026 00:27:45.465   -44.58188683275191         65.29413267173626           555.3319025327146          6922.97424926237          0.001022658151883999      01 Jan 2026 00:27:45.465   -15.18782618957037         -105.1954841073764          552.7832404216797          6929.462541440007         0.001362038401507103      
01 Jan 2026 00:28:37.830   70.40537607027093          94.25721179461968           547.8773322291399          6907.051517923369         0.001435898168962456      01 Jan 2026 00:28:37.830   -47.80906668075086         64.17989024342828           556.8675457090267          6923.306745238541         0.001153614788694178      01 Jan 2026 00:28:37.830   -11.91674930432043         -105.8696076895547          552.7349671667635          6929.966326978709         0.001278939653720547      
01 Jan 2026 00:29:30.523   67.32833407619789          90.69990479735792           547.0378236166516          6906.988533049546         0.001322274901025941      01 Jan 2026 00:29:30.523   -51.04559479333            62.9397571250105            558.3981665218125          6923.643028304558         0.001303634798094171      01 Jan 2026 00:29:30.523   -8.623976382093575         -106.5370487022719          552.777914522776           6930.437080828336         0.001193962452032211      
01 Jan 2026 00:30:21.084   64.32379019204012          88.00951857209904           546.1536620999868          6906.946237936822         0.001204679155780234      01 Jan 2026 00:30:21.084   -54.13902340530718         61.60726815707263           559.8390042235615          6923.967904167391         0.001457473079324502      01 Jan 2026 00:30:21.084   -5.463618347443177         -107.1702047239612          552.9087155107827          6930.852659601972         0.001113430529688807      
01 Jan 2026 00:31:13.545   61.16903027064055          85.73342985050976           545.1649359996363          6906.920043174599         0.00107509557427191       01 Jan 2026 00:31:13.545   -57.33329854085915         60.03397370054896           561.2909524472998          6924.307822804364         0.001621509615744097      01 Jan 2026 00:31:13.545   -2.18407011649387          -107.8225139514495          553.1391932352917          6931.244678488472         0.001034187961789425      
01 Jan 2026 00:32:06.246   57.97206059020909          83.82418396719044           544.1098608977145          6906.910557463579         0.000938656593950738      01 Jan 2026 00:32:06.246   -60.52222366341703         58.19546674620091           562.6914032332033          6924.652699202019         0.001786223706124342      01 Jan 2026 00:32:06.246   1.11045762216306           -108.4758884658775          553.4684905772856          6931.5968219799           0.0009635165510323959     
01 Jan 2026 00:32:57.327   54.8533511836178           82.23856965604514           543.0397924765393          6906.916040167811         0.0008020382628104578     01 Jan 2026 00:32:57.327   -63.58812701582001         56.07986757834909           563.9804301720851          6924.990612721457         0.001942307881152654      01 Jan 2026 00:32:57.327   4.303218311848966          -109.1100151311152          553.88032670553            6931.897167310894         0.0009090377509245138     
01 Jan 2026 00:33:49.853   51.63027498556665          80.8128616936264            541.9034619069753          6906.935141977923         0.0006589793759466732     01 Jan 2026 00:33:49.853   -66.70597533046154         53.42770695089974           565.2235524816924          6925.342116284241         0.002096239665038506      01 Jan 2026 00:33:49.853   7.585449640057536          -109.7657335004741          554.3966064951628          6932.163151210188         0.0008738010255016079     
01 Jan 2026 00:34:42.529   48.38482828697617          79.54352947023436           540.740786772325           6906.966256492962         0.0005153386184624348     01 Jan 2026 00:34:42.529   -69.78216663884858         50.0687213953771            566.3749033514159          6925.698875219757         0.002241462704967777      01 Jan 2026 00:34:42.529   10.87566428267828          -110.4299488975207          555.0049807155337          6932.385767699353         0.00086568365738763       
01 Jan 2026 00:35:34.132   45.19495522698424          78.42191459876516           539.5929237977407          6907.006552765225         0.0003780412425270241     01 Jan 2026 00:35:34.132   -72.72185687482305         45.75967746190294           567.4002394368072          6926.052498624102         0.002372833183278345      01 Jan 2026 00:35:34.132   14.09707231663197          -111.0900803090879          555.6838073365152          6932.56086286033          0.000887842721478818      
01 Jan 2026 00:36:26.709   41.93576203519396          77.37756379172328           538.4283552025236          6907.05571098262          0.0002494984646858994     01 Jan 2026 00:36:26.709   -75.59667654240594         39.74324234726172           568.3316268118697          6926.416848689117         0.002493872870514912      01 Jan 2026 00:36:26.709   17.37711409212634          -111.7756348316316          556.4531939624549          6932.695696761557         0.0009412120606581399     
01 Jan 2026 00:37:19.401   38.66161651399914          76.41103608565635           537.2805296407396          6907.111230961094         0.0001590021951798887     01 Jan 2026 00:37:19.401   -78.26789354147641         31.02407188517484           569.1426133256318          6926.785742234695         0.002600740760955955      01 Jan 2026 00:37:19.401   20.66159989735036          -112.4795403461659          557.2949984773304          6932.787212002983         0.001022598392478299      
01 Jan 2026 00:38:10.327   35.49071728944528          75.53873743788328           536.202860037889           6907.168991890228         0.0001690145507618413     01 Jan 2026 00:38:10.327   -80.483730789948           18.40447538947921           569.8040372849146          6927.145330300222         0.002689155442198012      01 Jan 2026 00:38:10.327   23.83301158263193          -113.1799026022326          558.1672147823247          6932.834938538752         0.001122880971702523      
01 Jan 2026 00:39:02.860   32.21392966804664          74.69097015573479           535.137249278675           6907.230922202634         0.0002600989954641312     01 Jan 2026 00:39:02.860   -82.06459804995905         -0.8618301510954414         570.3556513965086          6927.518693269694         0.002764107761787292      01 Jan 2026 00:39:02.860   27.10093606303854          -113.9277736035421          559.1173560169627          6932.843298207649         0.001243154389273477      
01 Jan 2026 00:39:55.543   28.92261658102542          73.88438431317489           534.1287760267942          6907.293562236703         0.0003704267076947852     01 Jan 2026 00:39:55.543   -82.47108812845501         -25.46749310093629          570.7723718631096          6927.894655021244         0.002821978159810318      01 Jan 2026 00:39:55.543   30.374003918775            -114.7093869948481          560.1104916988597          6932.811351979132         0.001375856076959079      
01 Jan 2026 00:40:45.941   25.76983812325469          73.14640930412625           533.232136898434           6907.352324278677         0.0004748875411082264     01 Jan 2026 00:40:45.941   -81.59159651938273         -47.57109398493661          571.0415857768066          6928.254678306705         0.002860666541797676      01 Jan 2026 00:40:45.941   33.50064096847859          -115.4930679863457          561.0871907216288          6932.744485290943         0.001510071238462823      
01 Jan 2026 00:41:38.427   22.48250753859576          72.40655262107033           532.380423715018           6907.410696907498         0.0005765163803947629     01 Jan 2026 00:41:38.427   -79.69864033983826         -64.32042906610842          571.1873454407805          6928.628709368058         0.002883364126967988      01 Jan 2026 00:41:38.427   36.75167443344988          -116.3546457305308          562.1199242043485          6932.638866746632         0.001653867107876743      
01 Jan 2026 00:42:31.113   19.17936105147351          71.68797495051682           531.6203598910433          6907.464862697727         0.0006682860857390097     01 Jan 2026 00:42:31.113   -77.23145142045757         -75.43304377691675          571.1969933076871          6929.001676841834         0.002888037485330531      01 Jan 2026 00:42:31.113   40.00889466886925          -117.276217571632           563.1595642971724          6932.497926804841         0.001799249596047669      
01 Jan 2026 00:43:21.527   16.01588419105172          71.01860960069318           530.9909555922341          6907.511251868084         0.0007447935336148653     01 Jan 2026 00:43:21.527   -74.58718395561421         -82.63326661757183          571.0808107414368          6929.354632085989         0.002875664597703222      01 Jan 2026 00:43:21.527   43.11919006177288          -118.2232116939143          564.1447924868708          6932.332326929243         0.001936848910131172      
01 Jan 2026 00:44:14.021   12.71963542853017          70.33665771621708           530.4453700079775          6907.552729619909         0.0008114379855970509     01 Jan 2026 00:44:14.021   -71.66949418806131         -87.96201023716993          570.8338142204793          6929.716201852971         0.002845623186504589      01 Jan 2026 00:44:14.021   46.34990388357664          -119.2927782835321          565.1476327723904          6932.130190599832         0.002076262552386518      
01 Jan 2026 00:45:06.756   9.406360386429279          69.6633923099823            530.0169077401579          6907.58638036013          0.000864035481980352      01 Jan 2026 00:45:06.756   -68.63729240258125         -91.92602956161473          570.4620754451917          6930.071267870643         0.002798375141156152      01 Jan 2026 00:45:06.756   49.58601515244394          -120.4742045980069          566.1180818440625          6931.899011686725         0.002210252421662261      
01 Jan 2026 00:45:57.350   6.226252318641745          69.0254905064548            529.7236335485222          6907.61035625195          0.0009002862292832927     01 Jan 2026 00:45:57.350   -65.66737406650731         -94.87907295885778          569.995732141575           6930.402150726563         0.002737668874325382      01 Jan 2026 00:45:57.350   52.68016144041039          -121.7348446514972          567.0018919442973          6931.653067515087         0.002331299176751173      
01 Jan 2026 00:46:49.935   2.920139606764914          68.36783834944157           529.5448455227697          6907.626082291947         0.000922716609727401      01 Jan 2026 00:46:49.935   -62.53792467507294         -97.35013256957268          569.4054245579146          6930.733629572924         0.00265952789004782       01 Jan 2026 00:46:49.935   55.88259534452764          -123.2142969747116          567.8589425124919          6931.374858430162         0.002447630157254035      
01 Jan 2026 00:47:42.687   -0.3968747793945099        67.71065460806157           529.4968062606222          6907.632088321312         0.0009293081337735302     01 Jan 2026 00:47:42.687   -59.36745750764448         -99.39753895985673          568.7146351585216          6931.050999804059         0.002566839763389811      01 Jan 2026 00:47:42.687   59.07791040141502          -124.9248659620779          568.6434473229046          6931.075184886309         0.002553053305408824      
01 Jan 2026 00:48:33.792   -3.610301595778523         67.07368161363216           529.5762865228498          6907.628457216007         0.000920413240192764      01 Jan 2026 00:48:33.792   -56.27392819570654         -101.0818813487436          567.9613284847983          6931.341577535229         0.002464610771430714      01 Jan 2026 00:48:33.792   62.15214949171627          -126.8710730279397          569.3205197831549          6930.767638597716         0.002643059010500059      
01 Jan 2026 00:49:26.388   -6.916944530239563         66.41499252174286           529.7865639810307          6907.615120456895         0.0008956749447477051     01 Jan 2026 00:49:26.388   -53.07273571520328         -102.5860244895798          567.1108943797135          6931.620758055061         0.00234804218859809       01 Jan 2026 00:49:26.388   65.28663036178146          -129.2817678108591          569.921590433225           6930.435880848845         0.002721989124670777      
01 Jan 2026 00:50:19.115   -10.23081858362766         65.74851120126149           530.1254912801169          6907.592323736697         0.0008553387019319196     01 Jan 2026 00:50:19.115   -49.84945786479397         -103.9156689663582          566.1939998268053          6931.877814261888         0.002221227305768793      01 Jan 2026 00:50:19.115   68.38692904933413          -132.2868214109997          570.4169641447243          6930.090220227778         0.002786065310088027      
01 Jan 2026 00:51:10.867   -13.48195879464273         65.08531513532701           530.5787068186282          6907.561332984361         0.000801153227693275      01 Jan 2026 00:51:10.867   -46.67456880164738         -105.085885585536           565.2438747872975          6932.105381746087         0.002088797841713648      01 Jan 2026 00:51:10.867   71.36964884513114          -136.0798170177965          570.7904210685674          6929.740518331982         0.002833389547746995      
01 Jan 2026 00:52:03.520   -16.78766349768231         64.3980452448676            531.1565561612142          6907.521836516828         0.00073195357530541       01 Jan 2026 00:52:03.520   -43.43494858371582         -106.1682261909586          564.2392844233036          6932.30924182861          0.001947914779637871      01 Jan 2026 00:52:03.520   74.30854132829798          -141.2572115388999          571.0484466286443          6929.376353284089         0.002864955982474001      
01 Jan 2026 00:52:56.280   -20.0976054882256          63.6929363966043            531.8463383903963          6907.475212075586         0.0006494118381358698     01 Jan 2026 00:52:56.280   -40.18052911987544         -107.1651864443452          563.2077305071571          6932.483057457541         0.001802692596729195      01 Jan 2026 00:52:56.280   77.09161559024503          -148.5892447643652          571.177623822633           6929.005081309118         0.002879233293149721      
01 Jan 2026 00:53:47.249   -23.29237626081391         62.99212219952461           532.6097442302489          6907.424611460208         0.0005584218473219132     01 Jan 2026 00:53:47.249   -37.02979902891507         -108.0609568782874          562.2002910568144          6932.619782512175         0.001660834794972765      01 Jan 2026 00:53:47.249   79.50561978064387          -159.0308707588701          571.1750829501552          6928.642211694863         0.002876162379113676      
01 Jan 2026 00:54:39.907   -26.58948513626959         62.2430794170208            533.4888263549856          6907.367949618319         0.0004547076159798986     01 Jan 2026 00:54:39.907   -33.76864066976445         -108.9296898429173          561.1613482872954          6932.726669236959         0.001515342232371378      01 Jan 2026 00:54:39.907   81.4671299933873           -175.2834613859097          571.0380122407259          6928.264742857969         0.002855400214434356      
01 Jan 2026 00:55:32.699   -29.89083033081617         61.4609277767597            534.451280987867           6907.308206054192         0.0003440777633248845     01 Jan 2026 00:55:32.699   -30.49377951780633         -109.753170460388           560.134757746674           6932.796719640327         0.001373724518000341      01 Jan 2026 00:55:32.699   82.45975009649759          161.8943530425153           570.7618967812923          6927.885288459522         0.002816658472530054      
01 Jan 2026 00:56:23.226   -33.04618562404132         60.67670545139913           535.4373213120189          6907.249828696531         0.0002389566106485895     01 Jan 2026 00:56:23.226   -27.35484276385363         -110.5047186101522          559.1780483970297          6932.827236906941         0.001245632012633603      01 Jan 2026 00:56:23.226   82.14421749775532          138.1442200157598           570.3675662153955          6927.522460210532         0.002762977774030773      
01 Jan 2026 00:57:15.815   -36.32499678593562         59.81552047887495           536.5185024757411          6907.189553756188         0.0001559906181522871     01 Jan 2026 00:57:15.815   -24.08374313090752         -111.2556102510223          558.2208375278688          6932.819475436538         0.001124339737815401      01 Jan 2026 00:57:15.815   80.63591160909087          118.3354294696924           569.8236017230729          6927.146378695478         0.002690293706141817      
01 Jan 2026 00:58:08.562   -39.60748073333881         58.89558787234541           537.6458133499518          6907.131443974622         0.000170405102607702      01 Jan 2026 00:58:08.562   -20.79913690568171         -111.982431559519           557.3114017801181          6932.769827955964         0.001020128130668329      01 Jan 2026 00:58:08.562   78.37316430339581          104.9289594299815           569.1443217377682          6926.771760277127         0.002600826831209548      
01 Jan 2026 00:58:58.901   -42.73353063601003         57.95341692564995           538.7488255057424          6907.079954759619         0.000269483849389488      01 Jan 2026 00:58:58.901   -17.66146249570256         -112.6560723766811          556.5003585160939          6932.682323222401         0.0009421749651742462     01 Jan 2026 00:58:58.901   75.83795471298895          96.39127633126093           568.3755470751112          6926.417412984946         0.002500801450218007      
01 Jan 2026 00:59:51.359   -45.98323934458794         56.88924253932326           539.9128409557106          6907.032293072256         0.0004014204909589269     01 Jan 2026 00:59:51.359   -14.38903938644763         -113.3414020880331          555.7232155759393          6932.548657141377         0.0008882987425126832     01 Jan 2026 00:59:51.359   72.98351787779998          90.20410266510801           567.4551548466379          6926.052031628942         0.00238244072400201       
01 Jan 2026 01:00:44.070   -49.23910506090212         55.71443124157575           541.083346335733           6906.992485735997         0.0005431824337252744     01 Jan 2026 01:00:44.070   -11.09850155183689         -114.0166465535387          555.0202865366291          6932.370179219397         0.0008655029551022991     01 Jan 2026 01:00:44.070   69.98819143856848          85.69822770658486           566.41527291897            6925.689285289716         0.002250361189695474      
01 Jan 2026 01:01:34.538   -52.34564772553772         54.46464467937723           542.19163715373            6906.96374553722          0.0006813909628143208     01 Jan 2026 01:01:34.538   -7.946332967328094         -114.6537218487762          554.4268958742969          6932.157646709208         0.0008729687940883982     01 Jan 2026 01:01:34.538   67.04613446515135          82.40803125063577           565.3199714441034          6925.346333090005         0.002113105387917767      
01 Jan 2026 01:02:27.051   -55.56457734401317         52.99789850932573           543.3185576310216          6906.945363095133         0.0008245591851611204     01 Jan 2026 01:02:27.051   -4.66503683577202          -115.3098642393223          553.8974365183267          6931.893389268905         0.0009074584049888599     01 Jan 2026 01:02:27.051   63.93371066382102          79.69232367736895           564.0866540661782          6924.994051695553         0.001960986435414804      
01 Jan 2026 01:03:19.810   -58.78121349646321         51.30133286863308           544.4103925883173          6906.940478520422         0.0009654261007661705     01 Jan 2026 01:03:19.810   -1.367426075456154         -115.9650700614132          553.4598927131046          6931.584110174374         0.0009634563595310044     01 Jan 2026 01:03:19.810   60.76996280017496          77.46787955765848           562.7627488554517          6924.644711892525         0.001800952006375902      
01 Jan 2026 01:04:10.701   -61.86275536160349         49.38222561506934           545.4131074993102          6906.950224745586         0.001096676248981818      01 Jan 2026 01:04:10.701   1.813952339148379          -116.5959724671357          553.1299434330022          6931.244984526621         0.001031511938339459      01 Jan 2026 01:04:10.701   57.69264006022886          75.66495222664041           561.4169160471574          6924.311861361343         0.001642432392496373      
01 Jan 2026 01:05:03.197   -65.01224942848869         47.00417016583621           546.383760791151           6906.976615634572         0.001225669147033474      01 Jan 2026 01:05:03.197   5.095689318881476          -117.2483619306038          552.8854296290374          6930.854344019396         0.001110514827104396      01 Jan 2026 01:05:03.197   54.49825980935837          74.06534698244249           559.970857168727           6923.972396284944         0.001478053643261093      
01 Jan 2026 01:05:55.955   -68.13588700708031         44.03749652763624           547.2830372778499          6907.021181327989         0.001347270974524635      01 Jan 2026 01:05:55.955   8.393481067021355          -117.9085016869223          552.7373376659807          6930.421491960478         0.001194371190509531      01 Jan 2026 01:05:55.955   51.27169449712259          72.65902674664787           558.4724388575478          6923.634720880216         0.001316378891325197      
01 Jan 2026 01:06:47.625   -71.13587746982246         40.30830910451634           548.0798949890841          6907.08347083934          0.001457249184130576      01 Jan 2026 01:06:47.625   11.62251711011606          -118.5622913777051          552.6853390210381          6929.960240833251         0.001277525628532327      01 Jan 2026 01:06:47.625   48.0988403153352           71.43242156103557           556.9753066752082          6923.306845757701         0.001167046060636805      
01 Jan 2026 01:07:40.228   -74.09634574059154         35.22699226835614           548.7970454721071          6907.166751368995         0.001558764532611962      01 Jan 2026 01:07:40.228   14.90854523624069          -119.2383906912055          552.7236652349729          6929.45488026226          0.001360795252417144      01 Jan 2026 01:07:40.228   44.8579346341204           70.30382233229034           555.4359929903367          6922.975327366806         0.00103163809584221       
01 Jan 2026 01:08:32.996   -76.90830733662902         28.03883932551652           549.4134504129279          6907.271131274682         0.001648975166404883      01 Jan 2026 01:08:32.996   18.20322439682358          -119.9307656614072          552.8498619914835          6928.914125182034         0.001441166756501836      01 Jan 2026 01:08:32.996   41.59746907777293          69.2685252636327            553.8917788863246          6922.644402482706         0.0009222481369161335     
01 Jan 2026 01:09:24.063   -79.36160740371936         17.79282166685383           549.9057779103168          6907.392440268452         0.001724361959706779      01 Jan 2026 01:09:24.063   21.38951643547611          -120.6179726500483          553.0498919514248          6928.36121383429          0.001514735982002556      01 Jan 2026 01:09:24.063   38.4345109653193           68.34100849366415           552.4119745341695          6922.325080630725         0.0008517387160302207     
01 Jan 2026 01:10:16.598   -81.36889214624854         1.883034487706702           550.3006140478255          6907.538254743686         0.001789007422168677      01 Jan 2026 01:10:16.598   24.66482132841803          -121.3468704124733          553.3285213984445          6927.764970746935         0.001585216960714851      01 Jan 2026 01:10:16.598   35.17369352022516          67.44886265987159           550.9194640665628          6921.99688679053          0.0008236472917830252     
01 Jan 2026 01:11:09.347   -82.43111224906723         -20.70300811832075          550.5798197032245          6907.706025147629         0.001840225671064736      01 Jan 2026 01:11:09.347   27.95025481156835          -122.1061986658288          553.6742490388497          6927.141567318017         0.00165001244692575       01 Jan 2026 01:11:09.347   31.89342154684143          66.60489219521666           549.4662056555981          6921.667064195707         0.000842059367130585      
01 Jan 2026 01:11:59.937   -82.18102093996174         -44.65293119495329          550.7355463077492          6907.88670790675          0.001876143030057457      01 Jan 2026 01:11:59.937   31.09770973782242          -122.8659408138049          554.0591673813578          6926.523640941578         0.001706061203447274      01 Jan 2026 01:11:59.937   28.74224140549621          65.83554241438362           548.1285685495495          6921.349948146799         0.0008968101256242794     
01 Jan 2026 01:12:52.349   -80.71896377312082         -64.78583273384794          550.7809092559437          6908.093711698174         0.001899567366719949      01 Jan 2026 01:12:52.349   34.3542796818908           -123.692534737005           554.5031860862446          6925.866301142783         0.001757444174607564      01 Jan 2026 01:12:52.349   25.47288407319891          65.07256106049725           546.8140015107147          6921.020148841455         0.0009801829006758139     
01 Jan 2026 01:13:45.068   -78.47334573321695         -78.49542725634471          550.7087271405699          6908.321371317199         0.001909002000329418      01 Jan 2026 01:13:45.068   37.62488377222117          -124.5732506246013          554.9854703761139          6925.191265648118         0.001801923565232395      01 Jan 2026 01:13:45.068   22.18014826947767          64.33386190541373           545.5776504834548          6920.686772279741         0.001079510141285255      
01 Jan 2026 01:14:35.343   -75.94316954350649         -87.2013420339742           550.5323728041367          6908.555561249792         0.001904991228659235      01 Jan 2026 01:14:35.343   40.73845555525328          -125.4692735978225          555.4681977085947          6924.538201965258         0.001837318098856629      01 Jan 2026 01:14:35.343   19.03657510514596          63.65134387627834           544.4898582773812          6920.367101155381         0.001179781186381286      
01 Jan 2026 01:15:27.743   -73.08746251585519         -93.49259644735115          550.240911261938           6908.816018624539         0.001887661009274812      01 Jan 2026 01:15:27.743   43.97699333066247          -126.4746809390045          555.9837305593483          6923.851709135995         0.001866615172171693      01 Jan 2026 01:15:27.743   15.75710167421856          62.95839925681796           543.461237980946           6920.032034441617         0.001283271390220556      
01 Jan 2026 01:16:20.424   -70.08634490078269         -98.06339242773085          549.8426733944134          6909.093065906764         0.00185724857697821       01 Jan 2026 01:16:20.424   47.22502040801513          -127.5765526169237          556.5030291935818          6923.159510282241         0.001887949359214422      01 Jan 2026 01:16:20.424   12.45728874069578          62.2767114360256            542.544595050199           6919.693301995854         0.001381281210930601      
01 Jan 2026 01:17:10.825   -67.13977071840792         -101.390576190904           549.3693950695269          6909.370598749877         0.001816616299891868      01 Jan 2026 01:17:10.825   50.32353022344068          -128.737550261939           556.989694739329           6922.499162683695         0.001900440028250467      01 Jan 2026 01:17:10.825   9.298297746026323          61.63528680483074           541.7854242629874          6919.367728814076         0.001466001004652494      
01 Jan 2026 01:18:03.261   -64.02265313514414         -104.1314963831365          548.7891105486542          6909.670253481084         0.001763186328750667      01 Jan 2026 01:18:03.261   53.53604407457406          -130.0859871368142          557.4741395843657          6921.817975464215         0.001904895147204108      01 Jan 2026 01:18:03.261   6.010024375149117          60.97596109689118           541.1241730139282          6919.027866136211         0.001542207352149672      
01 Jan 2026 01:18:56.011   -60.85007874120456         -106.3758658820671          548.1241837223515          6909.980630816674         0.001698928723182705      01 Jan 2026 01:18:56.011   56.75351391526839          -131.6288337795736          557.9276064668411          6921.142664727855         0.001900253716279764      01 Jan 2026 01:18:56.011   2.70086485472987           60.31791979050787           540.5962453149386          6918.685434831842         0.001604679094389251      
01 Jan 2026 01:19:46.919   -57.76291813638628         -108.193183075075           547.4150760519233          6910.286313306848         0.001627954621897584      01 Jan 2026 01:19:46.919   59.84132475229623          -133.3507357766201          558.3226366861945          6920.504081058985         0.001886779234394377      01 Jan 2026 01:19:46.919   -0.493395370778765         59.68508565121586           540.2205190348304          6918.355245756681         0.001650160468438531      
01 Jan 2026 01:20:39.399   -54.56062430729537         -109.802701213457           546.625674296577           6910.60521440528          0.001546725849507066      01 Jan 2026 01:20:39.399   63.00122175524101          -135.448233890882           558.6760289666408          6919.86292570124          0.001863323764686355      01 Jan 2026 01:20:39.399   -3.786603974322512         59.0322073090941            539.9723838972895          6918.016148480606         0.00168089021050536       
01 Jan 2026 01:21:32.137   -51.32683122649998         -111.2162838454671          545.7846010980293          6910.9268240633           0.001458103434464869      01 Jan 2026 01:21:32.137   66.14408254277292          -138.0125433419038          558.9666054103282          6919.239750669524         0.001829674200754957      01 Jan 2026 01:21:32.137   -7.095738287024833         58.37277628374171           539.865418733174           6917.677937723474         0.001694650256966096      
01 Jan 2026 01:22:23.706   -48.15241640654319         -112.4464300180272          544.9279923707745          6911.239694848003         0.0013659265893646        01 Jan 2026 01:22:23.706   69.17231358126411          -141.154001447398           559.1798335571548          6918.65416596626          0.001786749498586407      01 Jan 2026 01:22:23.706   -10.33081895111237         57.72185903202743           539.8972608412932          6917.351075740679         0.00169122473895889       
01 Jan 2026 01:23:16.278   -44.90596254340308         -113.5792225217428          544.0327310032462          6911.554195884374         0.001267646505447392      01 Jan 2026 01:23:16.278   72.19074998616775          -145.3183341623806          559.317591641935           6918.084537667076         0.001732589623850215      01 Jan 2026 01:23:16.278   -13.62759564720972         57.04899990934925           540.0653454582089          6917.023366239672         0.001670530648101532      
01 Jan 2026 01:24:09.032   -41.63948019463535         -114.6181040949493          543.12527760585            6911.862396262682         0.001165970425495229      01 Jan 2026 01:24:09.032   75.10852123435131          -151.0181424489132          559.3686411396166          6917.543630369381         0.001667553673745538      01 Jan 2026 01:24:09.032   -16.93404459800531         56.36101424072405           540.3667624117061          6916.701897622768         0.001632532370061132      
01 Jan 2026 01:25:00.235   -38.46180482469921         -115.5510569616459          542.248490202378           6912.151738773254         0.001065580980771833      01 Jan 2026 01:25:00.235   77.75932004424949          -158.9144881446758          559.3297672936087          6917.050578350178         0.001594142270185366      01 Jan 2026 01:25:00.235   -20.14116270160643         55.67741961834694           540.7803801287655          6916.398797752415         0.001579569316037016      
01 Jan 2026 01:25:52.879   -35.18834352588436         -116.4473866903187          541.3640884310325          6912.436415625033         0.0009618126310359404     01 Jan 2026 01:25:52.879   80.14496189137651          -171.042661177152           559.1952697498782          6916.578817054868         0.001508147878245664      01 Jan 2026 01:25:52.879   -23.43578060204255         54.95419288256275           541.3222910950753          6916.098376848509         0.00150923762983924       
01 Jan 2026 01:26:45.594   -31.90481063930876         -117.2927081881294          540.5086800908812          6912.70577244488          0.0008584524138430968     01 Jan 2026 01:26:45.594   81.88206373978329          170.6644562363014           558.9621831281111          6916.144210115326         0.0014115093180476        01 Jan 2026 01:26:45.594   -26.73153237999314         54.2044153307307            541.9743514383899          6915.81113082204          0.001423510320537243      
01 Jan 2026 01:27:36.222   -28.74658189804613         -118.0641657207704          539.7272100947321          6912.947257880331         0.0007606195082140601     01 Jan 2026 01:27:36.222   82.50154254677368          147.4485940622338           558.6447328150889          6915.764050404489         0.001309035187207553      01 Jan 2026 01:27:36.222   -29.89317886994447         53.45488886798038           542.6940571788646          6915.550198399596         0.001327694326267817      
01 Jan 2026 01:28:28.770   -25.46442811389616         -118.8304146818872          538.9691000608946          6913.177708257175         0.0006613591783978627     01 Jan 2026 01:28:28.770   81.80017862453576          123.5496102254329           558.2187802764756          6915.409459127342         0.001193054914341445      01 Jan 2026 01:28:28.770   -33.17026501598729         52.63987357270203           543.5269256168649          6915.297159279849         0.001215382528591911      
01 Jan 2026 01:29:21.579   -22.16221694708483         -119.5714348652186          538.2725588728545          6913.386348976183         0.0005645645356704615     01 Jan 2026 01:29:21.579   80.00426040894669          105.6608166488474           557.6937051520272          6915.09521732239          0.001067153536342097      01 Jan 2026 01:29:21.579   -36.45841871115162         51.77455055536463           544.4399544576327          6915.06351796831          0.001090572906459557      
01 Jan 2026 01:30:11.883   -19.01365740428179         -120.2551995543227          537.6793075430669          6913.561802040915         0.0004754904099438814     01 Jan 2026 01:30:11.883   77.70339448654595          94.28374216922425           557.1062971373594          6914.835840255673         0.0009391268443269449     01 Jan 2026 01:30:11.883   -39.58498668955799         50.89775219451922           545.3686406491224          6914.862469669751         0.0009618233548833888     
01 Jan 2026 01:31:04.358   -15.72654296381284         -120.9499326904965          537.1421507930245          6913.718872001321         0.0003859746260616829     01 Jan 2026 01:31:04.358   74.97667312396921          86.28751217349667           556.4075127536062          6914.607213917846         0.0007979188506895298     01 Jan 2026 01:31:04.358   -42.83980069636945         49.91623729194843           546.3858641016986          6914.677437814156         0.0008186654438667871     
01 Jan 2026 01:31:57.119   -12.4193124053895          -121.6333410592581          536.6939031385773          6913.84853491029          0.0002993795661229184     01 Jan 2026 01:31:57.119   72.04913307286415          80.67045212301483           555.6225720516441          6914.42060920373          0.0006489792854290616     01 Jan 2026 01:31:57.119   -46.10426975040341         48.84444936112195           547.4449161603425          6914.51917900862          0.0006671257727478074     
01 Jan 2026 01:32:47.582   -9.254421153237695         -122.276172555654           536.3573643884392          6913.94484317869          0.0002194353046179141     01 Jan 2026 01:32:47.582   69.14595543346385          76.70227935270026           554.8015747840791          6914.282496724038         0.0005009683755990316     01 Jan 2026 01:32:47.582   -49.21771681781014         47.72004390136864           548.4790096138495          6914.396019110591         0.0005165094142831614     
01 Jan 2026 01:33:40.062   -5.961819854786871         -122.9366283285787          536.1079018882547          6914.015299290782         0.0001387565309236471     01 Jan 2026 01:33:40.062   66.05908316185459          73.51483752934243           553.8834161444738          6914.180198676118         0.0003424127560792789     01 Jan 2026 01:33:40.062   -52.44452692576011         46.42078576884753           549.5629977553017          6914.299320917034         0.0003555291729735608     
01 Jan 2026 01:34:32.832   -2.650196418093836         -123.5954808024678          535.9639799546994          6914.054919452932         5.961167411776978e-05     01 Jan 2026 01:34:32.832   62.90833685892882          70.96057499431214           552.903859764936           6914.118981994121         0.0001795207492202463     01 Jan 2026 01:34:32.832   -55.67531428241423         44.94315766718684           550.6482613714252          6914.236405066034         0.0001907957917633234     
01 Jan 2026 01:35:23.572   0.5343797237414125         -124.2267665290007          535.9286638490667          6914.063118358525         1.896660152803926e-05     01 Jan 2026 01:35:23.572   59.84751568226128          68.93483959424996           551.9189877675035          6914.098440199807         2.211299832752032e-05     01 Jan 2026 01:35:23.572   -58.76541733552698         43.3110666384951            551.6748494701769          6914.210154112819         3.167257048564884e-05     
01 Jan 2026 01:36:16.096   3.830910565912315          -124.8807464556231          535.999060833723           6914.040650763945         9.569492837798338e-05     01 Jan 2026 01:36:16.096   56.6551526847672           67.15902138667899           550.8665193371307          6914.115399897499         0.0001446909802359328     01 Jan 2026 01:36:16.096   -61.94238810457558         41.33027895665485           552.707722653593           6914.220011875427         0.0001343185816049039     
01 Jan 2026 01:37:08.849   7.141251260703317          -125.5409268901135          536.1782442116682          6913.986618501679         0.0001754691950792211     01 Jan 2026 01:37:08.849   53.4301581680451           65.62000333762731           549.78820086426            6914.169955412151         0.0003095723831408401     01 Jan 2026 01:37:08.849   -65.10327271284532         38.93200059477744           553.7025975057468          6914.269320299601         0.0002984038406699037     
01 Jan 2026 01:38:00.304   10.3691386834214           -126.1909490530424          536.455255282719           6913.904054037262         0.0002552727335747906     01 Jan 2026 01:38:00.304   50.27025300881269          64.29823653287498           548.7285446938404          6914.257623985582         0.0004682398886025915     01 Jan 2026 01:38:00.304   -68.14604016705222         36.03385458906382           554.6211787974826          6914.356672249774         0.0004555323834523298     
01 Jan 2026 01:38:52.914   13.66808221266971          -126.8648730591774          536.8388284505172          6913.789971408948         0.0003394984571725571     01 Jan 2026 01:38:52.914   47.02752160188608          63.08869170492291           547.6503813733443          6914.380453763688         0.0006266514265711142     01 Jan 2026 01:38:52.914   -71.19678631296797         32.2316213354102            555.4974580250082          6914.487042699364         0.0006118553592478697     
01 Jan 2026 01:39:45.657   16.97339950809875          -127.5533189083183          537.3196273540407          6913.646626691843         0.0004270596562973047     01 Jan 2026 01:39:45.657   43.76663521818868          61.98956550836244           546.5886605642982          6914.535107351923         0.0007799884147808653     01 Jan 2026 01:39:45.657   -74.15996689301177         27.11277658196435           556.3029895662821          6914.66010916356          0.0007629404998050125     
01 Jan 2026 01:40:36.760   20.17363918178152          -128.2361717887454          537.8707799218764          6913.481408266438         0.0005150968358015302     01 Jan 2026 01:40:36.760   40.59908107962296          61.01116003050661           545.5914493947694          6914.712862079747         0.0009218290511388318     01 Jan 2026 01:40:36.760   -76.88019265319633         20.15475871597863           557.0062917761998          6914.868632915996         0.0009028886066376786     
01 Jan 2026 01:41:29.361   23.46486776842226          -128.9594425176141          538.5177039129358          6913.285912699327         0.0006089817062470308     01 Jan 2026 01:41:29.361   37.33155355305271          60.07589823854715           544.6108300350443          6914.922178915424         0.001059405592914513      01 Jan 2026 01:41:29.361   -79.40396804877095         9.601482852808696           557.6444329869892          6915.125322281522         0.001039353140290069      
01 Jan 2026 01:42:22.131   26.76323600344153          -129.7106862387082          539.2384491821795          6913.065770569038         0.0007062298456395384     01 Jan 2026 01:42:22.131   34.04730113953776          59.1972631815998            543.6872046916114          6915.15658086722          0.001187358070678054      01 Jan 2026 01:42:22.131   -81.40634278322354         -6.479008810186868          558.1919748281462          6915.425442028849         0.001167665646904723      
01 Jan 2026 01:43:12.616   29.91508445747746          -130.4587733972634          539.9855082506801          6912.834620552107         0.0008016771496055872     01 Jan 2026 01:43:12.616   30.90016637231339          58.40248356844263           542.8720399687154          6915.401410342744         0.00129902483041394       01 Jan 2026 01:43:12.616   -82.42756441550407         -28.08386412518079          558.6254070401828          6915.751958344888         0.001281695947793759      
01 Jan 2026 01:44:05.161   33.19111944100852          -131.2744785896549          540.8118095325963          6912.574946408633         0.0009028457741055646     01 Jan 2026 01:44:05.161   27.62003199294225          57.61440387492782           542.1066417049087          6915.67520072561          0.001402823651345209      01 Jan 2026 01:44:05.161   -82.17823865279375         -52.93558291546821          558.9803618845726          6916.131802691808         0.001390749599530584      
01 Jan 2026 01:44:57.969   36.4783466698696           -132.1406067473816          541.680334724465           6912.296816649664         0.001005529029272761      01 Jan 2026 01:44:57.969   24.3194134707798           56.85547058248944           541.4341726717666          6915.9674210591           0.001493191928693699      01 Jan 2026 01:44:57.969   -80.69225286884546         -73.11037577149034          559.2373895946412          6916.55338954447          0.001490006514162024      
01 Jan 2026 01:45:48.368   39.61004805782284          -133.0200073308313          542.533092881944           6912.01776107097          0.001103526974013878      01 Jan 2026 01:45:48.368   21.16610765590812          56.15653348941249           540.8926251623443          6916.260038185019         0.001565418396298652      01 Jan 2026 01:45:48.368   -78.54926111594082         -86.22296306842389          559.3899998060097          6916.991496971815         0.001574771236922406      
01 Jan 2026 01:46:40.840   42.86390988069953          -134.0026579749976          543.433097259609           6911.715717684399         0.001204467726207118      01 Jan 2026 01:46:40.840   17.88026129530926          55.45028592067955           540.4418872328415          6916.576712051591         0.001625205771023522      01 Jan 2026 01:46:40.840   -75.91472039728743         -95.32996109641915          559.4546336682606          6917.482855396531         0.00165249884905677       
01 Jan 2026 01:47:33.611   46.1283175290208           -135.076069188648           544.3375737097322          6911.402880485261         0.00130366485634316       01 Jan 2026 01:47:33.611   14.57334837829655          54.75773233636396           540.1129951667253          6916.905373106471         0.001668767834158827      01 Jan 2026 01:47:33.611   -73.04030972531993         -101.6214512523613          559.4260476622248          6918.011013841111         0.001719769755797021      
01 Jan 2026 01:48:24.022   49.23801865566112          -136.2008930616391          545.1886346773927          6911.098156329598         0.001395087945735936      01 Jan 2026 01:48:24.022   11.41253156667622          54.10913739256046           539.921602309817           6917.226958263938         0.001694382324878785      01 Jan 2026 01:48:24.022   -70.17316874515905         -105.9902179743201          559.3154998722348          6918.545031845222         0.001773857681904662      
01 Jan 2026 01:49:16.469   52.46251048827558          -137.5012713365318          546.0479205963384          6910.77776049393          0.001485508948265485      01 Jan 2026 01:49:16.469   8.122666119506098          53.44446751987009           539.8549122660688          6917.56758937565          0.001704141633354312      01 Jan 2026 01:49:16.469   -67.11253001316118         -109.4535944391771          559.1199561548228          6919.128458053717         0.001819701652221851      
01 Jan 2026 01:50:09.211   55.69140459329044          -138.9804182496898          546.872353075526           6910.45490400981          0.001570343481937407      01 Jan 2026 01:50:09.211   4.813509182417582          52.78333904808163           539.9277142375304          6917.914613987471         0.001696516852159917      01 Jan 2026 01:50:09.211   -63.98225418908887         -112.1967710713311          558.8476454977363          6919.740696632831         0.001855282851162544      
01 Jan 2026 01:50:59.993   58.78418535880149          -140.6168150473486          547.6169131422494          6910.146000158715         0.001645082255107015      01 Jan 2026 01:50:59.993   1.626862483637459          52.15082140339657           540.1323229586824          6918.251522272666         0.001672828340065541      01 Jan 2026 01:50:59.993   -60.93379966966275         -114.3540888150391          558.5215298287276          6920.351270363879         0.001879829240614389      
01 Jan 2026 01:51:52.530   61.96212896751592          -142.6022441757829          548.3248928791882          6909.831054810154         0.001714071735942281      01 Jan 2026 01:51:52.530   -1.669750002946453         51.49784658698626           540.4832940078386          6918.601580064242         0.001631913687421088      01 Jan 2026 01:51:52.530   -57.75433644779154         -116.2284850783227          558.1271450200502          6921.001240715133         0.001895503276764831      
01 Jan 2026 01:52:45.309   65.12497148630062          -145.007684026627           548.9614232462181          6909.52194490654          0.001773735533826257      01 Jan 2026 01:52:45.309   -4.98097524983498          50.84044859935092           540.9772695108841          6918.953618785442         0.001574826153763131      01 Jan 2026 01:52:45.309   -54.54039328714903         -117.8417900179831          557.6826037345982          6921.669249792676         0.001901643260029705      
01 Jan 2026 01:53:36.832   68.17225651028535          -147.9186753561799          549.5008674954615          6909.229576520515         0.001821665506560767      01 Jan 2026 01:53:36.832   -8.212350162912891         50.19454292783092           541.5933453121115          6919.296678503788         0.001504823633003196      01 Jan 2026 01:53:36.832   -51.38806302860019         -119.2200604657416          557.212323577909           6922.332163715788         0.001898702202162068      
01 Jan 2026 01:54:29.473   71.22520035394601          -151.7378751856069          549.9595722366394          6908.942659228847         0.001859212441429277      01 Jan 2026 01:54:29.473   -11.51231536548202         49.5274218835516            542.3548443469372          6919.645796935249         0.001420434228417637      01 Jan 2026 01:54:29.473   -48.15518107084177         -120.4737591631115          556.7059440425483          6923.016564441187         0.001886942972452201      
01 Jan 2026 01:55:22.233   74.18934970869641          -156.8824392663398          550.3177842790465          6908.669118742599         0.001884475789218338      01 Jan 2026 01:55:22.233   -14.81765585923334         48.84830658455081           543.2457780297646          6919.993709941724         0.001325177574767505      01 Jan 2026 01:55:22.233   -44.9049473020896          -121.6074960907097          556.1838670079296          6923.705652721759         0.001866638683037625      
01 Jan 2026 01:56:13.594   76.92179233220207          -163.9214199040992          550.5626442543034          6908.418088654037         0.001896559433169744      01 Jan 2026 01:56:13.594   -18.03292509052838         48.17376175609994           544.2284984722155          6920.330109039711         0.001225308798098759      01 Jan 2026 01:56:13.594   -41.7327889934027          -122.6172975519908          555.6730732444412          6924.375572674673         0.001839012468660289      
01 Jan 2026 01:57:06.105   79.43628362835005          -174.540579517698           550.7020735014494          6908.178581520815         0.001895677446864747      01 Jan 2026 01:57:06.105   -21.31720127509272         47.46661828947155           545.3419638726637          6920.671502573602         0.001120351378074591      01 Jan 2026 01:57:06.105   -38.48261011431642         -123.5726569988097          555.1599349459548          6925.055574319296         0.001803073431119263      
01 Jan 2026 01:57:58.840   81.42636369731862          169.2696192350186           550.7256152979944          6907.956863478748         0.001881002072112661      01 Jan 2026 01:57:58.840   -24.61186409895435         46.73428363774934           546.5603606361447          6921.011730802903         0.001018345591896127      01 Jan 2026 01:57:58.840   -35.21254007634004         -124.4683846309134          554.6656419139308          6925.729427876615         0.001759469846296819      
01 Jan 2026 01:58:49.580   82.43017945585144          147.4404585028685           550.6360640380735          6907.762361075442         0.001853692898374154      01 Jan 2026 01:58:49.580   -27.7780776008276          46.00386471957185           547.8165336435331          6921.33673884636          0.0009315860620111493     01 Jan 2026 01:58:49.580   -32.06114712146171         -125.2809413510227          554.2207360908287          6926.365529383917         0.001710707289557545      
01 Jan 2026 01:59:42.089   82.14910290322617          122.6333746725317           550.4269393105651          6907.581342966766         0.001811835208673191      01 Jan 2026 01:59:42.089   -31.05007771224895         45.21555140999347           549.1907488806855          6921.6709006201           0.0008645059104380002     01 Jan 2026 01:59:42.089   -28.79549344016272         -126.0799732206637          553.8027274914575          6927.007389412932         0.001653542519701932      
01 Jan 2026 02:00:34.803   80.64134487159889          102.6322463326301           550.0987826071469          6907.420913558846         0.001756102468912799      01 Jan 2026 02:00:34.803   -34.32958038066872         44.38382268463919           550.6328388243455          6922.004532921224         0.0008326894144141467     01 Jan 2026 02:00:34.803   -25.51316894019737         -126.8468819936031          553.4367886897917          6927.631292568435         0.001589678522274488      
01 Jan 2026 02:01:25.176   78.48438661571812          89.63488641597969           549.6768019247402          6907.287822273247         0.001690358102752486      01 Jan 2026 02:01:25.176   -37.45786149330748         43.54314331552077           552.0561674802111          6922.322088429283         0.0008442728218392634     01 Jan 2026 02:01:25.176   -22.37346472818905         -127.5526086725417          553.1462949990373          6928.205063788099         0.001523025191743976      
01 Jan 2026 02:02:17.598   75.84105037385152          80.60639714656912           549.1289854330789          6907.170320186357         0.001609515115522452      01 Jan 2026 02:02:17.598   -40.70681820568416         42.61021306695881           553.5701276533709          6922.651803278835         0.0009015864168748058     01 Jan 2026 02:02:17.598   -19.1032947496597          -128.2640280351332          552.9137710663381          6928.775715013771         0.001448414225394936      
01 Jan 2026 02:03:10.361   72.95754955662112          74.35710006243536           548.471080779299           6907.073449428474         0.001516073585984016      01 Jan 2026 02:03:10.361   -43.96914175437681         41.59788061689434           555.1125916200554          6922.983501962948         0.0009996125996640369     01 Jan 2026 02:03:10.361   -15.80955331852047         -128.9609041274972          552.7591686473652          6929.31977358895          0.001368741873657861      
01 Jan 2026 02:04:00.738   70.08382873873563          70.01545671969836           547.7495294060873          6907.000531175258         0.001416385779122215      01 Jan 2026 02:04:00.738   -47.07559661068446         40.54642375213001           556.5885442745293          6923.300667803049         0.001121468382987226      01 Jan 2026 02:04:00.738   -12.66301641510101         -129.612047047063           552.6919181220837          6929.808252293088         0.001289455939194211      
01 Jan 2026 02:04:53.088   67.02009388476138          66.57380764255878           546.9108760160989          6906.944304781717         0.001302972393238901      01 Jan 2026 02:04:53.088   -50.29364784913289         39.34394871576785           558.1109447087192          6923.631384975682         0.00126763573769968       01 Jan 2026 02:04:53.088   -9.391861538934073         -130.2774120616133          552.710184678851           6930.281376843961         0.001205281772222192      
01 Jan 2026 02:05:45.765   63.88454020943898          63.84329382024969           545.9848633036572          6906.906881810522         0.001179952594871124      01 Jan 2026 02:05:45.765   -53.51943292379642         37.99084199054591           559.6162056554776          6923.965972742042         0.001426640634547016      01 Jan 2026 02:05:45.765   -6.099326342917833         -130.9385360807118          552.8230256752104          6930.719778133789         0.001120977783795185      
01 Jan 2026 02:06:36.236   60.84572831701645          61.7039471399985            545.0301093858125          6906.887954432553         0.001054992337794915      01 Jan 2026 02:06:36.236   -56.59598547448192         36.52110248990402           561.0196293969802          6924.288820687042         0.001584269034580005      01 Jan 2026 02:06:36.236   -2.944165845002002         -131.566898026375           553.0222677749316          6931.102594327085         0.001043484232113377      
01 Jan 2026 02:07:28.708   57.66031580307391          59.8341383447223            543.9785667385313          6906.884519000819         0.0009192169120520357     01 Jan 2026 02:07:28.708   -59.77605656567044         34.75717108645362           562.4246604818072          6924.627348886332         0.001748888153506179      01 Jan 2026 02:07:28.708   0.3361237760446777         -132.2176843710966          553.324860744613           6931.460430573657         0.0009704259644115504     
01 Jan 2026 02:08:21.421   54.43991969191007          58.2240868524986            542.8739546431934          6906.896214392365         0.0007785418882317716     01 Jan 2026 02:08:21.421   -62.94620079097427         32.65980181627383           563.7672624842698          6924.970844108314         0.001911206462550755      01 Jan 2026 02:08:21.421   3.631076249756497          -132.8717051152537          553.7262609881755          6931.777460122797         0.0009101912659442889     
01 Jan 2026 02:09:12.636   51.29570254413456          56.85418067469737           541.766912189818           6906.920509903259         0.0006397298408133802     01 Jan 2026 02:09:12.636   -65.99456873490875         30.19036775516479           564.9934648443168          6925.308190648696         0.00206300220475219       01 Jan 2026 02:09:12.636   6.831603893218041          -133.5100859751957          554.2078078268396          6932.043869826543         0.0008704887890441171     
01 Jan 2026 02:10:05.149   48.05905184063351          55.60282325172523           540.6105034989359          6906.95689637839          0.0004978235296693082     01 Jan 2026 02:10:05.149   -69.07458332830687         27.02710344317716           566.1592570752673          6925.658006674399         0.002210085360090759      01 Jan 2026 02:10:05.149   10.11207878953825          -134.1705229682346          554.7917957670443          6932.273906741996         0.0008553179526476075     
01 Jan 2026 02:10:57.818   44.80217576892682          54.47004204215015           539.442962436483           6907.003181970223         0.0003601746552560883     01 Jan 2026 02:10:57.818   -72.0947235440412          22.90093029675698           567.2249159993025          6926.012903753978         0.002346751675573308      01 Jan 2026 02:10:57.818   13.40053958695906          -134.8419231538564          555.4642955902746          6932.460541423407         0.0008705974891614141     
01 Jan 2026 02:11:49.188   41.61688519082367          53.45897789909732           538.3103948188727          6907.055902920422         0.0002397999023688948     01 Jan 2026 02:11:49.188   -74.93553130657476         17.45005963528485           568.1554304305264          6926.362867766863         0.002467836497061507      01 Jan 2026 02:11:49.188   16.6058832385308           -135.5086485721055          556.1978168186552          6932.600156912205         0.0009159470364615807     
01 Jan 2026 02:12:41.764   38.34926756461048          52.50135901140624           537.1715743393297          6907.115665290782         0.0001622688778520761     01 Jan 2026 02:12:41.764   -77.66166554774112         9.510582685390744           568.9885983696695          6926.724669920894         0.002577776967419491      01 Jan 2026 02:12:41.764   19.88385507435834          -136.2067401685891          557.0203248425223          6932.700099871549         0.0009909292189621702     
01 Jan 2026 02:13:34.455   35.0677500470043           51.60521728301536           536.0648819134994          6907.179480488556         0.0001881229610053455     01 Jan 2026 02:13:34.455   -80.059913381109           -2.40045560364615           569.6961163792803          6927.090487232233         0.002672512495159446      01 Jan 2026 02:13:34.455   23.16599651026613          -136.9264358729089          557.9086074373627          6932.75741681181          0.00109013182032896       
01 Jan 2026 02:14:25.136   31.90589727873585          50.79238988377749           535.0459897868741          6907.242740519508         0.0002787399126581848     01 Jan 2026 02:14:25.136   -81.77553200155479         -19.53433695314134          570.2514690517755          6927.444763850179         0.002748095270699587      01 Jan 2026 02:14:25.136   26.31958727027892          -137.6420555333358          558.8140301905969          6932.773046799416         0.001202982344393157      
01 Jan 2026 02:15:17.671   28.62345437985525          49.99161679809524           534.0498250826013          6907.308428597909         0.0003876780812815195     01 Jan 2026 02:15:17.671   -82.49952133913253         -43.26298263511548          570.6941359810908          6927.813646419798         0.002809608332809412      01 Jan 2026 02:15:17.671   29.58450807054194          -138.4133903072077          559.79471053212            6932.749633250415         0.001332875899910291      
01 Jan 2026 02:16:10.372   25.32608316682827          49.22343928631036           533.1242265273431          6907.372659905591         0.0004952412890017157     01 Jan 2026 02:16:10.372   -81.86236358924137         -67.33431098425741          571.000230986213           6928.18432715663          0.002853561590175727      01 Jan 2026 02:16:10.372   32.85522968281801          -139.2239319348147          560.8099159730145          6932.687170258075         0.001471883406149115      
01 Jan 2026 02:17:00.710   22.17295082774661          48.51670442997611           532.3198725441389          6907.430892595028         0.0005909552591692198     01 Jan 2026 02:17:00.710   -80.21559274474644         -84.8024921356901           571.1631656524823          6928.537780854213         0.002878641646513005      01 Jan 2026 02:17:00.710   35.97439575987793          -140.0398405255852          561.7974074348294          6932.592705888675         0.001609253450718364      
01 Jan 2026 02:17:53.224   18.88026094997137          47.80236284607131           531.5740104844481          6907.48690518015          0.0006807426129016971     01 Jan 2026 02:17:53.224   -77.86120938810517         -97.0470043878066           571.1994645963805          6928.904456584944         0.002887108513745164      01 Jan 2026 02:17:53.224   39.22263088113858          -140.9438646097076          562.8336142004555          6932.459824564464         0.001754238937598016      
01 Jan 2026 02:18:45.876   15.57610295297131          47.10511927153977           530.9311351068527          6907.536840374542         0.000758666908576235      01 Jan 2026 02:18:45.876   -75.15201646193063         -105.2306478146006          571.1014641186975          6929.268331843396         0.002877567732027584      01 Jan 2026 02:18:45.876   42.47265107500248          -141.9164913880683          563.8655510958197          6932.293520735409         0.001898587895246504      
01 Jan 2026 02:19:36.215   12.41499683476563          46.45255396098817           530.4223297029712          6907.577638407088         0.0008206346014047398     01 Jan 2026 02:19:36.215   -72.38247661622557         -110.7224315289184          570.8857915171002          6929.610974577281         0.002851862596744054      01 Jan 2026 02:19:36.215   45.57255192899643          -142.9226893366615          564.8330982533589          6932.105680904298         0.002033390056194393      
01 Jan 2026 02:20:28.744   9.114509376671085          45.78273769287066           530.0081910883691          6907.61200600231          0.000871296610440303      01 Jan 2026 02:20:28.744   -69.38229539529333         -114.9511352156525          570.5389904915874          6929.961120169717         0.002808258333557714      01 Jan 2026 02:20:28.744   48.79853420279874          -144.0715502843703          565.8099064036878          6931.881919676095         0.002168629308306578      
01 Jan 2026 02:21:21.470   5.800315368973542          45.11861425098624           529.7176967485411          6907.637288401995         0.0009070527008806992     01 Jan 2026 02:21:21.470   -66.29958423742154         -118.2015218946652          570.0727493543573          6930.302811149695         0.002747968423330079      01 Jan 2026 02:21:21.470   52.02579950882129          -145.3524829799761          566.7434318524156          6931.6312919348           0.002296855342590049      
01 Jan 2026 02:22:12.144   2.614324681592327          44.48521240461268           529.5601941450923          6907.65235271421          0.0009267008490738883     01 Jan 2026 02:22:12.144   -63.29193603265378         -120.6953596974752          569.5208154127395          6930.619821108056         0.002675273356517355      01 Jan 2026 02:22:12.144   55.11506035653713          -146.7375965297587          567.5841349769225          6931.368230808771         0.002411318849564598      
01 Jan 2026 02:23:04.732   -0.692419092882448         43.83007428431241           529.5248865671438          6907.658088155613         0.0009315695193713973     01 Jan 2026 02:23:04.732   -60.13788344867674         -122.8276093020388          568.8495136562378          6930.934671703039         0.002585594648565281      01 Jan 2026 02:23:04.732   58.3050807936054           -148.3826406156135          568.3859571008161          6931.074727764244         0.002519442657592491      
01 Jan 2026 02:23:57.449   -4.007111321894905         43.17273256018192           529.6209279645864          6907.653620040542         0.0009205173300135445     01 Jan 2026 02:23:57.449   -56.9515167797075          -124.6285911602365          568.0862171488216          6931.233358178191         0.002482389927237259      01 Jan 2026 02:23:57.449   61.48191020972347          -150.3136533954607          569.1058071728048          6930.76209716936          0.00261547319779206       
01 Jan 2026 02:24:48.698   -7.228985614210075         42.53033738650362           529.8392899635446          6907.639601193648         0.0008946181901046725     01 Jan 2026 02:24:48.698   -53.83579253207338         -126.1400564522889          567.2682654541213          6931.50504073709          0.002370642751888238      01 Jan 2026 02:24:48.698   64.54355652613825          -152.5599466597217          569.71458465263            6930.442915404318         0.002695718105311372      
01 Jan 2026 02:25:41.351   -10.53806372325953         41.86397678026161           530.1891638172674          6907.615632934606         0.0008528001546114074     01 Jan 2026 02:25:41.351   -50.62010236512716         -127.5063210074121          566.3618499844661          6931.762440963555         0.002245669014667693      01 Jan 2026 02:25:41.351   67.65096409958593          -155.4005965358157          570.23675012078            6930.10175579837          0.002763567413757108      
01 Jan 2026 02:26:34.104   -13.85185336237075         41.18673070717102           530.6628248480692          6907.582503598599         0.0007960192317923847     01 Jan 2026 02:26:34.104   -47.38625706586102         -128.7282750342741          565.3992558378186          6931.995675897238         0.00211187232347947       01 Jan 2026 02:26:34.104   70.70789780208661          -159.0364724493559          570.6460508381715          6929.748878306456         0.00281572976039466       
01 Jan 2026 02:27:25.336   -17.0681161792114          40.51652844218528           531.2350407119129          6907.54238913664          0.0007273892232837818     01 Jan 2026 02:27:25.336   -44.23605954732615         -129.8042025629486          564.4248125112681          6932.196134612105         0.001975547136523565      01 Jan 2026 02:27:25.336   73.59369634669591          -163.7167245225492          570.927131244026           6929.397744581918         0.002850459616816464      
01 Jan 2026 02:28:18.042   -20.37446685845129         39.8104667915362            531.9317718235834          6907.493977291875         0.0006439770010652407     01 Jan 2026 02:28:18.042   -40.98678214483017         -130.8201846149226          563.3947844574795          6932.373141337357         0.001830815770568288      01 Jan 2026 02:28:18.042   76.42262185194581          -170.4088808358524          571.0903453177916          6929.029936747924         0.002869190756151126      
01 Jan 2026 02:29:10.821   -23.68227403922872         39.08232458571507           532.7304183602573          6907.43947599312          0.0005488862291542343     01 Jan 2026 02:29:10.821   -37.72571977940796         -131.7629842610456          562.3488903610678          6932.518314988864         0.001683692085352328      01 Jan 2026 02:29:10.821   79.00479908442921          179.7500122917365           571.1208410524059          6928.656944023775         0.002870233214258023      
01 Jan 2026 02:30:01.540   -26.85756465347346         38.35806252898586           533.5836223345877          6907.382749397621         0.0004485656708183071     01 Jan 2026 02:30:01.540   -34.58592160026321         -132.6117259893883          561.3428313995637          6932.625467873135         0.001542743801187613      01 Jan 2026 02:30:01.540   81.04643025545541          165.5194493311857           571.021546253729           6928.295810271457         0.002854304510777771      
01 Jan 2026 02:30:54.107   -30.14449693766747         37.57639911245704           534.5457469404009          6907.320975937822         0.0003388463510594895     01 Jan 2026 02:30:54.107   -31.32623052815634         -133.4428584407824          560.3119092332936          6932.701035320393         0.001400081769993901      01 Jan 2026 02:30:54.107   82.32614859869334          144.2868130910061           570.7837411534383          6927.920317614788         0.002820246163509606      
01 Jan 2026 02:31:46.824   -33.43605379341189         36.75393457424661           535.5781601872923          6907.257667821015         0.0002315835693579313     01 Jan 2026 02:31:46.824   -28.05228662096051         -134.2355425811246          559.3027900152701          6932.738657616133         0.001264081809336461      01 Jan 2026 02:31:46.824   82.3222163149609           119.2992561773879           570.4069960527122          6927.543964129955         0.002768321234309413      
01 Jan 2026 02:32:37.135   -36.5722933557266          35.92523443797906           536.614610537079           6907.197652204443         0.0001594191797703288     01 Jan 2026 02:32:37.135   -24.92370298836559         -134.9606471253515          558.3741284811458          6932.737371250978         0.001144840193346249      01 Jan 2026 02:32:37.135   81.11193983671689          98.86977506203692           569.9194253952237          6927.186142744042         0.002702528378085631      
01 Jan 2026 02:33:29.606   -39.83710638855352         35.00546401264106           537.7357940272486          6907.137296354194         0.0001812340981358297     01 Jan 2026 02:33:29.606   -21.65711008539474         -135.6900315733636          557.4524227088868          6932.695954229656         0.001036294349540339      01 Jan 2026 02:33:29.606   79.01270012424828          84.01235915244521           569.2803860204704          6926.815378349693         0.002617602058076105      
01 Jan 2026 02:34:22.359   -43.1123677779285          34.01073945351673           538.8906463999901          6907.080840250284         0.0002869677783909013     01 Jan 2026 02:34:22.359   -18.36957937210063         -136.4007972606218          556.5844129501429          6932.611908548025         0.0009489996537873753     01 Jan 2026 02:34:22.359   76.43120636556792          74.15691398522571           568.5078137436449          6926.445935678687         0.002516260792477682      
01 Jan 2026 02:35:12.721   -46.23140034554338         32.98027113055137           540.0058441320771          6907.03271979128          0.0004136986386763853     01 Jan 2026 02:35:12.721   -15.2284116810699          -137.0623506520662          555.8195024035986          6932.491182768769         0.0008911612209868692     01 Jan 2026 02:35:12.721   73.72990073203228          67.7036350152412            567.6539496568976          6926.096940722153         0.002405580849369851      
01 Jan 2026 02:36:05.264   -49.47599728828548         31.80020311696208           541.1687818165183          6906.99042590936          0.0005545186292155508     01 Jan 2026 02:36:05.264   -11.94891602172742         -137.7386115601469          555.0959807400386          6932.322516241406         0.0008611132565697273     01 Jan 2026 02:36:05.264   70.77098441474772          62.84671521771982           566.6490341477929          6925.737114770154         0.0022768841507631        
01 Jan 2026 02:36:58.051   -52.72408409557792         30.47819983967391           542.3225372239403          6906.957985710412         0.0006985182708612073     01 Jan 2026 02:36:58.051   -8.652188141544649         -138.4071572531751          554.4528225653557          6932.10888460448          0.0008627096582405107     01 Jan 2026 02:36:58.051   67.70962140049356          59.18481472336106           565.5307123040875          6925.380260731077         0.002135579188066061      
01 Jan 2026 02:37:48.601   -55.82122987952351         29.04772259841458           543.4007500351699          6906.938107764191         0.0008356803056030651     01 Jan 2026 02:37:48.601   -5.493720598596868         -139.0401528137189          553.9210391166007          6931.862863958547         0.0008911499723911178     01 Jan 2026 02:37:48.601   64.72361850315114          56.43083077636194           564.3669021911201          6925.042961097965         0.00199076248541704       
01 Jan 2026 02:38:41.073   -59.01882691893362         27.34032792248466           544.4794164172063          6906.930768328016         0.0009750369342755096     01 Jan 2026 02:38:41.073   -2.214168224990565         -139.6926212084597          553.4603754736327          6931.565005981288         0.0009428262477950859     01 Jan 2026 02:38:41.073   61.58527340367368          54.10672886519078           563.0734973414728          6924.697340224792         0.001832813046116107      
01 Jan 2026 02:39:33.845   -62.2117977423307          25.31736196575249           545.5099512313227          6906.938689661491         0.00111019060515564       01 Jan 2026 02:39:33.845   1.084773032287327          -140.34695925264            553.0938470338197          6931.22254275647          0.001010900488469084      01 Jan 2026 02:39:33.845   58.40001623044665          52.16019674574268           561.6970895978302          6924.354121898416         0.001668845070608802      
01 Jan 2026 02:40:25.014   -65.27836300431238         22.95335424409447           546.4457556888665          6906.962466935234         0.001234853730733934      01 Jan 2026 02:40:25.014   4.283695706929224          -140.9823336547551          552.8325241239818          6930.850444325933         0.001086524690329717      01 Jan 2026 02:40:25.014   55.29056815685031          50.54683309501495           560.3025979877948          6924.025164355876         0.001508165004661171      
01 Jan 2026 02:41:17.599   -68.38754128553569         19.93778370917157           547.3315762486218          6907.004726790699         0.001354952294453882      01 Jan 2026 02:41:17.599   7.570905799448203          -141.6390177236516          552.6604312394393          6930.428384983195         0.001169348852062617      01 Jan 2026 02:41:17.599   52.07824815707785          49.10000607241989           558.8216863313264          6923.690561046337         0.001345448013420638      
01 Jan 2026 02:42:10.323   -71.44159822143823         16.03468977110781           548.1325736622139          6907.066377684076         0.001465880157284853      01 Jan 2026 02:42:10.323   10.86609304435913          -142.3041623647976          552.5845130217749          6929.966615179693         0.001253973004055819      01 Jan 2026 02:42:10.323   48.84363495527332          47.81438914861409           557.3026681759429          6923.358021090481         0.001190223434893948      
01 Jan 2026 02:43:01.911   -74.33400076056641         10.90318140287505           548.8233276667079          6907.146285294241         0.001564079523712041      01 Jan 2026 02:43:01.911   14.08917047064971          -142.9645223416652          552.6009728764393          6929.479415037859         0.00133576316700827       01 Jan 2026 02:43:01.911   45.6676249574996           46.6813919296527            555.7977361473577          6923.034881476883         0.001053016790154857      
01 Jan 2026 02:43:54.496   -77.11916682273085         3.522039449953792           549.4253857304284          6907.248357602972         0.00165264649984669       01 Jan 2026 02:43:54.496   17.37293815143308          -143.6507035757679          552.7057644575407          6928.94915568461          0.001416261128762238      01 Jan 2026 02:43:54.496   42.4206992872081           45.62733385245859           554.2597893185321          6922.707103063314         0.0009372904406117424     
01 Jan 2026 02:44:47.161   -79.61203087748227         -7.471373747867396          549.9190112854349          6907.371892381202         0.001728830615348025      01 Jan 2026 02:44:47.161   20.65962427660881          -144.3548997211701          552.8940255412354          6928.386732163674         0.001492651005708349      01 Jan 2026 02:44:47.161   39.16052376417363          44.65358675035876           552.7308319552667          6922.379757088298         0.000856594666744379      
01 Jan 2026 02:45:37.848   -81.48543982516971         -23.39641182524772          550.2863752564444          6907.511095960735         0.001789684711291337      01 Jan 2026 02:45:37.848   23.8204593054827           -145.0526819026354          553.1473893534521          6927.81857027223          0.001561283486319082      01 Jan 2026 02:45:37.848   36.01593821255523          43.77922800451339           551.2843086104049          6922.064943455078         0.0008210265628802364     
01 Jan 2026 02:46:30.291   -82.4553582246958          -46.24293791448268          550.5521745852602          6907.676002660831         0.001839286715429798      01 Jan 2026 02:46:30.291   27.08778925796251          -145.8000691135652          553.4761756023827          6927.2060961842           0.001626580251879648      01 Jan 2026 02:46:30.291   32.75621540006449          42.9276066289902            549.8280007807953          6921.73884556143          0.0008306675588867583     
01 Jan 2026 02:47:22.955   -82.0735578660352          -70.96909262781196          550.7004882397741          6907.862615655991         0.001875105917633439      01 Jan 2026 02:47:22.955   30.36529174983016          -146.5823562102601          553.8655083295625          6926.569216979309         0.001685796524089468      01 Jan 2026 02:47:22.955   29.47713468252866          42.11698027883089           548.4212083054681          6921.410404123213         0.0008820443726351604     
01 Jan 2026 02:48:13.355   -80.58182879115724         -89.75361798056126          550.7310009887942          6908.060334908151         0.001896125528346932      01 Jan 2026 02:48:13.355   33.49802125271925          -147.3672104888039          554.2843523356078          6925.942571547213         0.001736130087702819      01 Jan 2026 02:48:13.355   26.3343056418614           41.37563779675588           547.1399961861471          6921.094701680799         0.0009594319998321145     
01 Jan 2026 02:49:05.755   -78.31348973095496         -103.0025990712379          550.6485184939684          6908.284848978265         0.001904268972821052      01 Jan 2026 02:49:05.755   36.75025851699746          -148.2287550474639          554.7574474924713          6925.276927797707         0.00178156364027909       01 Jan 2026 02:49:05.755   23.06259497831021          40.63428568960394           545.8881196545026          6920.764674699637         0.001057148981643013      
01 Jan 2026 02:49:58.442   -75.63753868458352         -111.8250264000686          550.4510614218889          6908.528913409117         0.001898585862819927      01 Jan 2026 02:49:58.442   40.01480798410153          -149.1521028386274          555.2606867197537          6924.596915088676         0.00181985980177513       01 Jan 2026 02:49:58.442   19.76902836872375          39.91357851195976           544.7237275074413          6920.430708880812         0.001163015851977515      
01 Jan 2026 02:50:48.708   -72.88398135137811         -117.6727366357765          550.1596603880307          6908.777543809532         0.001880564734000697      01 Jan 2026 02:50:48.708   43.12319194069024          -150.098283149479           555.7557486660417          6923.941833308219         0.001849220334781801      01 Jan 2026 02:50:48.708   16.62378160116397          39.24473510733714           543.7112801908625          6920.11000147731          0.001264127140231166      
01 Jan 2026 02:51:41.076   -69.89426649163006         -122.127943654353           549.7545832297228          6909.051352484387         0.001849244086644839      01 Jan 2026 02:51:41.076   46.35421771661222          -151.1677041303825          556.275644013178           6923.256635232324         0.001872072918080846      01 Jan 2026 02:51:41.076   13.34422228841946          38.56339865286596           542.7680890613556          6919.773739721505         0.001364386695725407      
01 Jan 2026 02:52:33.756   -66.80925278906363         -125.5327707801462          549.2496025852834          6909.340102534427         0.00180553220040627       01 Jan 2026 02:52:33.756   49.59536760516955          -152.3508519263823          556.7910594481054          6922.568582549459         0.001886791617506444      01 Jan 2026 02:52:33.756   10.04289564621285          37.89034237907995           541.9425480195296          6919.433497564502         0.001456178341531258      
01 Jan 2026 02:53:24.167   -63.80887947034186         -128.1175262752745          548.682490823674           6909.626953384941         0.001753040522656927      01 Jan 2026 02:53:24.167   52.68677942131732          -153.6103826554502          557.2661932596639          6921.915025417919         0.001892812169892471      01 Jan 2026 02:53:24.167   6.881941765809265          37.2547317890366            541.2747628230672          6919.106408343419         0.001532893182201249      
01 Jan 2026 02:54:16.633   -60.65139446101214         -130.3226029901508          548.0142566907671          6909.934188554497         0.001688295056158018      01 Jan 2026 02:54:16.633   55.8910665331024           -155.0908019169613          557.7307371202496          6921.24375013494          0.001890381551996619      01 Jan 2026 02:54:16.633   3.590870323476242          36.59904319380547           540.7119471676133          6918.765019035823         0.001599199902886604      
01 Jan 2026 02:55:09.335   -57.45362617140176         -132.1800349321488          547.2732468869235          6910.24926708809          0.001613967573810186      01 Jan 2026 02:55:09.335   59.09274009249685          -156.8054347460163          558.1555981023776          6920.582477389317         0.001878677229502703      01 Jan 2026 02:55:09.335   0.2841646629171161         35.94348315655485           540.2861136402353          6918.421891769983         0.001650440313772571      
01 Jan 2026 02:56:00.414   -54.33535797806417         -133.7280979640516          546.4990488993535          6910.558334212094         0.001534179777315212      01 Jan 2026 02:56:00.414   62.17470206544919          -158.7583749050773          558.5174283723909          6919.957600494594         0.001858160249136534      01 Jan 2026 02:56:00.414   -2.921138675386282         35.30831716805147           540.0088807099746          6918.090079309858         0.001684423321683204      
01 Jan 2026 02:56:52.984   -51.11092752322717         -135.1253623728781          545.6564824353345          6910.877526579783         0.001445342351000309      01 Jan 2026 02:56:52.984   65.31714201676121          -161.1793754172466          558.8289111982913          6919.33454218522          0.001827313062284584      01 Jan 2026 02:56:52.984   -6.219810623085134         34.65206277282336           539.8633079988867          6917.750542635572         0.001702627989548711      
01 Jan 2026 02:57:45.706   -47.86464107818479         -136.3726204014663          544.7773725142824          6911.195973654494         0.001350708741356155      01 Jan 2026 02:57:45.706   68.4265107852118           -164.2018008928479          559.0704149893754          6918.733528419266         0.001786186073770592      01 Jan 2026 02:57:45.706   -9.527448676247332         33.98838070677969           539.8584926950216          6917.413405292775         0.00170345183512497       
01 Jan 2026 02:58:37.411   -44.67089308248509         -137.4783432708082          543.8946865877524          6911.50387576522          0.001253811378366998      01 Jan 2026 02:58:37.411   71.41522463745451          -168.0186466555845          559.2306795959703          6918.170444919149         0.001735718230363594      01 Jan 2026 02:58:37.411   -12.7702633586942          33.32913385354965           539.9883259824564          6917.08760310248          0.001687231375677929      
01 Jan 2026 02:59:30.103   -41.40759090769048         -138.5099703846792          542.9873723604614          6911.810317702902         0.001152216823702427      01 Jan 2026 02:59:30.103   74.36394540369606          -173.2467136244132          559.3093251548371          6917.62642362901          0.0016738012898056        01 Jan 2026 02:59:30.103   -16.07338000119176         32.64551823367589           540.2533026188485          6916.762262578683         0.001653529109543767      
01 Jan 2026 03:00:22.871   -38.13216240285639         -139.4655934076118          542.0842156505905          6912.106921366315         0.001048888969982574      01 Jan 2026 03:00:22.871   77.15219095497031          179.336234767406            559.2969371047802          6917.114511518554         0.001601103826987745      01 Jan 2026 03:00:22.871   -19.37912601741982         31.945350598572             540.6468487549073          6916.445148408982         0.001602813000679627      
01 Jan 2026 03:01:13.737   -34.96876282774337         -140.327109234567           541.2312479264328          6912.380455088464         0.0009489367876954693     01 Jan 2026 03:01:13.737   79.56032052655773          168.7768752672111           559.1947355781813          6916.65452367394          0.001520909674448863      01 Jan 2026 03:01:13.737   -22.56315783050863         31.25182671229363           541.1405972455541          6916.149666689896         0.001538432182838584      
01 Jan 2026 03:02:06.275   -31.69580754467362         -141.1666750822478          540.3808925614358          6912.647610035389         0.0008464212869204062     01 Jan 2026 03:02:06.275   81.50550647718363          152.3421731264159           558.9934584735429          6916.215968286961         0.001427760952749331      01 Jan 2026 03:02:06.275   -25.84885115046805         30.51175436932023           541.7599535261688          6915.857112271633         0.001456739819220596      
01 Jan 2026 03:02:59.070   -28.40203122807968         -141.9680279361585          539.5701426664227          6912.897757745457         0.0007451256114894687     01 Jan 2026 03:02:59.070   82.46773424270175          129.2982089439695           558.691905656241           6915.814520461936         0.001323830228135407      01 Jan 2026 03:02:59.070   -29.14679038704624         29.73834609044158           542.4843295678311          6915.578376297278         0.001360057759879794      
01 Jan 2026 03:03:49.465   -25.25392989967757         -142.700419694704           538.8480533345673          6913.117169493299         0.0006507937725650011     01 Jan 2026 03:03:49.465   82.11301044143303          105.5944733483256           558.3113133068073          6915.469395614548         0.001215293219871945      01 Jan 2026 03:03:49.465   -32.29080071538998         28.96625526292932           543.2609366063471          6915.32876974963          0.001255154427044857      
01 Jan 2026 03:04:41.976   -21.97009274195419         -143.4357782030636          538.1600660816384          6913.323503971589         0.000555544744950117      01 Jan 2026 03:04:41.976   80.57175226200199          85.95918337440754           557.8199146382467          6915.150468925515         0.00109297541660616       01 Jan 2026 03:04:41.976   -35.56189146757842         28.11905438863075           544.1471016473379          6915.08813962296          0.001133935654974221      
01 Jan 2026 03:05:34.750   -18.66662711251118         -144.1515140885235          537.5447736312908          6913.505944803371         0.0004633248640686032     01 Jan 2026 03:05:34.750   78.28214287949798          72.69013624642785           557.2315773799364          6914.872583678823         0.0009611739821708405     01 Jan 2026 03:05:34.750   -38.84358831188023         27.21415990092219           545.104268293835           6914.868740755342         0.001001198254184509      
01 Jan 2026 03:06:25.035   -15.51648257571548         -144.8159677865368          537.0377594636084          6913.654870884669         0.0003788507673516255     01 Jan 2026 03:06:25.035   75.73109884719038          64.25700246215592           556.5870171188199          6914.648014545676         0.0008280124510041003     01 Jan 2026 03:06:25.035   -41.96427324327254         26.29102033289911           546.0661323393433          6914.682880267704         0.0008658730205888048     
01 Jan 2026 03:07:17.558   -12.22393366868017         -145.4955989019941          536.5981697994121          6913.782989715683         0.0002940407949869116     01 Jan 2026 03:07:17.558   72.85708574918959          58.12750070962677           555.8319143529116          6914.455476678739         0.0006818819897866627     01 Jan 2026 03:07:17.558   -45.21639332867547         25.24863020188174           547.1096394484321          6914.515231170162         0.0007167521338222623     
01 Jan 2026 03:08:10.327   -8.914287890591908         -146.1671152004044          536.2554526864369          6913.882219692667         0.0002120143719371135     01 Jan 2026 03:08:10.327   69.84431478253003          53.66174954953114           554.9962182711861          6914.305097968593         0.0005288384872544768     01 Jan 2026 03:08:10.327   -48.47461490312467         24.10144733996761           548.1842450630102          6914.376378548135         0.0005604816254170353     
01 Jan 2026 03:09:00.857   -5.743894143578466         -146.8025763000763          536.0248526950927          6913.948624874002         0.0001360114786973198     01 Jan 2026 03:09:00.857   66.8861669517598           50.39810920772968           554.1314580123644          6914.201077819615         0.0003775147464976415     01 Jan 2026 03:09:00.857   -51.58442513747934         22.88490187920475           549.2249679943679          6914.273303533086         0.0004062582905019159     
01 Jan 2026 03:09:53.383   -2.447477989379249         -147.4582467385418          535.8897127382497          6913.987322287299         5.975854776666118e-05     01 Jan 2026 03:09:53.383   63.76087806604082          47.70489866821879           553.1749060848215          6914.133622930854         0.0002165627469369131     01 Jan 2026 03:09:53.383   -54.80429904398733         21.46408950256752           550.3057000999934          6914.199202649394         0.0002427428514922541     
01 Jan 2026 03:10:46.145   0.864075135920008          -148.1147319878442          535.863223831012           6913.994698856553         2.742899528833681e-05     01 Jan 2026 03:10:46.145   60.58549380059702          45.49741818406931           552.1654840614892          6914.106516943702         5.381184517797135e-05     01 Jan 2026 03:10:46.145   -58.02230818536231         19.8286539249251            551.3768786076098          6914.160632751003         7.694675401474351e-05     
01 Jan 2026 03:11:37.033   4.057927849937848          -148.7485885584836          535.9418008843923          6913.971852190268         9.732538030250378e-05     01 Jan 2026 03:11:37.033   57.49785784973244          43.70705126873212           551.1566968702855          6914.117684848833         0.0001092719210371645     01 Jan 2026 03:11:37.033   -61.1062218425453          17.98896531813289           552.3841814189027          6914.159166545792         8.408374788249002e-05     
01 Jan 2026 03:12:29.595   7.356240853413032          -149.4067966593388          536.1291721293073          6913.917612277293         0.0001753262799768273     01 Jan 2026 03:12:29.595   54.28911513447817          42.11551535682861           550.090454336947           6914.166120067367         0.0002732243089323818     01 Jan 2026 03:12:29.595   -64.26446972136279         15.72074871076318           553.386071772502           6914.196016721443         0.0002482305945015089     
01 Jan 2026 03:13:22.362   10.66645514688154          -150.0741331104548          536.4231361727798          6913.832396255349         0.0002562448084488946     01 Jan 2026 03:13:22.362   51.05207349124846          40.7170165010951            549.0081115952062          6914.250648141204         0.0004364221406176669     01 Jan 2026 03:13:22.362   -67.39693460062431         12.9158255644917            554.3411484815551          6914.27354869301          0.0004104930194241122     
01 Jan 2026 03:14:13.842   13.89442865843947          -150.7345390943199          536.808059241961           6913.720385342092         0.0003380599430524615     01 Jan 2026 03:14:13.842   47.88179906936296          39.50102249943603           547.9536295685157          6914.365839203624         0.0005923621020693413     01 Jan 2026 03:14:13.842   -70.39963173823683         9.43794067258462            555.2138250827729          6914.389359849909         0.0005649109511065862     
01 Jan 2026 03:15:06.440   17.19052800983861          -151.4221817485855          537.2958346890873          6913.577622567314         0.0004249625890938424     01 Jan 2026 03:15:06.440   44.63240122549637          38.37736651503928           546.8912363684449          6914.514774500372         0.0007467156127057371     01 Jan 2026 03:15:06.440   -73.3843261045217          4.737448991647434           556.0359324910123          6914.549431907288         0.0007174721823339733     
01 Jan 2026 03:15:59.178   20.49301158790982          -152.1285360168336          537.8737464854748          6913.407162941891         0.0005156457961277237     01 Jan 2026 03:15:59.178   41.36549251805068          37.34659743002828           545.8550138038554          6914.693517153153         0.0008948320729181909     01 Jan 2026 03:15:59.178   -76.23921129691443         -1.82277525479324           556.7815152803778          6914.75277729088          0.0008640136630498413     
01 Jan 2026 03:16:49.992   23.67220888128524          -152.8291214366421          538.5068459537306          6913.218637077935         0.0006063294238772229     01 Jan 2026 03:16:49.992   38.21066770261552          36.42661723281439           544.8970597930384          6914.89133471434          0.001029767082800567      01 Jan 2026 03:16:49.992   -78.76203599888458         -11.01383984070704          557.4187952863376          6914.989440043011         0.0009981555975457942     
01 Jan 2026 03:17:42.527   26.95570573652148          -153.5788661312867          539.2308489830048          6913.000533300949         0.0007032091885502378     01 Jan 2026 03:17:42.527   34.94265927231709          35.53687040089644           543.9615504758431          6915.119870995879         0.001159776842034196      01 Jan 2026 03:17:42.527   -80.93326636148788         -25.32556444517194          557.9885588994593          6915.275992373484         0.001128694793292933      
01 Jan 2026 03:18:35.283   30.24902850099465          -154.3635437782345          540.0184839471012          6912.759905532575         0.0008031705615682409     01 Jan 2026 03:18:35.283   31.65527210977418          34.69478543410143           543.0912804311502          6915.371461324457         0.001279188792914196      01 Jan 2026 03:18:35.283   -82.28513695551854         -46.33219621984005          558.4654192377675          6915.606092523271         0.001250693427931898      
01 Jan 2026 03:19:25.683   33.39095243719771          -155.1493244838644          540.8170449850168          6912.511958079551         0.0009004949313630646     01 Jan 2026 03:19:25.683   28.51015508244393          33.92986334122539           542.3362314865872          6915.63017258472          0.001381587354718267      01 Jan 2026 03:19:25.683   -82.38185192375394         -70.30630799752595          558.829241701912           6915.960297433362         0.001358153894831714      
01 Jan 2026 03:20:18.172   36.65802123947922          -156.0133192665033          541.6849009497473          6912.237355603432         0.001002886119536402      01 Jan 2026 03:20:18.172   25.23054828000785          33.1670463315663            541.6404919455836          6915.91629856597          0.00147491367885935       01 Jan 2026 03:20:18.172   -81.19900709502468         -92.12831767225261          559.1116264143875          6916.368400694362         0.001460156024544885      
01 Jan 2026 03:21:10.944   39.93669753169939          -156.9391924038754          542.5820662008155          6911.947018703795         0.001105860180638592      01 Jan 2026 03:21:10.944   21.92962565726922          32.42868803225682           541.0448974794654          6916.218741955327         0.001553961361343112      01 Jan 2026 03:21:10.944   -79.1120595065445          -107.4061644854684          559.2964485892244          6916.817529926664         0.001552158833546622      
01 Jan 2026 03:22:01.253   43.05591165017101          -157.8872891682173          543.4482494923423          6911.659433716091         0.00120299577030215       01 Jan 2026 03:22:01.253   18.77987761599523          31.74655872190333           540.5830823841206          6916.518708976849         0.001614650266626774      01 Jan 2026 03:22:01.253   -76.66373518380655         -117.0726206926593          559.3816487678287          6917.28023277418          0.001629807452978193      
01 Jan 2026 03:22:53.700   46.29982793187416          -158.9595977214647          544.3497548052665          6911.351087571819         0.001302005978627904      01 Jan 2026 03:22:53.700   15.49387156396942          31.05370086106506           540.2199501224814          6916.841375930492         0.001661936222998216      01 Jan 2026 03:22:53.700   -73.85626909522914         -123.9739053710557          559.3788318951538          6917.796385380093         0.001700195116178547      
01 Jan 2026 03:23:46.493   49.5556599268785           -160.1469197735368          545.2424699448156          6911.034696054065         0.001398085231752525      01 Jan 2026 03:23:46.493   12.18418731418116          30.3711340408081            539.9834594365811          6917.174362776385         0.001692491461268228      01 Jan 2026 03:23:46.493   -70.88118277939147         -128.9269555597292          559.2858978469176          6918.348317179244         0.001760162802875321      
01 Jan 2026 03:24:36.945   52.65652307989652          -161.409434617384           546.0695287028257          6910.729322996133         0.001485342154038461      01 Jan 2026 03:24:36.945   9.019811022170471          29.7294383708535            539.8837339422189          6917.498462747295         0.001705376754492376      01 Jan 2026 03:24:36.945   -67.95327460552903         -132.4869413518138          559.117904806164           6918.903557444536         0.001807359678978302      
01 Jan 2026 03:25:29.431   55.86890531262921          -162.8929741136852          546.8904600859478          6910.411221840523         0.001570142022374845      01 Jan 2026 03:25:29.431   5.726871488708349          29.06973580555834           539.9149856767135          6917.84001086277          0.001701733210853935      01 Jan 2026 03:25:29.431   -64.85051148569057         -135.3915915220221          558.867671763971           6919.507059157586         0.001846146929473064      
01 Jan 2026 03:26:22.191   59.08064649006694          -164.6129085218562          547.6628389318403          6910.093750834253         0.001647998876924231      01 Jan 2026 03:26:22.191   2.41619507625742           28.41165209857652           540.0876766173224          6918.186268193505         0.00168067372430544       01 Jan 2026 03:26:22.191   -61.69159761431566         -137.7491441290115          558.5465122394844          6920.137051746422         0.00187478706883379       
01 Jan 2026 03:27:13.123   62.15953773123148          -166.5640566300013          548.3470816386607          6909.791981212888         0.00171499424967009       01 Jan 2026 03:27:13.123   -0.7797327546563031        27.77845176727244           540.3896038710536          6918.521974787227         0.001644184671982899      01 Jan 2026 03:27:13.123   -58.61504014356695         -139.6460003573125          558.1787878765581          6920.764084174029         0.001892877050320007      
01 Jan 2026 03:28:05.662   65.30586698248335          -168.9882200572943          548.9791233835622          6909.487991895297         0.001774605305915511      01 Jan 2026 03:28:05.662   -4.076115374927049         27.12461088357495           540.8395069400021          6918.868604807782         0.001590621653037574      01 Jan 2026 03:28:05.662   -55.42052561160757         -141.3175627529795          557.7496719184928          6921.42675509119          0.001902029791179454      
01 Jan 2026 03:28:58.428   68.42306351234288          -172.0197017933213          549.5285257381001          6909.192545542822         0.001823737136772861      01 Jan 2026 03:28:58.428   -7.385782818767185         26.46442778898859           541.4304136475421          6919.216067761722         0.001521659226894675      01 Jan 2026 03:28:58.428   -52.19580584492085         -142.7775534416924          557.2783716276572          6922.104651074646         0.001901860162394073      
01 Jan 2026 03:29:50.203   71.420220061469            -175.852188450687           549.9757740630812          6908.914422223085         0.00186059156231304       01 Jan 2026 03:29:50.203   -10.63185359388022         25.81033728796364           542.1416656325664          6919.5555785206           0.001440751159792995      01 Jan 2026 03:29:50.203   -49.01900804814269         -144.0469188963453          556.7875368506466          6922.777986053235         0.001892929983241101      
01 Jan 2026 03:30:42.838   74.36943227732358          178.9086967457791           550.329599401889           6908.645639462738         0.001885748491003992      01 Jan 2026 03:30:42.838   -13.92998030673732         25.1358606723053            542.9925317922707          6919.898701141134         0.001347203956969147      01 Jan 2026 03:30:42.838   -45.77893128460541         -145.208163975054           556.2712014668377          6923.466808411074         0.001875309161363421      
01 Jan 2026 03:31:35.598   77.15974494357475          171.4668791041514           550.5758156352231          6908.392167142368         0.001897862322351392      01 Jan 2026 03:31:35.598   -17.23351783125485         24.44675630203398           543.9674189505522          6920.240185116912         0.001244998036340258      01 Jan 2026 03:31:35.598   -42.5223646857696          -146.2686127513149          555.7479704255629          6924.157507980724         0.001849350530791547      
01 Jan 2026 03:32:26.687   79.57785838880737          160.8096449267263           550.7059991625647          6908.163444296966         0.001896623055758505      01 Jan 2026 03:32:26.687   -20.42967550754422         23.76346458562929           545.0195222903203          6920.568316298668         0.001141906800311922      01 Jan 2026 03:32:26.687   -39.36181908925558         -147.2161957040583          555.2472587856028          6924.822663507452         0.001816613189503979      
01 Jan 2026 03:33:19.269   81.51729364439301          144.2682286854671           550.725310674592           6907.946529649756         0.001881703025105049      01 Jan 2026 03:33:19.269   -23.71580631209407         23.03962093988685           546.2035252069518          6920.903385098003         0.001037218484680168      01 Jan 2026 03:33:19.269   -36.1027565099452          -148.1254132385197          554.7496266626886          6925.499484153276         0.001775421181878063      
01 Jan 2026 03:34:11.951   82.46277215545946          121.1994728099366           550.6259728624809          6907.749075446412         0.0018527207553105        01 Jan 2026 03:34:11.951   -27.00425475473251         22.28857250543824           547.4814533764084          6921.236528236794         0.0009417901030670066     01 Jan 2026 03:34:11.951   -32.8320284037702          -148.9814893908896          554.280574516546           6926.165720235336         0.001726833917202441      
01 Jan 2026 03:35:02.480   82.08905086444815          97.46082862976907           550.4185935452697          6907.579131627729         0.001811745109602971      01 Jan 2026 03:35:02.480   -30.15408682597147         21.53857997836841           548.781816007383           6921.553896937012         0.0008691819986323621     01 Jan 2026 03:35:02.480   -29.69052463117022         -149.7601995786471          553.8688614741723          6926.789928190859         0.001673655116508135      
01 Jan 2026 03:35:54.903   80.53493396424             77.95020985273797           550.0884079621064          6907.423448895209         0.001755789467951956      01 Jan 2026 03:35:54.903   -33.41705925101983         20.72319508433444           550.1953632121858          6921.88131008152          0.0008256009886286305     01 Jan 2026 03:35:54.903   -26.42726249301426         -150.5319918986185          553.4914010961129          6927.418598513578         0.001612027082650893      
01 Jan 2026 03:36:47.632   78.237790567668            64.76239287719241           549.6406569052215          6907.288311989153         0.001686075932760256      01 Jan 2026 03:36:47.632   -36.69325506893904         19.85654144144091           551.6693766062754          6922.209217308186         0.0008252366808034259     01 Jan 2026 03:36:47.632   -23.14150840965609         -151.277745985732           553.1725211163894          6928.02791479511          0.001543844970834391      
01 Jan 2026 03:37:37.983   75.67697426886633          56.36071928008663           549.1085997043956          6907.179339553061         0.001607451894860725      01 Jan 2026 03:37:37.983   -39.81556103120678         18.97595184564133           553.1122208724501          6922.521551191392         0.0008694372811430748     01 Jan 2026 03:37:37.983   -20.00118101905171         -151.9664529553845          552.9331976648336          6928.585070305204         0.001473462753675898      
01 Jan 2026 03:38:30.425   72.80216453685854          50.26769978889742           548.4512047894559          6907.08641668254          0.001513749847982103      01 Jan 2026 03:38:30.425   -43.06031598863571         17.9913639794137            554.6371694033469          6922.846661300396         0.0009572647858830511     01 Jan 2026 03:38:30.425   -16.72802187378464         -152.6640377176772          552.7592430231034          6929.136702497466         0.001395410036391594      
01 Jan 2026 03:39:23.067   69.79231857179246          45.82688337724907           547.6921860734328          6907.013723910013         0.001408465764064476      01 Jan 2026 03:39:23.067   -46.30888889665697         16.91766935011002           556.1755785977803          6923.173475572282         0.00107845983050859       01 Jan 2026 03:39:23.067   -13.44041826387473         -153.3481259193454          552.6685879069319          6929.658163257825         0.001313226117122042      
01 Jan 2026 03:40:13.334   66.84595075068252          42.58598679900884           546.8822961441247          6906.962838708712         0.001298423826945489      01 Jan 2026 03:40:13.334   -49.40162947575714         15.79299229076615           557.6375958272438          6923.486618967912         0.001215285206068532      01 Jan 2026 03:40:13.334   -10.29969425338322         -153.9896467877541          552.6656399301828          6930.123510191424         0.001232515102571398      
01 Jan 2026 03:41:05.716   63.72578052517665          39.9018646166349            545.9589208662483          6906.928103358193         0.001175054895806845      01 Jan 2026 03:41:05.716   -52.61303522979271         14.49066745361864           559.1392715818492          6923.814697495817         0.001371256878802261      01 Jan 2026 03:41:05.716   -7.025809057522885         -154.6491788568102          552.753502675032           6930.572337274592         0.001148054837518677      
01 Jan 2026 03:41:58.394   60.55208015489668          37.6980816429826            544.9590159592335          6906.910791523072         0.001043416924283288      01 Jan 2026 03:41:58.394   -55.8283043733398          13.00913869763652           560.6122460002643          6924.147071370392         0.001535117958541264      01 Jan 2026 03:41:58.394   -3.732830035524646         -155.3062365961763          552.938202469596           6930.984571953213         0.001065582522092682      
01 Jan 2026 03:42:49.054   57.47503194611768          35.91488342056019           543.9407249089927          6906.909489529967         0.0009111224924578273     01 Jan 2026 03:42:49.054   -58.90371102011752         11.37219021793948           561.9801866131656          6924.469574453975         0.0016944316855464        01 Jan 2026 03:42:49.054   -0.565754114905718         -155.9350133527583          553.208216001156           6931.342447419988         0.0009922665001661545     
01 Jan 2026 03:43:41.561   54.2662585528339           34.32359896933453           542.8386871276507          6906.922491347051         0.0007698329931658726     01 Jan 2026 03:43:41.561   -62.06895898368937         9.382626433885157           563.3343420356014          6924.807266775865         0.001857393162133756      01 Jan 2026 03:43:41.561   2.716510069611351          -156.5862252478759          553.5835139476585          6931.672155940191         0.0009274929097553075     
01 Jan 2026 03:44:34.246   51.0308921533299           32.92589228767554           541.6982023151586          6906.948515144357         0.0006258704352721595     01 Jan 2026 03:44:34.246   -65.21457285202089         6.975553726087598           564.6151404039138          6925.14999926806          0.002015467851884061      01 Jan 2026 03:44:34.246   6.009164489881295          -157.2419419623767          554.0560743679544          6931.959831142835         0.0008802194917294296     
01 Jan 2026 03:45:25.603   47.86479123143903          31.71136325997187           540.5660717541314          6906.984637068384         0.0004860284373365417     01 Jan 2026 03:45:25.603   -68.24022858564859         4.0685825552099             565.7770243969608          6925.488106012785         0.002161746211554843      01 Jan 2026 03:45:25.603   9.217728378271241          -157.8861213259586          554.6062530037771          6932.198029846766         0.0008575916671128406     
01 Jan 2026 03:46:18.150   44.61487962311891          30.58730250136036           539.4005932360442          6907.030705301321         0.0003477832231114936     01 Jan 2026 03:46:18.150   -71.27524433781969         0.2525473223768442          566.8666531990939          6925.838269158401         0.002301239447366212      01 Jan 2026 03:46:18.150   12.49913183324488          -158.5532978352393          555.2561459344261          6932.398299798353         0.0008636333670119024     
01 Jan 2026 03:47:10.867   41.34553516074235          29.55558120490211           538.238295066586           6907.084215095755         0.000224656972300847      01 Jan 2026 03:47:10.867   -74.22418415555548         -4.887939043183065          567.8493495948942          6926.193805626467         0.002428960738036773      01 Jan 2026 03:47:10.867   15.78911327854193          -159.2340516877166          555.9905085939472          6932.555079801638         0.000901528792456217      
01 Jan 2026 03:48:01.954   38.16996691966376          28.62961669992962           537.1320970545394          6907.141142747764         0.0001550128425124016     01 Jan 2026 03:48:01.954   -76.93022542954905         -11.87492307153682          568.6881613721544          6926.542192056813         0.002539541752127913      01 Jan 2026 03:48:01.954   18.97499382653492          -159.9080459436335          556.773878500986           6932.665165425046         0.0009671060400916877     
01 Jan 2026 03:48:54.478   34.89855966774607          27.7391943655294            536.0291761960007          6907.202938706472         0.000191365926250436      01 Jan 2026 03:48:54.478   -79.43546299160084         -22.44950950963479          569.4273161904975          6926.903923760623         0.002638407654431585      01 Jan 2026 03:48:54.478   22.24761011569253          -160.6195461489316          557.6444828792628          6932.736050395244         0.001059755904431983      
01 Jan 2026 03:49:47.174   31.61068410237911          26.8971993073201            534.9713068539368          6907.26632828246          0.0002912724806400829     01 Jan 2026 03:49:47.174   -81.41975530200149         -38.52803482845052          570.037871358436           6927.269844400686         0.002721425166182387      01 Jan 2026 03:49:47.174   25.52749539133211          -161.3567845364867          558.574673613849           6932.765025526336         0.001172824705840811      
01 Jan 2026 03:50:37.753   28.45005719693876          26.12875053122052           534.0140370953677          6907.326728106792         0.0003983400317305752     01 Jan 2026 03:50:37.753   -82.42944917793925         -60.14374602679156          570.4967875128514          6927.623149782291         0.002785092326397867      01 Jan 2026 03:50:37.753   28.67199111800639          -162.0914136801438          559.510947589597           6932.754286855536         0.001295190481949525      
01 Jan 2026 03:51:30.266   25.16426755141038          25.36480261479583           533.0924557643129          6907.387250055036         0.0005065879766166917     01 Jan 2026 03:51:30.266   -82.17312198565421         -84.88504811874347          570.8391775133878          6927.991133200834         0.002834005298209805      01 Jan 2026 03:51:30.266   31.93236073060463          -162.8881616197345          560.516805025567           6932.704623845163         0.001431938707794197      
01 Jan 2026 03:52:22.945   21.86427496795675          24.6269178563172            532.2534302654813          6907.444078726175         0.0006070934564089446     01 Jan 2026 03:52:22.945   -80.69496160807986         -104.9348657138632          571.0445940814943          6928.360263196999         0.002865098651996546      01 Jan 2026 03:52:22.945   35.19796237875319          -163.7297210615851          561.5482160313204          6932.617085165991         0.001575058368146078      
01 Jan 2026 03:53:13.149   18.71624361864136          23.94535195825695           531.5432123360943          6907.493221333793         0.0006929197057774108     01 Jan 2026 03:53:13.149   -78.570524917764           -117.9821010348022          571.1123459850323          6928.710726681459         0.002877824476705779      01 Jan 2026 03:53:13.149   38.30480643429235          -164.5796487316657          562.5401797001423          6932.5002722178           0.001713866216505968      
01 Jan 2026 03:54:05.587   15.42539752027822          23.25163639478165           530.9035517941347          6907.538032289025         0.000770553853632153      01 Jan 2026 03:54:05.587   -75.94995938212556         -127.0934183970268          571.0518894184916          6929.073853888131         0.002873545050358382      01 Jan 2026 03:54:05.587   41.5435952986151           -165.5283101318938          563.5729625563517          6932.345484576197         0.001858587451906668      
01 Jan 2026 03:54:58.308   12.1145078677093           22.56895570141989           530.3736903275394          6907.575226111038         0.0008350068589306513     01 Jan 2026 03:54:58.308   -73.09039489804037         -133.3925634835804          570.859668340986           6929.434131949144         0.002851397889578854      01 Jan 2026 03:54:58.308   44.79237051934214          -166.5591529317847          564.5945678258304          6932.158326426236         0.002001322353729893      
01 Jan 2026 03:55:48.584   8.955506041772056          21.92843515035495           529.980388326584           6907.602472916318         0.000882903201464887      01 Jan 2026 03:55:48.584   -70.24228525841477         -137.762794015478           570.5584079142209          6929.771380976628         0.002814035464737945      01 Jan 2026 03:55:48.584   47.88233155176463          -167.6313580224109          565.5406564920022          6931.952585165882         0.002132778826322062      
01 Jan 2026 03:56:41.063   5.656769383774697          21.26762509186717           529.6914925752499          6907.621644047033         0.0009181100543376911     01 Jan 2026 03:56:41.063   -67.19125242523043         -141.2400374521508          570.1274432937871          6930.114776526031         0.002758752674422225      01 Jan 2026 03:56:41.063   51.09772642604506          -168.8669451469947          566.4860316673721          6931.711804200165         0.002263200638081987      
01 Jan 2026 03:57:33.751   2.344046293615717          20.60915845825596           529.5300567813374          6907.630865846898         0.0009378062441841708     01 Jan 2026 03:57:33.751   -64.07515520104064         -143.9897420641553          569.5828342976947          6930.448420514026         0.002687354463927237      01 Jan 2026 03:57:33.751   54.31356075466254          -170.259483288623           567.3788965805252          6931.445819641922         0.002385344055467296      
01 Jan 2026 03:58:24.383   -0.8397142074824367        19.97835487911589           529.4982645082755          6907.630007767688         0.0009417276523042649     01 Jan 2026 03:58:24.383   -61.0460280194136          -146.1484755011862          568.9622802067079          6930.756308161907         0.002604696619015506      01 Jan 2026 03:58:24.383   57.38944236803851          -171.7832105312616          568.1719726019892          6931.169720103852         0.002492849713972209      
01 Jan 2026 03:59:16.943   -4.144553539510719         19.32278597045551           529.5935331475002          6907.619008236851         0.000930207972031537      01 Jan 2026 03:59:16.943   -57.87547275081139         -148.0305567785796          568.2271499879971          6931.060306196578         0.002505494179818696      01 Jan 2026 03:59:16.943   60.56338192730347          -173.6187835217363          568.9162778304044          6930.86434353786          0.002592743912365698      
01 Jan 2026 04:00:09.678   -7.459829040917744         18.66138357337963           529.8191984305859          6907.597829207631         0.0009028654474122094     01 Jan 2026 04:00:09.678   -54.67409588441517         -149.6480961949004          567.4074439930337          6931.346806713099         0.0023936034475087        01 Jan 2026 04:00:09.678   63.72227810965988          -175.8119640156907          569.571098127336           6930.541252120431         0.00267963678899682       
01 Jan 2026 04:01:01.017   -10.68623651341194         18.01112728360821           530.161281617924           6907.567877171065         0.0008614335317268158     01 Jan 2026 04:01:01.017   -51.5423031966685          -151.0262259368531          566.5418277892013          6931.605422015109         0.002274257206291706      01 Jan 2026 04:01:01.017   66.76369800294205          -178.4181935518281          570.1102065388814          6930.213038745112         0.002750239277687841      
01 Jan 2026 04:01:53.662   -13.99325082524421         17.33466725343713           530.6330613156661          6907.528262186468         0.0008043689894391237     01 Jan 2026 04:01:53.662   -48.31819730883228         -152.284329867035           565.5972035438335          6931.847276473733         0.002142865532871142      01 Jan 2026 04:01:53.662   69.83290247016667          178.2128976104872           570.5531944690365          6929.864815704434         0.002807281623395338      
01 Jan 2026 04:02:46.338   -17.30008737816029         16.64462480188637           531.2217042422635          6907.480496611453         0.0007333426728991676     01 Jan 2026 04:02:46.338   -45.08172902757328         -153.4199035144205          564.6072799505782          6932.063048226513         0.002004133720184435      01 Jan 2026 04:02:46.338   72.82769720442015          173.7822942662413           570.8771147263205          6929.506877764336         0.002847923848496251      
01 Jan 2026 04:03:37.325   -20.49844362344247         15.96053339866732           531.8954550707604          6907.427561870977         0.0006523880891962312     01 Jan 2026 04:03:37.325   -41.9405807908483          -154.4256536308359          563.619089867062           6932.244540092699         0.001864877415698273      01 Jan 2026 04:03:37.325   75.6099338961228           167.912688361571            571.0705923818687          6929.153411610358         0.002870951026214071      
01 Jan 2026 04:04:29.980   -23.79842232237579         15.23314401848496           532.6899623317131          6907.367239658403         0.0005576570721148856     01 Jan 2026 04:04:29.980   -38.68915708116673         -155.3866673807778          562.5807737839341          6932.40134833498          0.001718160439258036      01 Jan 2026 04:04:29.980   78.27595050613048          159.1891895480516           571.1412086526616          6928.783130466939         0.002877395111167475      
01 Jan 2026 04:05:22.742   -27.10145374619952         14.47800795432351           533.5766249372437          6907.302491214917         0.0004535752312201808     01 Jan 2026 04:05:22.742   -35.42451593425188         -156.2853242147408          561.5356535301535          6932.524966853668         0.001570742519170819      01 Jan 2026 04:05:22.742   80.55824163073292          145.9984643841647           571.076418939143           6928.408609585357         0.002865874644795429      
01 Jan 2026 04:06:13.234   -30.25848191335585         13.7252852553731            534.4996138485467          6907.237996316681         0.0003488976458114394     01 Jan 2026 04:06:13.234   -32.29484195200832         -157.095998713117           560.543445979607           6932.609854261013         0.001432017148065468      01 Jan 2026 04:06:13.234   82.06146092821844          127.3650423075715           570.8851350384666          6928.048498808379         0.002837898254695897      
01 Jan 2026 04:07:05.780   -33.53923870483144         12.90397424441384           535.5257574742518          6907.169931972734         0.0002432758491254626     01 Jan 2026 04:07:05.780   -29.03288083224318         -157.8975266939632          559.5316263791246          6932.661588555457         0.001293404683234575      01 Jan 2026 04:07:05.780   82.46970051191219          102.8353036870512           570.5510055463965          6927.673424355481         0.002791279666519348      
01 Jan 2026 04:07:58.531   -36.82731268638825         12.03208564061145           536.610421956083           6907.102458712849         0.0001694230086005114     01 Jan 2026 04:07:58.531   -25.75367357285585         -158.6665895647778          558.5494120182202          6932.674225331094         0.001164200098900953      01 Jan 2026 04:07:58.531   81.5273689890586           79.81899129381129           570.0777430386315          6927.297849246136         0.00272683962866815       
01 Jan 2026 04:08:48.754   -39.9519785864265          11.14822621010073           537.681415395723           6907.040783847132         0.0001869332118914348     01 Jan 2026 04:08:48.754   -22.62791253350428         -159.371540020799           557.6562818252378          6932.648260476716         0.001054916462024341      01 Jan 2026 04:08:48.754   79.69965128664712          63.91957652708069           569.5009482837095          6926.942179467828         0.002649564310833198      
01 Jan 2026 04:09:41.273   -43.21251370645322         10.15522720545066           538.827941041347           6906.980854954958         0.0002866601668770171     01 Jan 2026 04:09:41.273   -19.35586536330177         -160.0854556449719          556.7765817261779          6932.580250189463         0.0009603105773215052     01 Jan 2026 04:09:41.273   77.2400804345708           52.82392980773643           568.7698051044417          6926.573093018549         0.002552886612336166      
01 Jan 2026 04:10:34.010   -46.47820507433312         9.070777687132432           539.9925041143879          6906.927337717408         0.0004168484953381287     01 Jan 2026 04:10:34.010   -16.06728130851242         -160.7829570009096          555.9588171991072          6932.468958895938         0.0008912348584894471     01 Jan 2026 04:10:34.010   74.4684156078369           45.33241509081537           567.9093093055444          6926.206081562726         0.002440488781672248      
01 Jan 2026 04:11:24.340   -49.58571011512507         7.933979010984214           541.1031543833087          6906.884313244887         0.0005503183075161879     01 Jan 2026 04:11:24.340   -12.92640988126852         -161.4342605995825          555.2477616404885          6932.321934262438         0.0008538415780467609     01 Jan 2026 04:11:24.340   71.66556212882064          40.25472001967015           566.9763576875621          6925.859633728646         0.002320076376452578      
01 Jan 2026 04:12:16.843   -52.81598840215317         6.614126004748102           542.2473415098375          6906.849674423645         0.000692416767669276      01 Jan 2026 04:12:16.843   -9.647918142742089         -162.1021913135952          554.585490677463           6932.125736874646         0.00084624978389375       01 Jan 2026 04:12:16.843   68.64321315562731          36.3021746255228            565.8947834420187          6925.502478135223         0.002182270403398874      
01 Jan 2026 04:13:09.551   -56.0445990044823          5.112401964942308           543.3675052401559          6906.827268811868         0.0008345124057503471     01 Jan 2026 04:13:09.551   -6.354992157017654         -162.764161476459           554.0084253142313          6931.884756523496         0.0008687552514082194     01 Jan 2026 04:13:09.551   65.54406029996549          33.23359363994542           564.7071616394269          6925.148396179336         0.002033230071227784      
01 Jan 2026 04:14:00.251   -59.13330923335747         3.449244482823068           544.4055320661309          6906.819072190825         0.0009683908257785107     01 Jan 2026 04:14:00.251   -3.186360617752799         -163.3956707377945          553.5408775918959          6931.61162594356          0.0009138089701808917     01 Jan 2026 04:14:00.251   62.52117813177613          30.85832491903016           563.4786011721808          6924.811964331964         0.001881822148700564      
01 Jan 2026 04:14:52.712   -62.30667632505683         1.426238030499458           545.4265412688583          6906.82597356754          0.001102134668980455      01 Jan 2026 04:14:52.712   0.09304746681113592        -164.0464990278652          553.1507323185551          6931.286976367655         0.0009780097989744332     01 Jan 2026 04:14:52.712   59.36246960343812          28.81958429289401           562.1299066026413          6924.467933977448         0.00171941900849848       
01 Jan 2026 04:15:45.401   -65.4627536127944          -1.030935044858369          546.3858359075775          6906.850138143627         0.001229891260262215      01 Jan 2026 04:15:45.401   3.387016588282811          -164.7002836582285          552.8566296275167          6930.918871737833         0.001054103927883057      01 Jan 2026 04:15:45.401   56.16643205103107          27.0840038163161            560.7087664312048          6924.126237594481         0.001553647993241909      
01 Jan 2026 04:16:36.760   -68.49713749342916         -4.009243797739291          547.2465549239323          6906.891588574525         0.001346649757130385      01 Jan 2026 04:16:36.760   6.597726520702865          -165.3404107010862          552.6646046470387          6930.520784889412         0.001134422519602313      01 Jan 2026 04:16:36.760   53.03341621074193          25.6166920384115            559.272377311675           6923.796404872725         0.001393380789695158      
01 Jan 2026 04:17:29.349   -71.54071094535374         -7.939920470895076          548.0420549961782          6906.953448201335         0.001456939947569702      01 Jan 2026 04:17:29.349   9.884742534224335          -166.0016309659121          552.5637222349014          6930.074635715958         0.001219049615240973      01 Jan 2026 04:17:29.349   49.81094634860057          24.2894348750142            557.763391607521           6923.461433033582         0.001235752616675467      
01 Jan 2026 04:18:22.105   -74.49285850790508         -13.26524052167195          548.7440941314817          6907.036155291681         0.001556985583544172      01 Jan 2026 04:18:22.105   13.18115326517723          -166.6738723418968          552.557267011648           6929.589897787435         0.001303501731199967      01 Jan 2026 04:18:22.105   46.56618362815084          23.09647263395906           556.2256136348824          6923.127567589516         0.001091061619068302      
01 Jan 2026 04:19:13.339   -77.19770569135429         -20.56995633338592          549.3267462895437          6907.136924154275         0.001643015537186979      01 Jan 2026 04:19:13.339   16.38108935293568          -167.3384466955332          552.6379886483592          6929.085711389504         0.001383137850429183      01 Jan 2026 04:19:13.339   43.40524520657105          22.04279859213597           554.7236904435258          6922.804757131752         0.0009719465294923844     
01 Jan 2026 04:20:05.906   -79.6743189561369          -31.67555132094076          549.8170758941515          6907.261673881528         0.001719048489226371      01 Jan 2026 04:20:05.906   19.66236997156451          -168.0358825852336          552.8046320451758          6928.536728326118         0.00146099279987761       01 Jan 2026 04:20:05.906   40.15351821476085          21.04769041987907           553.1890274666366          6922.474325440876         0.0008821037471491318     
01 Jan 2026 04:20:58.652   -81.58605750945181         -48.56856965932233          550.1950496066775          6907.408753299018         0.001782204464927504      01 Jan 2026 04:20:58.652   22.95235245347241          -168.7556277377183          553.050529863086           6927.956510369937         0.001534168893194727      01 Jan 2026 04:20:58.652   36.88320559078009          20.12000940680675           551.6708841922318          6922.142876097436         0.0008349819869681165     
01 Jan 2026 04:21:49.260   -82.46398309180161         -70.87772486185169          550.4474166041718          6907.570400819832         0.001829959976100469      01 Jan 2026 04:21:49.260   26.1062511071476           -169.4693871067296          553.3532425706699          6927.375078325497         0.00159903673948196       01 Jan 2026 04:21:49.260   33.73918161026691          19.28431205894304           550.2488487275123          6921.824341767103         0.0008348548571885517     
01 Jan 2026 04:22:41.763   -82.04132683980886         -95.45312248471505          550.5935363161179          6907.758981291876         0.001865898974472361      01 Jan 2026 04:22:41.763   29.37493008121959          -170.2392040918454          553.7278305171967          6926.749520682022         0.001660280551778168      01 Jan 2026 04:22:41.763   30.47167781771779          18.46349579856804           548.8235739788952          6921.492761634207         0.0008775721560180505     
01 Jan 2026 04:23:34.517   -80.43251629045784         -114.7581295628864          550.6216181409736          6907.969216960437         0.001887913278267674      01 Jan 2026 04:23:34.517   32.65515118507357          -171.0492587177611          554.1565788926946          6926.101592997754         0.00171519329412696       01 Jan 2026 04:23:34.517   27.18343906879678          17.6777549893355            547.4568582208831          6921.157951022848         0.0009535993106071686     
01 Jan 2026 04:24:24.796   -78.22789349039252         -127.1793732250603          550.5389534393571          6908.188093429088         0.00189577989950787       01 Jan 2026 04:24:24.796   35.77717534809037          -171.8627421328502          554.6043380987803          6925.469399451168         0.001761035549467425      01 Jan 2026 04:24:24.796   24.04516438197202          16.95880049768985           546.2275916942608          6920.836926777286         0.001045222646900445      
01 Jan 2026 04:25:17.217   -75.55679109838071         -135.8496396833129          550.3418867332448          6908.434360251843         0.001890561921966125      01 Jan 2026 04:25:17.217   39.02693184385245          -172.7632361147144          555.1011115393439          6924.798749989897         0.001801789136712711      01 Jan 2026 04:25:17.217   20.76935519751525          16.23474131696784           545.0341875414897          6920.499971192235         0.001150210932533771      
01 Jan 2026 04:26:09.930   -72.66131900830074         -141.8778404106509          550.0339457604978          6908.699150298286         0.001871889983448577      01 Jan 2026 04:26:09.930   42.28857266963978          -173.7346484462667          555.6200187017794          6924.116391925265         0.001835235309436438      01 Jan 2026 04:26:09.930   17.47180631370378          15.52800834433393           543.9362224620481          6920.158680229461         0.001257448681898285      
01 Jan 2026 04:27:00.158   -69.78868845797825         -146.0807161854225          549.6434570875645          6908.965874690099         0.001842089736586455      01 Jan 2026 04:27:00.158   45.38961817760534          -174.7359123566278          556.1215779379881          6923.462474904078         0.001859804192151981      01 Jan 2026 04:27:00.158   14.32698353391948          14.87056650106859           542.9947120517636          6919.831219001511         0.001355752719324014      
01 Jan 2026 04:27:52.549   -66.71855901461858         -149.4400160897146          549.1420416045212          6909.257216621448         0.001799206971765162      01 Jan 2026 04:27:52.549   48.61589714979998          -175.8780510070713          556.6406639827655          6922.780381562093         0.001877546940255961      01 Jan 2026 04:27:52.549   11.04429847869535          14.19776507174138           542.1300272712788          6919.487498227517         0.001450222319430556      
01 Jan 2026 04:28:45.208   -63.58231497307037         -152.1116049801832          548.5494618339226          6909.561427993628         0.00174481552550295       01 Jan 2026 04:28:45.208   51.84839468723579          -177.1525220521623          557.146464614968           6922.098767303047         0.001886949805960192      01 Jan 2026 04:28:45.208   7.742823741738908          13.53147780112361           541.3890532685937          6919.140193007809         0.001533873930537379      
01 Jan 2026 04:29:35.662   -60.54438596377231         -154.2110053472668          547.9071756351277          6909.861409780924         0.001683008246650923      01 Jan 2026 04:29:35.662   54.93359681496471          -178.5253604647062          557.605229366065           6921.453159555802         0.001887717366208052      01 Jan 2026 04:29:35.662   4.578274801287193          12.8995429422379            540.8051591726698          6918.806274654757         0.001601329748897554      
01 Jan 2026 04:30:28.167   -57.35779471578218         -156.0521648839246          547.1714171349404          6910.180009452383         0.001609681395884007      01 Jan 2026 04:30:28.167   58.12881888555348          179.8411023129949           558.0449001547349          6920.79282249859          0.001879619203597999      01 Jan 2026 04:30:28.167   1.284050101708479          12.24572349334471           540.3326883772397          6918.45833422655          0.001656789191237819      
01 Jan 2026 04:31:20.871   -54.13951520360022         -157.6395954292986          546.3749890031213          6910.503772301824         0.001528025867997789      01 Jan 2026 04:31:20.871   61.31574550799338          177.9224015050978           558.4368952986297          6920.145572828793         0.001862023607682349      01 Jan 2026 04:31:20.871   -2.023223733975262         11.5904823305985            539.9997512746941          6918.109606655935         0.001696218466331247      
01 Jan 2026 04:32:12.016   -51.00178701800115         -158.9911335852098          545.5581661882679          6910.81910256836          0.00144228672820797       01 Jan 2026 04:32:12.016   64.38219939077189          175.6964713328166           558.7604733572707          6919.53591714529          0.001835566429782246      01 Jan 2026 04:32:12.016   -5.232648920386083         10.95293826912418           539.8130348175646          6917.772857283367         0.001718210661290741      
01 Jan 2026 04:33:04.541   -47.76718231581729         -160.2296184624136          544.6865198763708          6911.141346859714         0.001348854884779696      01 Jan 2026 04:33:04.541   67.49418886591396          172.8862556012612           559.0255866264197          6918.932118001148         0.001798480645849593      01 Jan 2026 04:33:04.541   -8.528282755339214         10.29361317515693           539.7604555560083          6917.430081120045         0.001723705438391084      
01 Jan 2026 04:33:57.242   -44.5115653502254          -161.3525946199516          543.791521612251           6911.46016192679          0.001250964775343431      01 Jan 2026 04:33:57.242   70.56129271438144          169.2892064998343           559.2150141169141          6918.352306786705         0.001750917480339864      01 Jan 2026 04:33:57.242   -11.83395181166273         9.62443698287735            539.8471387060536          6917.090865088774         0.001711680440166636      
01 Jan 2026 04:34:48.538   -41.33440179056479         -162.354010192468           542.9133581202386          6911.763373273729         0.001152965221432727      01 Jan 2026 04:34:48.538   73.46497823585952          164.653287958527            559.3189596419961          6917.815885255829         0.001694470386396903      01 Jan 2026 04:34:48.538   -15.05015033510652         8.962641695992126           540.061885556921           6916.766902948271         0.001683220348549556      
01 Jan 2026 04:35:41.165   -38.06755825233426         -163.3057356675701          542.0182588868547          6912.064336210829         0.001050902401794681      01 Jan 2026 04:35:41.165   76.30668790156308          158.0506015957311           559.3373780390093          6917.29694563163          0.001626029810089703      01 Jan 2026 04:35:41.165   -18.34784499569485         8.269507694608707           540.4104645649031          6916.442806912813         0.001637190002445042      
01 Jan 2026 04:36:33.923   -34.78622019255216         -164.1973135354123          541.1399987036584          6912.352951221937         0.00094825305015448       01 Jan 2026 04:36:33.923   78.90970954539307          148.3405057698887           559.2615985416905          6916.811150563133         0.001546681301274647      01 Jan 2026 04:36:33.923   -21.65124300921769         7.556315007245396           540.8833266577176          6916.12838866762          0.001574495441391032      
01 Jan 2026 04:37:24.663   -31.62508060489573         -165.0064884360802          540.3253810412107          6912.61560165728          0.0008502554732454534     01 Jan 2026 04:37:24.663   80.98107415898744          134.2746609902982           559.0966868199203          6916.378539157018         0.001460287898269961      01 Jan 2026 04:37:24.663   -24.82549792598345         6.848854629340502           541.44684233925            6915.837963833521         0.001499270123187204      
01 Jan 2026 04:38:17.215   -28.3463221866979          -165.8035194322471          539.5247459531593          6912.869673655657         0.0007504496514865408     01 Jan 2026 04:38:17.215   82.30109994460544          113.1960503060244           558.8290281605396          6915.968105793427         0.001360569534371197      01 Jan 2026 04:38:17.215   -28.10960812953589         6.088819750662145           542.1335536538272          6915.551785642025         0.001406821541113444      
01 Jan 2026 04:39:10.007   -25.04831298800369         -166.5696110196694          538.7762155424316          6913.104081146608         0.0006527066679090593     01 Jan 2026 04:39:10.007   82.33877481769997          88.10090666305543           558.4605858357254          6915.595910702516         0.001250209013357329      01 Jan 2026 04:39:10.007   -31.40458424706935         5.291198972497582           542.9183569961187          6915.281649049874         0.001300120947215215      
01 Jan 2026 04:40:00.395   -21.89707769143669         -167.2742641087823          538.1240307478638          6913.306246164489         0.0005623145410631429     01 Jan 2026 04:40:00.395   81.14947682128059          67.42520712634808           558.0169028310329          6915.279325074532         0.001135758852310701      01 Jan 2026 04:40:00.395   -34.54498189221196         4.49116999045193            543.7453563935387          6915.042303107419         0.001186466911690001      
01 Jan 2026 04:40:52.922   -18.60900131234263         -167.9863161904685          537.5184813442702          6913.492596952295         0.0004714380419272466     01 Jan 2026 04:40:52.922   79.05432524431656          52.37611097831718           557.4612099133356          6914.990364937962         0.001007524378231409      01 Jan 2026 04:40:52.922   -37.81330190175876         3.608197092340747           544.6764849892434          6914.814399275596         0.001056972111375678      
01 Jan 2026 04:41:45.651   -15.30564335884816         -168.6824795193499          536.9956692302339          6913.652827344258         0.0003837517493004088     01 Jan 2026 04:41:45.651   76.47124754038559          42.42459862847345           556.8117305651313          6914.743009206785         0.0008703377646515163     01 Jan 2026 04:41:45.651   -41.08779667842577         2.660444012541205           545.6690991291252          6914.610239346907         0.0009170623915762411     
01 Jan 2026 04:42:35.854   -12.15845156168315         -169.3316319797835          536.584132577439           6913.778969527963         0.0003034177014591805     01 Jan 2026 04:42:35.854   73.77229033192735          35.93482064973226           556.1130253182246          6914.547475953972         0.0007326243309246668     01 Jan 2026 04:42:35.854   -44.19860848956356         1.687907339203995           546.6556435060238          6914.441019369363         0.0007759798055285732     
01 Jan 2026 04:43:28.325   -8.86747459339972          -169.9992638394896          536.2499836162906          6913.882046487814         0.0002223759566464631     01 Jan 2026 04:43:28.325   70.80934676731727          31.04709440076473           555.3055363102494          6914.384685829582         0.0005822370032725157     01 Jan 2026 04:43:28.325   -47.44153216865792         0.5808611687275212          547.7167325151868          6914.292666469963         0.0006217880549345713     
01 Jan 2026 04:44:21.083   -5.557292804250663         -170.6625914167016          536.0177607992655          6913.955075783815         0.0001434063751406277     01 Jan 2026 04:44:21.083   67.74072858264546          27.36391830616385           554.4220362545238          6914.263420575816         0.0004254844778841059     01 Jan 2026 04:44:21.083   -50.6919318763448          -0.6491409124023937         548.8007917288296          6914.175135724556         0.0004613601039423933     
01 Jan 2026 04:45:11.549   -2.390131775692059         -171.2924840251396          535.8961746241675          6913.995575008432         7.026466891760748e-05     01 Jan 2026 04:45:11.549   64.75076938718618          24.59983301155647           553.5183060669387          6914.186534860335         0.0002715194949607859     01 Jan 2026 04:45:11.549   -53.78960414770347         -1.964997596196609          549.8410784461676          6914.094397432612         0.0003043062005847419     
01 Jan 2026 04:46:03.998   0.9017863650647888         -171.9451382786389          535.8758398473301          6914.006884559968         2.287682513989064e-05     01 Jan 2026 04:46:03.998   61.60440290833881          22.26622764728099           552.5282879441902          6914.146165671882         0.000108968995862709      01 Jan 2026 04:46:03.998   -56.99420410176769         -3.518840605644437          550.9126525911443          6914.045255311052         0.0001388817519588143     
01 Jan 2026 04:46:56.713   4.210309974006842          -172.6019003569752          535.9646424047596          6913.9865785377           9.061760823606029e-05     01 Jan 2026 04:46:56.713   58.41317046541955          20.31440595426823           551.4922376830573          6914.144911780851         5.936418166587998e-05     01 Jan 2026 04:46:56.713   -60.19585251401348         -5.332578396209866          551.9669090197758          6914.033379836245         2.829647248595981e-05     
01 Jan 2026 04:47:47.760   7.413530121846094          -173.2413593215646          536.1538611288397          6913.93689169449          0.0001667112835281807     01 Jan 2026 04:47:47.760   55.30226170201212          18.69952493145745           550.4612870439205          6914.179797987116         0.00021857267808964       01 Jan 2026 04:47:47.760   -63.27206427922871         -7.413779726208853          552.9542218596162          6914.059263435114         0.0001891903446144284     
01 Jan 2026 04:48:40.319   10.71057413363327          -173.906246026888           536.4521126108039          6913.855414566673         0.0002480818058765206     01 Jan 2026 04:48:40.319   52.08268702906079          17.24919247407675           549.3837947493366          6914.251102474801         0.0003822723586765092     01 Jan 2026 04:48:40.319   -66.40567677026354         -10.02050453659226          553.9248498581319          6914.125701083723         0.0003527993454369346     
01 Jan 2026 04:49:33.086   14.01920545945188          -174.5835429433548          536.852852131512           6913.743528447269         0.0003330031621775599     01 Jan 2026 04:49:33.086   48.83679355061149          15.9594235005074            548.2989189502969          6914.356847187512         0.0005437717309480819     01 Jan 2026 04:49:33.086   -69.50277115421949         -13.31820692883183          554.8417201250959          6914.234139986996         0.0005134969280335807     
01 Jan 2026 04:50:24.256   17.22577323210685          -175.2529438735735          537.3329375981984          6913.607338777302         0.000418740288885974      01 Jan 2026 04:50:24.256   45.67854644828983          14.8329929406273            547.2569332502599          6914.490043667754         0.0006960322781653293     01 Jan 2026 04:50:24.256   -72.43582181366668         -17.48946652180722          555.6663907197635          6914.380052862167         0.0006646939467857237     
01 Jan 2026 04:51:16.846   20.51891722945805          -175.9575694864783          537.9132476759123          6913.440357026029         0.0005104649632604071     01 Jan 2026 04:51:16.846   42.42352481663574          13.7764030305584            546.2098662645594          6914.656168618602         0.0008464568843857838     01 Jan 2026 04:51:16.846   -75.33521129201992         -23.33695781195484          556.43940613               6914.572378846851         0.0008141755763533064     
01 Jan 2026 04:52:09.605   23.81966875397385          -176.6856893017991          538.5755722803342          6913.247007968579         0.0006060601356495205     01 Jan 2026 04:52:09.605   39.15016120387658          12.79909434507918           545.1974984020881          6914.850239245628         0.0009895985473438805     01 Jan 2026 04:52:09.605   -78.0431941660966          -31.79331953950079          557.1316413938357          6914.80871603237          0.0009570527910262198     
01 Jan 2026 04:53:00.148   26.97853450932655          -177.4077896266477          539.2764780693478          6913.039306943397         0.0007006867119224501     01 Jan 2026 04:53:00.148   36.00788984259042          11.92581822706358           544.2761202371548          6915.059635559967         0.001117991689202967      01 Jan 2026 04:53:00.148   -80.29342707214668         -43.89313749487089          557.7109602695618          6915.07581808458          0.001086394479485032      
01 Jan 2026 04:53:52.690   30.25839909639876          -178.1895422828732          540.0637584812284          6912.802147592606         0.0008016749024455152     01 Jan 2026 04:53:52.690   32.73562643896737          11.07140370610404           543.3814302552109          6915.299269527465         0.001240971068642704      01 Jan 2026 04:53:52.690   -81.96284533037228         -62.6090590264474           558.221717868083           6915.395292892125         0.001212246361576008      
01 Jan 2026 04:54:45.478   33.5490482972006           -179.0137878225665          540.9035833319813          6912.544374071907         0.0009050752911959324     01 Jan 2026 04:54:45.478   29.44288792709512          10.25799165657692           542.5599843379168          6915.560102943246         0.001352382754733667      01 Jan 2026 04:54:45.478   -82.48782636270008         -87.09591865632821          558.6377857655098          6915.758439313116         0.001329179324288064      
01 Jan 2026 04:55:35.685   36.67388657972951          -179.8415990798957          541.7365629513788          6912.283357774661         0.001004371556241971      01 Jan 2026 04:55:35.685   26.30703241285648          9.518810429961741           541.8618114525107          6915.82458499267          0.00144587729859628       01 Jan 2026 04:55:35.685   -81.70865868826195         -109.5750456793361          558.9415925979656          6916.142040571597         0.001431045234394942      
01 Jan 2026 04:56:28.078   39.928895117103            179.2390011476809           542.6291950530676          6911.99700991527          0.001107964705647964      01 Jan 2026 04:56:28.078   23.03099518373877          8.776918535784665           541.2303085568465          6916.115325876798         0.001529385972582729      01 Jan 2026 04:56:28.078   -79.87756779890108         -126.900211380001           559.1627898386268          6916.580685348852         0.00152722921266645       
01 Jan 2026 04:57:20.858   43.20107134317075          178.2425035099357           543.5396465764934          6911.696798012958         0.001211147048493399      01 Jan 2026 04:57:20.858   19.72745005740102          8.054442019474578           540.7043505171032          6916.421149694706         0.001598020056062669      01 Jan 2026 04:57:20.858   -77.43086593795779         -138.445308968398           559.287810357926           6917.060427073471         0.001613397630239615      
01 Jan 2026 04:58:11.026   46.30378361086278          177.2146230870771           544.4032227075004          6911.403079897994         0.001306985689447455      01 Jan 2026 04:58:11.026   16.58490673652498          7.386509115748141           540.3152019950012          6916.721822345439         0.001648087014778024      01 Jan 2026 04:58:11.026   -74.80740000740118         -145.8467802507802          559.3180014408363          6917.54970957312          0.001685169396680744      
01 Jan 2026 04:59:03.475   49.53837810370712          176.0351221613612           545.2913907117763          6911.089993275595         0.001403618231751787      01 Jan 2026 04:59:03.475   13.29735527217223          6.703791144605076           540.0311239469302          6917.044565671847         0.001684015757697224      01 Jan 2026 04:59:03.475   -71.89260245498882         -151.3246757282947          559.2609812738465          6918.093617995837         0.00174959919242627       
01 Jan 2026 04:59:56.230   52.78050902554553          174.7120941541716           546.1565750850004          6910.771671492791         0.001495850264399778      01 Jan 2026 04:59:56.230   9.988920805592695          6.029507027119371           539.878131747977           6917.375931958422         0.001702807819309034      01 Jan 2026 04:59:56.230   -68.85528089764389         -155.386167664281           559.1174900209971          6918.671416366867         0.001803521959865747      
01 Jan 2026 05:00:46.698   55.86898554466343          173.2819067253606           546.9458283248086          6910.466561954754         0.001578215882589304      01 Jan 2026 05:00:46.698   6.822859065522697          5.393010740853925           539.8607636872175          6917.697594082893         0.001704317040407892      01 Jan 2026 05:00:46.698   -65.88695377806633         -158.3923287193343          558.9054097022936          6919.250211810678         0.001845023077213538      
01 Jan 2026 05:01:39.191   59.06442080344227          171.5711162430403           547.7149666085079          6910.151237801218         0.001656580138668186      01 Jan 2026 05:01:39.191   3.529039256038114          4.736836322263719           539.9795520442394          6918.035461982902         0.001688847463441662      01 Jan 2026 05:01:39.191   -62.75575646624505         -160.9030445169509          558.6145681925191          6919.876150130811         0.001877938279909438      
01 Jan 2026 05:02:31.981   62.25519445009635          169.5436621630426           548.4235445778104          6909.838860792289         0.001726670665022414      01 Jan 2026 05:02:31.981   0.2164338501950523         4.080074609978844           540.2412231913841          6918.377220448312         0.001656087951315054      01 Jan 2026 05:02:31.981   -59.57513799117612         -162.9830972534161          558.2584533892305          6920.526769096526         0.001900771081085834      
01 Jan 2026 05:03:23.193   65.32132865531052          167.1722751843353           549.0383110589746          6909.542777283156         0.001785229346435193      01 Jan 2026 05:03:23.193   -2.996880672829248         3.443191682780736           540.6311945664238          6918.709501226334         0.001608421659646815      01 Jan 2026 05:03:23.193   -56.46722133953242         -164.6925269659106          557.8611530117432          6921.174709055636         0.00191338596378187       
01 Jan 2026 05:04:15.778   68.42753508435614          164.148516316921            549.5853592058729          6909.248230970092         0.001834669627905718      01 Jan 2026 05:04:15.778   -6.295586585801138         2.786687598421523           541.1692986911021          6919.050451354581         0.001544161297674308      01 Jan 2026 05:04:15.778   -53.25850008326088         -166.2126461547049          557.4102271228612          6921.853453719357         0.001916906140085497      
01 Jan 2026 05:05:08.528   71.48011960306145          160.2309367276539           550.0395469301993          6908.964625155848         0.001872462326854428      01 Jan 2026 05:05:08.528   -9.603368251199806         2.122618743652623           541.8457214247246          6919.391415756916         0.001465516742583152      01 Jan 2026 05:05:08.528   -50.02572260239572         -167.5552222976482          556.9250895305649          6922.544049689956         0.001911192170517737      
01 Jan 2026 05:06:00.106   74.3688581882016           155.081045430131            550.3846181981853          6908.700770128092         0.001897216500555736      01 Jan 2026 05:06:00.106   -12.83601593008962         1.464989975256527           542.6344519267695          6919.723195803611         0.001376772499289436      01 Jan 2026 05:06:00.106   -46.85377205668563         -168.731025094554           556.4300410943133          6923.224803220354         0.001896998931213132      
01 Jan 2026 05:06:52.733   77.15218706638272          147.6613677573411           550.6294756779898          6908.447058545532         0.00190939956435321       01 Jan 2026 05:06:52.733   -16.13208367869604         0.7822928363884425          543.5622986968856          6920.059654924006         0.001276795263032689      01 Jan 2026 05:06:52.733   -43.60821388161404         -169.8206452186377          555.9154668793499          6923.920911009552         0.001874092768095364      
01 Jan 2026 05:07:45.487   79.64284431718647          136.5899427478725           550.7612456070328          6908.210022628889         0.001907865858241172      01 Jan 2026 05:07:45.487   -19.43342312989685         0.08242921312981435         544.6089477168352          6920.394616191038         0.001170708108584667      01 Jan 2026 05:07:45.487   -40.34692488575948         -170.8237553971109          555.4019383833847          6924.61612609597          0.001842927527180363      
01 Jan 2026 05:08:36.337   81.5101638274089           120.5172770513405           550.7771852686092          6907.999186865829         0.001893051778819121      01 Jan 2026 05:08:36.337   -22.61249790198912         -0.6107053253874692         545.7191671631672          6920.715236917719         0.001067745602238785      01 Jan 2026 05:08:36.337   -37.19704878080799         -171.7223530519005          554.9203228362103          6925.279904820432         0.001805419500987611      
01 Jan 2026 05:09:28.830   82.45915947031817          97.5628052812705            550.6772862549751          6907.800742243498         0.001863877756595155      01 Jan 2026 05:09:28.830   -25.89063406361404         -1.349858190043845          546.9590486919224          6921.044007116427         0.0009677393987200936     01 Jan 2026 05:09:28.830   -33.9397747225557          -172.5926577653141          554.448236537748           6925.954664103133         0.001759318460014649      
01 Jan 2026 05:10:21.587   82.05084371848015          72.84450871457625           550.4572885304151          6907.621752624676         0.001820374348600507      01 Jan 2026 05:10:21.587   -29.18092472247596         -2.122309693127588          548.2891841623459          6921.37241338356          0.0008834965852606286     01 Jan 2026 05:10:21.587   -30.6611850855405          -173.4192084154553          554.010684344521           6926.618149026856         0.001705755430678881      
01 Jan 2026 05:11:11.983   80.54108580121397          54.19154652113946           550.1361212835027          6907.470412012676         0.001765731695851244      01 Jan 2026 05:11:11.983   -32.31933577833401         -2.893866430608353          549.6263605826734          6921.68458024019          0.0008296870315643303     01 Jan 2026 05:11:11.983   -27.52535699597242         -174.1716793130132          553.6372516038355          6927.234639111619         0.001648152248504128      
01 Jan 2026 05:12:04.406   78.26082328118466          41.0453278958141            549.6893839621034          6907.333586254278         0.001695695579586127      01 Jan 2026 05:12:04.406   -35.57861086784655         -3.738874167453862          551.0730556278158          6922.008174057514         0.0008131309148099713     01 Jan 2026 05:12:04.406   -24.2598107298437          -174.9227646805945          553.3046487728288          6927.854459542376         0.001581960947069731      
01 Jan 2026 05:12:57.059   75.58028326513706          32.29575023759958           549.1290750537055          6907.21728835886          0.001612371036278282      01 Jan 2026 05:12:57.059   -38.84589137361439         -4.640540059278973          552.5689840798777          6922.332584161757         0.0008438607451269292     01 Jan 2026 05:12:57.059   -20.97685032898676         -175.6504615282512          553.0370138424132          6928.451519596354         0.001509566241973326      
01 Jan 2026 05:13:47.270   72.82566434560337          26.49107022500604           548.4956156003691          6907.125843609084         0.001521476178677167      01 Jan 2026 05:13:47.270   -41.95504230359159         -5.560777822346163          554.0218396535229          6922.641972907108         0.0009156536287080903     01 Jan 2026 05:13:47.270   -17.84366653175246         -176.324129968796           552.8513879061602          6928.994116397202         0.001435651244799679      
01 Jan 2026 05:14:39.680   69.83015750970048          22.05589329226586           547.7378055040163          6907.050139619864         0.00141557290527669       01 Jan 2026 05:14:39.680   -45.19245070299073         -6.598640056112193          555.5510884558316          6922.965575870142         0.001026313293031727      01 Jan 2026 05:14:39.680   -14.57118368230544         -177.010332505868           552.7369542765309          6929.529708741617         0.001354336260866663      
01 Jan 2026 05:15:32.415   66.73870884433178          18.66352601795648           546.883853727556           6906.993545976888         0.00129871763403121       01 Jan 2026 05:15:32.415   -48.44041662495336         -7.741886448493956          557.0877684901179          6923.292542502179         0.001163701524072527      01 Jan 2026 05:15:32.415   -11.27679964281104         -177.687058277667           552.7094462233799          6930.034192329607         0.001269540739326131      
01 Jan 2026 05:16:22.816   63.73588958696196          16.08987382698137           545.9906967203751          6906.956869995362         0.001178530137245152      01 Jan 2026 05:16:22.816   -51.53428200732784         -8.951096158528435          558.5404032236238          6923.606954829766         0.001310478541664288      01 Jan 2026 05:16:22.816   -8.126994086892902         -178.3241800895723          552.769607452432           6930.481831158721         0.001187423553892349      
01 Jan 2026 05:17:15.210   60.57950087756393          13.89520511074917           544.9926313300921          6906.935611069221         0.00104612978874686       01 Jan 2026 05:17:15.210   -54.73745394221226         -10.36195565354144          560.0193612387084          6923.936394997312         0.001471839257138348      01 Jan 2026 05:17:15.210   -4.851934706736856         -178.9795025986406          552.9248377393933          6930.909346526668         0.001103437523750588      
01 Jan 2026 05:18:07.899   57.37909610701792          12.04326043022852           543.9288158143527          6906.930176643225         0.0009068586033089225     01 Jan 2026 05:18:07.899   -57.94218958046178         -11.98585202920592          561.4602539740717          6924.270945198841         0.001637492760504112      01 Jan 2026 05:18:07.899   -1.558131388255219         -179.6342635964886          553.1780022539733          6931.298615448973         0.001023924841841911      
01 Jan 2026 05:18:58.738   54.27210697143595          10.5055588720595            542.8568768246541          6906.938606321682         0.0007683065941842781     01 Jan 2026 05:18:58.738   -61.01451623235601         -13.81089228992614          562.7932680512367          6924.597325825764         0.00179640092054956       01 Jan 2026 05:18:58.738   1.619874201157006          179.7353175652257           553.514848085033           6931.63419375617          0.0009563999860000795     
01 Jan 2026 05:19:51.236   51.04826419842848          9.111979372298716           541.7157787722272          6906.959741113437         0.0006229048291891702     01 Jan 2026 05:19:51.236   -64.16025993493943         -16.05692645861075          564.0979245657581          6924.938456810213         0.001956160107457236      01 Jan 2026 05:19:51.236   4.901106430304967          179.0829595319142           553.9569714620957          6931.938395243794         0.000901979226693035      
01 Jan 2026 05:20:43.906   47.80113552198504          7.867102975190884           540.5496039339314          6906.991828879571         0.0004772229548208333     01 Jan 2026 05:20:43.906   -67.27866512326841         -18.82668770389138          565.3212383899945          6925.285173919472         0.002109202070735103      01 Jan 2026 05:20:43.906   8.192082509441958          178.424250754867            554.4941535544394          6932.199602082288         0.0008696608795369387     
01 Jan 2026 05:21:35.339   44.62004583879988          6.767701081967004           539.4036684562006          6907.0318527738           0.0003391180858056481     01 Jan 2026 05:21:35.339   -70.27156626104799         -22.25529432571118          566.4222289837098          6925.628218666335         0.002249380686534763      01 Jan 2026 05:21:35.339   11.40440264413198          177.7740791843417           555.1052289499212          6932.411742053961         0.0008654355338351753     
01 Jan 2026 05:22:27.961   41.35669067847304          5.737513061385914           538.237968856437           6907.079763336847         0.0002120821490097595     01 Jan 2026 05:22:27.961   -73.25228528107799         -26.88198174224217          567.4429865590973          6925.983749247808         0.002381359632822973      01 Jan 2026 05:22:27.961   14.6890404452816           177.0987026582809           555.8133917243576          6932.58479002006          0.0008924294880743523     
01 Jan 2026 05:23:20.659   38.08085005340111          4.783001115617662           537.0915409249492          6907.132833103465         0.0001390772174328903     01 Jan 2026 05:23:20.659   -76.10370784352287         -33.30851377220731          568.349366339964           6926.344254927835         0.002500267506469187      01 Jan 2026 05:23:20.659   17.97620294508854          176.4085657692251           556.5997898878422          6932.713747249191         0.0009507931161225045     
01 Jan 2026 05:24:11.627   34.90629666139851          3.919565786121386           536.0160856775028          6907.18714555516          0.0001836091662367741     01 Jan 2026 05:24:11.627   -78.64044106208979         -42.31736207395317          569.1086089122118          6926.696810407487         0.002601308990047858      01 Jan 2026 05:24:11.627   21.15272846955851          175.7243777675184           557.4260650331671          6932.796784722789         0.001033520870909494      
01 Jan 2026 05:25:04.142   31.62969577998063          3.080172901459083           534.9556010396545          6907.244309390177         0.0002895523598797664     01 Jan 2026 05:25:04.142   -80.83352633895167         -56.2730071555634           569.7643662569672          6927.063528544657         0.002689935131581115      01 Jan 2026 05:25:04.142   24.42249304827436          174.9979944008338           558.3358819118866          6932.840313878913         0.001140479597529174      
01 Jan 2026 05:25:56.819   28.33789818435288          2.280279815076227           533.9534801772843          6907.301042424469         0.0004045299822995991     01 Jan 2026 05:25:56.819   -82.23740070608865         -76.81262198671482          570.288693761453           6927.434153539427         0.002762138242836552      01 Jan 2026 05:25:56.819   27.69862116508721          174.2425313527382           559.2977739470707          6932.842265702168         0.001264298139819149      
01 Jan 2026 05:26:47.176   25.18698781067493          1.548061327016615           533.0647899898431          6907.353088051414         0.0005103927763222812     01 Jan 2026 05:26:47.176   -82.41374318692985         -100.6336562885641          570.6622455775087          6927.790152081891         0.002814888159964205      01 Jan 2026 05:26:47.176   30.82640871813589          173.4897584139527           560.2529251283886          6932.80638463918          0.001393426570707175      
01 Jan 2026 05:27:39.693   21.89710145980399          0.8121486399032115          532.2213015175457          6907.403524335547         0.0006122752826473449     01 Jan 2026 05:27:39.693   -81.30748118958186         -122.7703059562443          570.9175638469596          6928.162071945649         0.00285250919920678       01 Jan 2026 05:27:39.693   34.08370736179494          172.6660010639081           561.2745218646432          6932.73125314971          0.001535144603283837      
01 Jan 2026 05:28:32.381   18.59320049600796          0.09705209883343502         531.4710551714606          6907.448724641874         0.0007034239518638056     01 Jan 2026 05:28:32.381   -79.27622712177862         -138.3984716438486          571.036158572887           6928.534500142873         0.002872164873118467      01 Jan 2026 05:28:32.381   37.34611747063733          171.7913574459184           562.3129974137328          6932.619036430547         0.001680974837631418      
01 Jan 2026 05:29:22.546   15.44493520133248          -0.5663879884692847         530.854770280971           6907.485534630098         0.0007784544345904891     01 Jan 2026 05:29:22.546   -76.86800877369231         -148.2968320831189          571.0226368411895          6928.886990399337         0.002874012862813917      01 Jan 2026 05:29:22.546   40.44647257448482          170.9039529466888           563.3022709951756          6932.479794060879         0.001820391314330725      
01 Jan 2026 05:30:14.966   12.15292268319462          -1.245340038850373          530.32075854915            6907.516444020425         0.0008434836236690965     01 Jan 2026 05:30:14.966   -74.08668086367489         -155.3710564057241          570.8798549334151          6929.251445860145         0.002858536126463572      01 Jan 2026 05:30:14.966   43.67926911629292          169.9068852772263           564.3237238723686          6932.302648747906         0.00196412111303435       
01 Jan 2026 05:31:07.653   8.842333146605743          -1.916542387121154          529.9039364188384          6907.538835122371         0.0008941907950317663     01 Jan 2026 05:31:07.653   -71.13681248445134         -160.42826249047            570.60852512986            6929.611845714586         0.002825432336113696      01 Jan 2026 05:31:07.653   46.9202837825736           168.8159853616915           565.3243940056518          6932.094331808726         0.002104254599911236      
01 Jan 2026 05:31:57.939   5.68139437261217           -2.549692135453332          529.6230970146853          6907.551455546616         0.0009282768593081349     01 Jan 2026 05:31:57.939   -68.23409724508855         -164.0510227491748          570.2356916864128          6929.948348119187         0.002777964869694606      01 Jan 2026 05:31:57.939   50.00452300093647          167.6712471804346           566.2427497510535          6931.869468575615         0.002232007305798148      
01 Jan 2026 05:32:50.486   2.377486821449029          -3.206475655041032          529.4552766274337          6907.55506640552          0.0009485375495231747     01 Jan 2026 05:32:50.486   -65.14202867029911         -167.0135639676755          569.7344347951839          6930.290016312412         0.002712543940743041      01 Jan 2026 05:32:50.486   53.2161468223855           166.3383573358523           567.1513751297398          6931.609750718095         0.002357408841895097      
01 Jan 2026 05:33:43.210   -0.9378889927152327        -3.863395264579539          529.4180116313446          6907.548627205119         0.0009528640396361295     01 Jan 2026 05:33:43.210   -61.9982683453333          -169.4081722365309          569.1253854566439          6930.62024262741          0.002631602895103259      01 Jan 2026 05:33:43.210   56.42433063046033          164.8205514327985           567.9979795040199          6931.326286372768         0.002473195937157453      
01 Jan 2026 05:34:33.967   -4.129429215185571         -4.496541194500704          529.5066334487301          6907.532914550757         0.0009418649809567795     01 Jan 2026 05:34:33.967   -58.9438513457123          -171.3265976818664          568.44783457841            6930.923903522967         0.002540268362550723      01 Jan 2026 05:34:33.967   59.49582918599155          163.1356661913867           568.7399315974353          6931.034178301486         0.002573682224356453      
01 Jan 2026 05:35:26.519   -7.433275123282204         -5.155661496320609          529.7258932192826          6907.507051858971         0.0009149834864832116     01 Jan 2026 05:35:26.519   -55.75979839184755         -173.0209926104367          567.6624657693237          6931.221104830805         0.002433103380080158      01 Jan 2026 05:35:26.519   62.6531724790155           161.0811316533818           569.4214630498091          6930.714357518985         0.002664993325029556      
01 Jan 2026 05:36:19.251   -10.74731528496773         -5.823661979369407          530.0734412808379          6907.471767661678         0.0008725609628742905     01 Jan 2026 05:36:19.251   -52.54777462453284         -174.4974008313262          566.800199483675           6931.499148217651         0.002314146449470757      01 Jan 2026 05:36:19.251   65.78980507243108          158.5825883212009           570.0061775081922          6930.378172820623         0.002742344771055314      
01 Jan 2026 05:37:10.589   -13.97228917411627         -6.483433079821959          530.530267435428           6907.42911163705          0.0008169782411196815     01 Jan 2026 05:37:10.589   -49.40747608515889         -175.7700154835763          565.9010951020937          6931.747920880292         0.002188900414569546      01 Jan 2026 05:37:10.589   68.80081884780444          155.5510359354843           570.47084701312            6930.038519717851         0.002802863044918371      
01 Jan 2026 05:38:03.253   -17.27848751877833         -7.17327332272932           531.114412470446           6907.377750603728         0.0007461505968324167     01 Jan 2026 05:38:03.253   -46.17506648660375         -176.9437992456002          564.9303059344456          6931.978075771548         0.002052521604975871      01 Jan 2026 05:38:03.253   71.82449680408619          151.5319980068517           570.8319947001892          6929.679749382466         0.002848867833274618      
01 Jan 2026 05:38:55.982   -20.58615860161507         -7.880986349485084          531.8090172004868          6907.319737789146         0.0006623376247415011     01 Jan 2026 05:38:55.982   -42.92931891655515         -178.013230972948           563.9223584282809          6932.180549814688         0.00190993852071057       01 Jan 2026 05:38:55.982   74.74781871414901          146.0812427908537           571.0692294016308          6929.312267215302         0.002877869841431587      
01 Jan 2026 05:39:46.658   -23.76216937964033         -8.581248905770034          532.5717911679221          6907.259001066496         0.0005710112569085398     01 Jan 2026 05:39:46.658   -39.80235602988193         -178.9610049468568          562.9323219689222          6932.346447804476         0.001769263269107923      01 Jan 2026 05:39:46.658   77.3925876647704           138.677896114033            571.1745200505493          6928.953247282032         0.002889129226907564      
01 Jan 2026 05:40:39.215   -27.05258838509802         -9.333149278687609          533.4517049681335          6907.192286725991         0.0004671838020882751     01 Jan 2026 05:40:39.215   -36.55249633846321         -179.8768021928857          561.8965076507375          6932.486493145091         0.001621964257740743      01 Jan 2026 05:40:39.215   79.82838298353177          127.3082506849818           571.1524161347943          6928.57671862006          0.002883248145744863      
01 Jan 2026 05:41:31.966   -30.35091424920191         -10.11986387875533          534.4146912070009          6907.123132683719         0.0003571983050243459     01 Jan 2026 05:41:31.966   -33.28462494069856         179.2602198369498           560.8609003589663          6932.592059752474         0.001475452791344841      01 Jan 2026 05:41:31.966   81.68169683102666          110.0616586775685           570.9929326288857          6928.196274032803         0.002859205745030744      
01 Jan 2026 05:42:22.202   -33.48748458394797         -10.90534625555857          535.3949421539774          6907.05684609084          0.0002545199251623628     01 Jan 2026 05:42:22.202   -30.16761315008885         178.4813743422384           559.8904290713217          6932.658101127484         0.001340141234736456      01 Jan 2026 05:42:22.202   82.48292402325195          87.73824335747101           570.7119341644229          6927.833061886869         0.002819457915361627      
01 Jan 2026 05:43:14.697   -36.75979476321374         -11.77212166780688          536.4727498520706          6906.988905370838         0.0001741856474888067     01 Jan 2026 05:43:14.697   -26.90584430803485         177.7044043217858           558.904789907876           6932.689372228617         0.001206812894169274      01 Jan 2026 05:43:14.697   81.9974087281046           63.38907049569726           570.2839077492736          6927.453887110479         0.002760609111887469      
01 Jan 2026 05:44:07.426   -40.04045438945276         -12.70041724400234          537.5970287600367          6906.923924002209         0.000182933869964956      01 Jan 2026 05:44:07.426   -23.62536650143137         176.9552331483617           557.9558209152592          6932.680341281745         0.001085721028564682      01 Jan 2026 05:44:07.426   80.3556804403712           44.46299091921694           569.7174644285069          6927.074559972348         0.00268416661985633       
01 Jan 2026 05:44:57.612   -43.15618214299961         -13.64968222276872          538.693034499448           6906.866920152534         0.0002745693917442202     01 Jan 2026 05:44:57.612   -20.49973793276717         176.2660665577761           557.1010899766779          6932.632830075894         0.0009873632043476061     01 Jan 2026 05:44:57.612   78.14564808727248          32.31107351039818           569.0543365332796          6926.715853065282         0.002595937226460552      
01 Jan 2026 05:45:50.099   -46.40663913140821         -14.72716841219959          539.8527360389135          6906.814256484166         0.000402740988168159      01 Jan 2026 05:45:50.099   -17.22777601569008         175.5655539789124           556.2675264345698          6932.541478636101         0.0009077654982170371     01 Jan 2026 05:45:50.099   75.47270216811582          23.77906607187854           568.2360995746576          6926.343858746068         0.002488436487666227      
01 Jan 2026 05:46:42.836   -49.66287350409814         -15.91866834067646          541.0177458163953          6906.770444960522         0.0005424024073534885     01 Jan 2026 05:46:42.836   -13.93746346388573         174.8783687415034           555.501131393512           6932.405991333462         0.0008570531652016506     01 Jan 2026 05:46:42.836   72.58241751022346          17.83492615017338           567.2918107775531          6925.973884775994         0.002365936113676805      
01 Jan 2026 05:47:33.113   -52.75622900296627         -17.18292518664116          542.1150898551714          6906.738953215458         0.0006786336000650147     01 Jan 2026 05:47:33.113   -10.79862806174245         174.2353766305252           554.844257914785           6932.235586532208         0.000838932882455254      01 Jan 2026 05:47:33.113   69.71529564363755          13.6781761113078            566.2847837783856          6925.625062277253         0.002236997092082047      
01 Jan 2026 05:48:25.589   -55.97104324259433         -18.6740203720817           543.233275432076           6906.71856511374          0.0008204628138279108     01 Jan 2026 05:48:25.589   -7.520743821246129         173.5736355969868           554.2418406037514          6932.014631394911         0.0008508657990646789     01 Jan 2026 05:48:25.589   66.64970727523992          10.3473573267932            565.1312796799812          6925.265195611777         0.002091468374605233      
01 Jan 2026 05:49:18.336   -59.18454014457332         -20.40379519703738          544.3160131920322          6906.712658637257         0.0009601920281460384     01 Jan 2026 05:49:18.336   -4.224615751106251         172.9150589719653           553.7271906832648          6931.748347879986         0.0008901775988995749     01 Jan 2026 05:49:18.336   63.51805847901746          7.694403310831037           563.8766793472269          6924.907816944202         0.00193601772542663       
01 Jan 2026 05:50:09.309   -62.26795045406293         -22.37001419866772          545.311006416583           6906.722392876574         0.001090653807775943      01 Jan 2026 05:50:09.309   -1.038437258324283         172.282102160469            553.3200774578254          6931.449408865846         0.0009479070114667732     01 Jan 2026 05:50:09.309   60.45803991147788          5.590683655836759           562.5845280809826          6924.566444787441         0.001779459407859003      
01 Jan 2026 05:51:01.851   -65.41577146257046         -24.81370190654289          546.2721286288734          6906.749757460076         0.001218772204957657      01 Jan 2026 05:51:01.851   2.246235384481678          171.6304744074335           552.9956010943561          6931.09930811497          0.001021072631722813      01 Jan 2026 05:51:01.851   57.27837808892795          3.762499295560457           561.1828209130435          6924.218387771489         0.001614572267213821      
01 Jan 2026 05:51:54.585   -68.53148034470141         -27.87121707347629          547.159965092028           6906.796211766625         0.001339371942549203      01 Jan 2026 05:51:54.585   5.542930651718906          170.9744771673238           552.7679622991764          6930.706298382839         0.00110267990498703       01 Jan 2026 05:51:54.585   54.06716765505595          2.184708466737635           559.7181053685654          6923.872543539927         0.00144930580597274       
01 Jan 2026 05:52:46.214   -71.5194601944449          -31.73202142657065          547.9450096735209          6906.861199551488         0.001448394506981225      01 Jan 2026 05:52:46.214   8.770171837413351          170.3274987445976           552.639640564862           6930.282617519419         0.001186186893618728      01 Jan 2026 05:52:46.214   50.90789571756262          0.8288269439930731          558.2416036980576          6923.536824992964         0.001292442509927676      
01 Jan 2026 05:53:38.882   -74.46774066590625         -37.03526923088666          548.6513333255089          6906.948261015784         0.001549213135506784      01 Jan 2026 05:53:38.882   12.06146424897582          169.6597226604075           552.6030517138597          6929.81261939613          0.001271837302305612      01 Jan 2026 05:53:38.882   47.67235183223676          -0.4056055661121989         556.7066789453283          6923.196707990973         0.001143752177888031      
01 Jan 2026 05:54:31.595   -77.24915597590031         -44.56984094690335          549.2552132189676          6907.057049315837         0.00163858213586615       01 Jan 2026 05:54:31.595   15.35423493051459          168.9802896975843           552.6582545432348          6929.306207696263         0.00135571730756026       01 Jan 2026 05:54:31.595   44.4233023541898           -1.522921167761593          555.1565236546057          6922.858040208047         0.001014682287779833      
01 Jan 2026 05:55:22.585   -79.65029027329686         -55.35752310178505          549.735487234776           6907.183275007617         0.001713236586604627      01 Jan 2026 05:55:22.585   18.5376938724404           168.3091704240458           552.794385721646           6928.784445000805         0.001433550663731141      01 Jan 2026 05:55:22.585   41.27171514461204          -2.514040601986465          553.6583216248573          6922.531463878306         0.0009182751944311083     
01 Jan 2026 05:56:15.082   -81.56297580790856         -72.08484331377119          550.1187131299375          6907.334932934868         0.001777311571087047      01 Jan 2026 05:56:15.082   21.81300383570347          167.6001216592367           553.0134705993705          6928.217211644582         0.001509162360353707      01 Jan 2026 05:56:15.082   38.01925567172319          -3.460128461613807          552.1321450877012          6922.195642201537         0.0008584088647730864     
01 Jan 2026 05:57:07.800   -82.46994533081184         -95.33044049925209          550.3868553621514          6907.509256777299         0.001828096256459771      01 Jan 2026 05:57:07.800   25.09940114098432          166.8651375347846           553.3066757543156          6927.619936437623         0.001579656072911296      01 Jan 2026 05:57:07.800   34.74613196146007          -4.348466271900021          550.6312887934437          6921.85818006886          0.0008451046499373146     
01 Jan 2026 05:57:58.167   -82.05769586578846         -118.9187936049516          550.5322833687533          6907.696041873975         0.001863613696905457      01 Jan 2026 05:57:58.167   28.23612732160279          166.1366445832828           553.6474210258148          6927.026480935672         0.001641354286273244      01 Jan 2026 05:57:58.167   31.61331855692004          -5.149816308277436          549.2409293840428          6921.53502180805          0.0008749805424257185     
01 Jan 2026 05:58:50.589   -80.47656140144217         -138.2303322536491          550.5686101863066          6907.910792414584         0.001886942185278385      01 Jan 2026 05:58:50.589   31.49713523577844          165.3452159668521           554.055875781467           6926.388485942906         0.001699263544964966      01 Jan 2026 05:58:50.589   28.34743031290217          -5.943434652356077          547.8528512113553          6921.197407012766         0.0009414420553390873     
01 Jan 2026 05:59:43.233   -78.1692381172108          -151.2415651552326          550.4884198355603          6908.146388432986         0.001896400297301141      01 Jan 2026 05:59:43.233   34.76757386130927          164.5090356732861           554.5111486578126          6925.730547962348         0.001750578955275347      01 Jan 2026 05:59:43.233   25.0629164560354           -6.706240043518251          546.532966208576           6920.856649140223         0.001032223694376556      
01 Jan 2026 06:00:33.327   -75.61590452099237         -159.5183016201033          550.3062285479             6908.387990777523         0.001892592182076207      01 Jan 2026 06:00:33.327   37.87481488694032          163.6665863373418           554.9762874844309          6925.091953752666         0.001792747729774434      01 Jan 2026 06:00:33.327   21.93363651607458          -7.405950274363688          545.3577393467276          6920.530542541026         0.001130461770219434      
01 Jan 2026 06:01:25.756   -72.73976039053098         -165.5632936481356          550.0091465818487          6908.657619585148         0.001875594927828145      01 Jan 2026 06:01:25.756   41.12112064065716          162.7252951387462           555.4854921006599          6924.414277257462         0.001829634843090033      01 Jan 2026 06:01:25.756   18.6549733098934           -8.11597975951514           544.2233723799854          6920.18715239936          0.001237113744208978      
01 Jan 2026 06:02:18.502   -69.72353654018197         -169.9828815545555          549.606163878896           6908.94446421746          0.001845607856047135      01 Jan 2026 06:02:18.502   44.38016268668658          161.7028232325079           556.0092416212237          6923.726848313439         0.00185896603790256       01 Jan 2026 06:02:18.502   15.35332702624687          -8.81175540877128           543.1914004209711          6919.839537182495         0.001341944769356813      
01 Jan 2026 06:03:08.706   -66.78147675447261         -173.2005974635832          549.1321393330609          6909.23018868763          0.001805707903329975      01 Jan 2026 06:03:08.706   47.47457873305434          160.6425661900744           556.5074248292203          6923.071020718932         0.001879346551843621      01 Jan 2026 06:03:08.706   12.20832987462393          -9.460366960782324          542.3196280062275          6919.506834820284         0.001435109979958033      
01 Jan 2026 06:04:01.084   -63.66291496940976         -175.8713011217234          548.5514985148893          6909.539404150123         0.001753084361724167      01 Jan 2026 06:04:01.084   50.69365639834551          159.4230843272763           557.0154147003204          6922.389089026855         0.001892458171447923      01 Jan 2026 06:04:01.084   8.925014467365143          -10.12629519147828          541.5326041913204          6919.158151563721         0.001522194733896388      
01 Jan 2026 06:04:53.768   -60.49086178425233         -178.0659351214457          547.8881049055399          6909.859525184754         0.00168979271872354       01 Jan 2026 06:04:53.768   53.91973710012554          158.0483662892888           557.5026319964072          6921.709540958595         0.001896908210752138      01 Jan 2026 06:04:53.768   5.620922822276521          -10.78819014546373          540.8736195916472          6918.806365291152         0.001596934005505851      
01 Jan 2026 06:05:44.240   -57.42769669659026         -179.8363680187181          547.1875831212019          6910.172411814031         0.001620423828207472      01 Jan 2026 06:05:44.240   56.99668344308348          156.5515721104105           557.9364585113181          6921.06818508531          0.001892622269657727      01 Jan 2026 06:05:44.240   2.454419732112941          -11.41767673443426          540.371641020577           6918.469030759088         0.001654771570666974      
01 Jan 2026 06:06:36.712   -54.22402075120642         178.5777190195207           546.402772964936           6910.501549184626         0.001540384829173637      01 Jan 2026 06:06:36.712   60.17741960784504          154.7498862548312           558.3427676589454          6920.41517464065          0.001878953286364704      01 Jan 2026 06:06:36.712   -0.838258675254282         -12.0701149451816           539.9871550321404          6918.118914030941         0.001699377168565843      
01 Jan 2026 06:07:29.434   -50.98971042335002         177.1823663985295           545.56808815758            6910.833440515586         0.001453074477985429      01 Jan 2026 06:07:29.434   63.34870514017543          152.5995647991075           558.6949354848157          6919.776894162579         0.001855418527351901      01 Jan 2026 06:07:29.434   -4.146805692644689         -12.72642994481622          539.743519517101           6917.768873327222         0.001727386887136849      
01 Jan 2026 06:08:20.609   -47.83841496102085         175.974543647241            544.7256467941806          6911.153995321384         0.001362960168435288      01 Jan 2026 06:08:20.609   66.3946603274134           150.0596607016853           558.9739821708345          6919.177853259812         0.001822873876639864      01 Jan 2026 06:08:20.609   -7.357987150555177         -13.36696505680522          539.6437820905921          6917.432056869124         0.001737951126274628      
01 Jan 2026 06:09:13.177   -44.59127339303468         174.8518865478746           543.8398850192771          6911.478784211718         0.001266181065167449      01 Jan 2026 06:09:13.177   69.47615162436495          146.7834363177117           559.1878797753388          6918.586850068432         0.001779220997000026      01 Jan 2026 06:09:13.177   -10.65580040328731         -14.03140696832479          539.6799103752264          6917.090603772843         0.001731522732116141      
01 Jan 2026 06:10:05.906   -41.32544346700993         173.8214658527018           542.9437631506134          6911.797090809643         0.001166120257135063      01 Jan 2026 06:10:05.906   72.49447118277511          142.481066900741            559.3209436466168          6918.02194202603          0.001724804379418288      01 Jan 2026 06:10:05.906   -13.96253905373796         -14.70762700445898          539.8538889080992          6916.754416248365         0.001707512745033664      
01 Jan 2026 06:10:57.071   -38.14948158172397         172.895426636107            542.0795738153138          6912.096011871725         0.001067387283170946      01 Jan 2026 06:10:57.071   75.31185537107861          136.787783801844            559.3660325606343          6917.503304177269         0.001661684821578409      01 Jan 2026 06:10:57.071   -17.1694156746749          -15.3763311425581           540.1498533278445          6916.436055193994         0.001667659686389785      
01 Jan 2026 06:11:49.669   -34.87828001126785         172.0050191527098           541.2094933128419          6912.390316802043         0.000965377348038263      01 Jan 2026 06:11:49.669   78.01216829678678          128.3965044362988           559.3211945090743          6917.003000854647         0.0015861432469885        01 Jan 2026 06:11:49.669   -20.46386311082897         -16.08035662374292          540.5783240866476          6916.118823657036         0.001610170003092523      
01 Jan 2026 06:12:42.447   -31.59027083884882         171.1628779034277           540.3678704563627          6912.66964750388          0.0008635874429290206     01 Jan 2026 06:12:42.447   80.35497620902527          115.7119362307448           559.1796049295835          6916.536793448274         0.001499525418645819      01 Jan 2026 06:12:42.447   -23.76679996805289         -16.80797484351746          541.1269813065801          6915.812900966319         0.001536331778380514      
01 Jan 2026 06:13:33.108   -28.4295483815369          170.3942451809821           539.6011920103501          6912.920247373575         0.0007673123343548905     01 Jan 2026 06:13:33.108   81.95498773138533          97.59324883294532           558.9505324957099          6916.124925787584         0.001406332477963876      01 Jan 2026 06:13:33.108   -26.93408596213918         -17.53098216442653          541.7568967942643          6915.533061792874         0.001451044205722394      
01 Jan 2026 06:14:25.677   -25.1456711416778          169.630518767965            538.8596389738877          6913.159730945567         0.0006696532011673168     01 Jan 2026 06:14:25.677   82.48877454072256          73.23611122676394           558.615544568268           6915.73610569383          0.001299491611840384      01 Jan 2026 06:14:25.677   -30.21677146168868         -18.31227697811206          542.5074347528998          6915.259281329879         0.001348612557204157      
01 Jan 2026 06:15:18.433   -21.84642248184133         168.8925254141523           538.1815366438213          6913.376749609235         0.0005745125856841704     01 Jan 2026 06:15:18.433   81.65374330748452          49.70512145568797           558.1803723478315          6915.386733182526         0.001182292394652652      01 Jan 2026 06:15:18.433   -33.50656418950479         -19.13503631631097          543.3485869392689          6915.003924339368         0.001232703334547499      
01 Jan 2026 06:16:08.733   -18.69780421624085         168.2105391428327           537.6058382325373          6913.559991729775         0.0004867942922271072     01 Jan 2026 06:16:08.733   79.87960093057883          33.19038436416697           557.6750334265262          6915.092665301971         0.001061739279195379      01 Jan 2026 06:16:08.733   -36.63829832113909         -19.96334508188145          544.2213429530211          6914.78082085313          0.0011111403247404        
01 Jan 2026 06:17:01.230   -15.40912401693982         167.5169424691894           537.0872528734253          6913.724817711318         0.000398454828441736      01 Jan 2026 06:17:01.230   77.44629837282945          21.68468051048402           557.0569049195701          6914.827060771577         0.0009274029504229994     01 Jan 2026 06:17:01.230   -39.90087305823793         -20.88343805833243          545.1934637357635          6914.571546353289         0.0009740967870543603     
01 Jan 2026 06:17:53.989   -12.10183340387193         166.8346285428995           536.6582605320227          6913.861717696724         0.0003128189139894869     01 Jan 2026 06:17:53.989   74.68152480945393          13.94464442842515           556.3472485962675          6914.602973864654         0.0007844341960186545     01 Jan 2026 06:17:53.989   -43.17273282698476         -21.87825046053169          546.2202052522971          6914.387893843123         0.0008273509287918646     
01 Jan 2026 06:18:44.193   -8.953109652722027         166.1957979967404           536.3416686303935          6913.964023317778         0.0002338950030819626     01 Jan 2026 06:18:44.193   71.88571229592368          8.738557383259483           555.5954629502394          6914.429635017723         0.0006418489969673345     01 Jan 2026 06:18:44.193   -46.27854708626045         -22.90544418858577          547.2308982536097          6914.24015435154          0.0006807255381197354     
01 Jan 2026 06:19:36.589   -5.665679257483697         165.5368100690115           536.1112400073544          6914.040742453516         0.0001536484591847746     01 Jan 2026 06:19:36.589   68.86563117214098          4.699488309053542           554.7386018559428          6914.289923802727         0.0004872631249578534     01 Jan 2026 06:19:36.589   -49.51067146175705         -24.08194425663035          548.3074530682425          6914.116266021059         0.0005219435332280924     
01 Jan 2026 06:20:29.359   -2.354007731471498         164.8780998278467           535.9857756003967          6914.086282333591         7.459391393181065e-05     01 Jan 2026 06:20:29.359   65.75670416325937          1.565299448523776           553.8097992301364          6914.191132031274         0.0003267924306709167     01 Jan 2026 06:20:29.359   -52.75433707769989         -25.40302986919658          549.4004249345899          6914.024937690529         0.0003576994793944484     
01 Jan 2026 06:21:19.777   0.8103646414191092         164.2507110754578           535.9676223906599          6914.099678571374         1.483758190585544e-05     01 Jan 2026 06:21:19.777   62.74376014086577          -0.8378726330800697         552.8699303161638          6914.135192159386         0.0001702026609347428     01 Jan 2026 06:21:19.777   -55.84022491173349         -26.82896630250943          550.4402093564258          6913.970930175165         0.0001983701679892333     
01 Jan 2026 06:22:12.235   4.102609392416812          163.5972234137283           536.0545962135484          6914.082298761737         8.365544947848939e-05     01 Jan 2026 06:22:12.235   59.57757247553739          -2.907672307632961          551.8481856800336          6914.115728251113         6.066072112648991e-06     01 Jan 2026 06:22:12.235   -59.03375947637256         -28.53454603629198          551.5046434371216          6913.951032560244         3.550055171383834e-05     
01 Jan 2026 06:23:04.960   7.411097064814003          162.9368036240745           536.2496154934261          6914.032876606787         0.0001645727466394044     01 Jan 2026 06:23:04.960   56.37128703097299          -4.666988039083545          550.7878653292173          6914.134548124662         0.000161364395603563      01 Jan 2026 06:23:04.960   -62.22078984815192         -30.55376101187781          552.5440523686957          6913.969987504459         0.0001393459522150719     
01 Jan 2026 06:23:56.115   10.62002370619789          162.2897829747969           536.5393221797885          6913.954827233754         0.0002457244452980373     01 Jan 2026 06:23:56.115   53.24291786967882          -6.144977598632761          549.739146528409           6914.187995302763         0.000322066876110369      01 Jan 2026 06:23:56.115   -65.28353758884455         -32.91422863415886          553.5118675082995          6914.027084491569         0.0003000826004962609     
01 Jan 2026 06:24:48.738   13.91953653313231          161.6146647706889           536.9364560107606          6913.844439902988         0.0003322354066487224     01 Jan 2026 06:24:48.738   50.01045468870316          -7.486246571494394          548.6526846208708          6914.277301827852         0.0004849922340333769     01 Jan 2026 06:24:48.738   -68.39194476356387         -35.92785334948108          554.4547699548111          6914.126772545004         0.0004628815629624764     
01 Jan 2026 06:25:41.499   17.22579752781743          160.9246486394369           537.4298639961016          6913.704259930765         0.0004224010713798752     01 Jan 2026 06:25:41.499   46.75756007921417          -8.689456068844398          547.5690916041876          6914.399750046961         0.0006443074630081855     01 Jan 2026 06:25:41.499   -71.44529067614701         -39.82826168641972          555.3363905243305          6914.269345198363         0.0006217941543894813     
01 Jan 2026 06:26:32.327   20.40853270394904          160.2439471660665           537.9886907549217          6913.542628516801         0.0005126357062573716     01 Jan 2026 06:26:32.327   43.61454965940376          -9.742747279943432          546.5436742070342          6914.54680205527          0.0007924369888265511     01 Jan 2026 06:26:32.327   -74.29340449267765         -44.86354652641002          556.1167609401527          6914.447649987525         0.0007695731342746284     
01 Jan 2026 06:27:24.853   23.6947908278109           159.5198592089075           538.6441955794735          6913.349818792301         0.000609266848106424      01 Jan 2026 06:27:24.853   40.35829871582622          -10.74398963085849          545.5164770307128          6914.726526860636         0.000938459134172546      01 Jan 2026 06:27:24.853   -77.07652868223796         -52.18135337928393          556.8445232695476          6914.674464668436         0.0009157158460014076     
01 Jan 2026 06:28:17.588   26.9905899592725           158.7669155123978           539.372604863328           6913.131811661273         0.0007093966988499593     01 Jan 2026 06:28:17.588   37.08201161424994          -11.67705244899026          544.5321041314755          6914.932971653462         0.001076297139855819      01 Jan 2026 06:28:17.588   -79.57752912364725         -63.09710610369446          557.4882001552396          6914.945685216849         0.001054716063599489      
01 Jan 2026 06:29:07.768   30.12304133976682          158.0209379971647           540.1214724399351          6912.903607626584         0.0008070592088672699     01 Jan 2026 06:29:07.768   33.95864894674249          -12.51018745297232          543.6514078103928          6915.15137231021          0.001197932598109683      01 Jan 2026 06:29:07.768   -81.44729221599431         -78.70476668271311          558.0150206403423          6915.243948277228         0.001178998311346968      
01 Jan 2026 06:30:00.223   33.39302560943258          157.2037743659019           540.9514632393211          6912.645666906914         0.0009109036105038142     01 Jan 2026 06:30:00.223   30.68850244398062          -13.33427139722682          542.8016115446526          6915.400204042176         0.001313795269528015      01 Jan 2026 06:30:00.223   -82.45157862215218         -101.3902968144228          558.4727833242005          6915.596978928211         0.001299880275505864      
01 Jan 2026 06:30:52.974   36.67625727398022          156.3351755877636           541.8228039575206          6912.368752627817         0.00101622707717395       01 Jan 2026 06:30:52.974   27.39519514851145          -14.12329358882817          542.0321905896235          6915.669190419228         0.001417383602799458      01 Jan 2026 06:30:52.974   -82.10901461886154         -126.2082679458391          558.835040701797           6915.993531408229         0.001411536512838957      
01 Jan 2026 06:31:43.042   39.78694730501603          155.457867106255            542.6722242577944          6912.092091627022         0.001116046192530792      01 Jan 2026 06:31:43.042   24.26563196879531          -14.84185708336788          541.3914593085356          6915.939682569859         0.001502620510271693      01 Jan 2026 06:31:43.042   -80.65799342074784         -145.0630369672681          559.0870846167181          6916.407204024479         0.001507890048908033      
01 Jan 2026 06:32:35.474   43.03776578356011          154.4715574351374           543.5726217641741          6911.790558345543         0.001219302230475284      01 Jan 2026 06:32:35.474   20.98502133979396          -15.56834987210176          540.8240519404344          6916.236556522096         0.001577220843856872      01 Jan 2026 06:32:35.474   -78.41022848103297         -158.5073762276794          559.2557644829885          6916.877717771987         0.001598417935511824      
01 Jan 2026 06:33:28.249   46.30188220329281          153.3925902079323           544.477056274367           6911.477622265214         0.001320687075620674      01 Jan 2026 06:33:28.249   17.67999342397338          -16.27774676578245          540.3692085741695          6916.547223926665         0.001636290174387348      01 Jan 2026 06:33:28.249   -75.74366354646546         -167.4593403476479          559.3291429273459          6917.387882445967         0.001678609356963061      
01 Jan 2026 06:34:18.486   49.40017558932763          152.265401136422            545.323969266643           6911.173586766626         0.001413627978922295      01 Jan 2026 06:34:18.486   14.53174883536814          -16.93667109550215          540.0521434097245          6916.85202160325          0.001676934275087695      01 Jan 2026 06:34:18.486   -73.00130166775537         -173.3691999105659          559.3122872369158          6917.905439010815         0.001744663662586825      
01 Jan 2026 06:35:10.975   52.62644562162686          150.9559360133379           546.1816084141683          6910.852253066806         0.001505761674118416      01 Jan 2026 06:35:10.975   11.2405103187623           -17.61181531816202          539.8481230113875          6917.178027353216         0.00170267494735341       01 Jan 2026 06:35:10.975   -70.01299053459275         -177.8768513333261          559.2089111733003          6918.476952736208         0.001802976617477629      
01 Jan 2026 06:36:03.773   55.85787768131571          149.4645624226368           547.0034629995407          6910.528058738072         0.001592019318678147      01 Jan 2026 06:36:03.773   7.928530000695722          -18.28062332621031          539.7793429210815          6917.511902771201         0.00171103490141082       01 Jan 2026 06:36:03.773   -66.92844912249798         178.685053728777            559.0224849602391          6919.080643541259         0.001850698778989138      
01 Jan 2026 06:36:54.446   58.9428236394527           147.8185093070092           547.7421190963678          6910.218605648249         0.001667562702609441      01 Jan 2026 06:36:54.446   4.749074393305798          -18.91576417722531          539.8455190207096          6917.836382935042         0.001702471227725134      01 Jan 2026 06:36:54.446   -63.91933265544035         176.0722559867089           558.7725594287722          6919.684230383049         0.001886357266946763      
01 Jan 2026 06:37:47.021   62.12158781718249          145.8134859931598           548.4452404259582          6909.901894737228         0.001737270466071337      01 Jan 2026 06:37:47.021   1.449904093522677          -19.57067572467425          540.0530729746051          6918.17578940813          0.001676616319379184      01 Jan 2026 06:37:47.021   -60.76226537810948         173.8534128256265           558.4477823252128          6920.33221904617          0.001913094500030829      
01 Jan 2026 06:38:39.785   65.28155130999403          143.3833254549532           549.0752636863153          6909.591058988617         0.001797227484721639      01 Jan 2026 06:38:39.785   -1.86103654898328          -20.22664644732601          540.404020440028           6918.517944227366         0.00163379266893479       01 Jan 2026 06:38:39.785   -57.56782815067069         171.9876805388952           558.0639835085049          6921.001210817401         0.001929718825802605      
01 Jan 2026 06:39:31.116   68.31491912680087          140.4491866274949           549.6058937539401          6909.29773335213          0.001844951705674948      01 Jan 2026 06:39:31.116   -5.081498544942227         -20.86629345980772          540.8813783673786          6918.851223141251         0.001576712265590177      01 Jan 2026 06:39:31.116   -54.44132012697265         170.4283095798878           557.6446441263533          6921.666344762317         0.001936395845225076      
01 Jan 2026 06:40:23.693   71.36037948975016          136.5853265106097           550.0565314274636          6909.008773205026         0.001882094880885517      01 Jan 2026 06:40:23.693   -8.379013450986493         -21.52581538239131          541.506427114221           6919.192132345094         0.001503696696162335      01 Jan 2026 06:40:23.693   -51.22400753494973         169.0285404482909           557.1786837496684          6922.358377120432         0.001933871870852786      
01 Jan 2026 06:41:16.442   74.31805155977619          131.3655094210199           550.4065185842292          6908.732591737874         0.001906643781531101      01 Jan 2026 06:41:16.442   -11.68574237857986         -22.19492776185255          542.2673623725268          6919.533002335086         0.001417375999775472      01 Jan 2026 06:41:16.442   -47.9839898027347          167.7790274417175           556.6853827450959          6923.059581233806         0.001922176856359291      
01 Jan 2026 06:42:07.813   77.04137819267937          124.2046718124947           550.6428857785641          6908.478600142578         0.001917701083735189      01 Jan 2026 06:42:07.813   -14.90412927410995         -22.85680013627123          543.1313401732978          6919.863380294793         0.001323016682901471      01 Jan 2026 06:42:07.813   -44.81897894675974         166.6790592926377           556.1912965471483          6923.745165278954         0.001902309042668737      
01 Jan 2026 06:43:00.381   79.5403773498107           113.3694412610843           550.7730967101888          6908.235564702199         0.001915423330483014      01 Jan 2026 06:43:00.381   -18.19494664562924         -23.54796887976243          544.1334254224785          6920.199524882573         0.001219156273750609      01 Jan 2026 06:43:00.381   -41.57206943770575         165.6485065871127           555.6833677367758          6924.44538635886          0.001873659868513988      
01 Jan 2026 06:43:53.121   81.49598712776512          96.87463754336984           550.7866697537875          6908.010229424534         0.001899016038796521      01 Jan 2026 06:43:53.121   -21.49347960956453         -24.25939992825338          545.2495974040021          6920.534683980607         0.001112067564724422      01 Jan 2026 06:43:53.121   -38.30746603455925         164.692353163177            555.1832467197701          6925.142408498023         0.001836798207664496      
01 Jan 2026 06:44:43.766   82.44431160268151          74.85204547394657           550.687394181221           6907.812304437801         0.00186982288838211       01 Jan 2026 06:44:43.766   -24.65759341110716         -24.9636794264218           546.4160927338116          6920.854596366174         0.001012463288998568      01 Jan 2026 06:44:43.766   -35.16685708059813         163.8338015773694           554.7229095183084          6925.802712565089         0.001794057967409483      
01 Jan 2026 06:45:36.202   82.10318122211751          50.17309442768604           550.4681372747418          6907.62722780208          0.001825769684657262      01 Jan 2026 06:45:36.202   -27.92960404162998         -25.71961539623613          547.7103222520909          6921.184012435669         0.0009211877799837235     01 Jan 2026 06:45:36.202   -31.9100988084322          162.9952736989974           554.2778822646005          6926.473156796943         0.001742550921919045      
01 Jan 2026 06:46:28.944   80.5522224182276           30.46234425213569           550.1290496517631          6907.461983534788         0.001767492696990246      01 Jan 2026 06:46:28.944   -31.2160502691164          -26.51342000814412          549.0882919246333          6921.513816894281         0.0008529465035815028     01 Jan 2026 06:46:28.944   -28.62980755662207         162.1943697856861           553.8735251187245          6927.130075935976         0.001683654090034127      
01 Jan 2026 06:47:19.144   78.38127083754324          17.73837919280134           549.6981947173954          6907.324445036487         0.001699389481610727      01 Jan 2026 06:47:19.144   -34.33907088415624         -27.30677770600397          550.4582845200812          6921.826689410911         0.0008216535864401619     01 Jan 2026 06:47:19.144   -25.50408797335139         161.4647174114079           553.538472418938           6927.735597538792         0.001621373441773978      
01 Jan 2026 06:48:11.533   75.72834442047709          8.857344176800089           549.1399382070304          6907.201438360801         0.001615730174987642      01 Jan 2026 06:48:11.533   -37.59256804131456         -28.18256368643303          551.9352099653897          6922.152656991494         0.0008332365437090859     01 Jan 2026 06:48:11.533   -22.23874420260777         160.7311315062661           553.2497189495034          6928.343602444595         0.001550384226122543      
01 Jan 2026 06:49:04.188   72.84474643335125          2.703103005097931           548.4725012151303          6907.098686733614         0.001519442766515412      01 Jan 2026 06:49:04.188   -40.85575142383253         -29.12276559354662          553.4535379149484          6922.480295027754         0.0008920354207584294     01 Jan 2026 06:49:04.188   -18.95407803787129         160.0173202461522           553.0306630631158          6928.926725393967         0.00147351305582519       
01 Jan 2026 06:49:54.314   69.98227452301434          -1.572532347495698          547.744371325055           6907.019849619383         0.001417259391052414      01 Jan 2026 06:49:54.314   -43.95497230059156         -30.08629506090842          554.9166171753714          6922.792811725696         0.0009858678616859349     01 Jan 2026 06:49:54.314   -15.82505273586905         159.3554838559572           552.8953306445765          6929.452921573319         0.001395991562887289      
01 Jan 2026 06:50:46.689   66.91516001845126          -4.987769337134471          546.8947463875766          6906.956531871679         0.001300561612845404      01 Jan 2026 06:50:46.689   -47.18464335435564         -31.18130970914053          556.4491313340977          6923.120646457865         0.001113233389814818      01 Jan 2026 06:50:46.689   -12.55380262122364         158.6785481150354           552.8362907455357          6929.969867672275         0.001311611934627216      
01 Jan 2026 06:51:39.364   63.77843422596688          -7.699103833521572          545.9580136467384          6906.911531792821         0.001174182552535158      01 Jan 2026 06:51:39.364   -50.4223661795652          -32.39627852508536          557.9791859296474          6923.452356023095         0.001261382545709497      01 Jan 2026 06:51:39.364   -9.262450499831777         158.0092785023531           552.8668319022672          6930.453358133816         0.00122491222760844       
01 Jan 2026 06:52:29.724   60.74545152721574          -9.821383504549724          544.9950749740638          6906.884930627022         0.001046187049322348      01 Jan 2026 06:52:29.724   -53.50618198133097         -33.69288467239544          559.4174633358953          6923.77197089017          0.001414073261639243      01 Jan 2026 06:52:29.724   -6.114835025075509         157.377225356793            552.9838231126942          6930.879360325652         0.001142447239790983      
01 Jan 2026 06:53:22.178   57.56053325283099          -11.68160389642391          543.9332173441853          6906.87297327857          0.0009069030482699619     01 Jan 2026 06:53:22.178   -56.7033924519248          -35.22404515415639          560.8757686764066          6924.108029052942         0.001578437073340175      01 Jan 2026 06:53:22.178   -2.835929585941303         156.7241063833353           553.1991632987983          6931.283526470904         0.001060092394351396      
01 Jan 2026 06:54:14.859   54.34158828348328          -13.28418520297003          542.8185309146029          6906.875623714603         0.000762582213365181      01 Jan 2026 06:54:14.859   -59.89544150085284         -37.00548233263044          562.2854935402338          6924.449317644854         0.001744155857957904      01 Jan 2026 06:54:14.859   0.4572381234126737         156.0706417665601           553.5123003909566          6931.647249230617         0.000985324320536601      
01 Jan 2026 06:55:05.738   51.21760098107588          -14.64095275469167          541.708452329457           6906.890555128436         0.0006208373394934413     01 Jan 2026 06:55:05.738   -62.95488291259668         -39.03758424641731          563.5819967987727          6924.782942139312         0.001901205799178417      01 Jan 2026 06:55:05.738   3.637426575321191          155.4392195065763           553.9062988160495          6931.95720040485          0.0009259739307804556     
01 Jan 2026 06:55:58.269   47.97958093198316          -15.88985020091107          540.5410814031084          6906.916994170884         0.0004744645786109425     01 Jan 2026 06:55:58.269   -66.08107139880447         -41.5797908018755           564.8412093302877          6925.131845784854         0.002057259605627909      01 Jan 2026 06:55:58.269   6.920060619753282          154.7842252362252           554.4054383528937          6932.233712101262         0.0008843865357714329     
01 Jan 2026 06:56:50.981   44.71977502521528          -17.02125488987823          539.3619599598651          6906.952929947185         0.0003314287552904077     01 Jan 2026 06:56:50.981   -69.17107382290338         -44.77911699999375          566.0120501970559          6925.486677517383         0.002205097656373572      01 Jan 2026 06:56:50.981   10.21270492214617          154.1209474016162           554.9970271461425          6932.466189108571         0.0008692383155935577     
01 Jan 2026 06:57:42.256   41.54018195978143          -18.02870911492017          538.2211881053545          6906.995092828067         0.0002051890199413396     01 Jan 2026 06:57:42.256   -72.10984009584172         -48.81724671845566          567.0517499719153          6925.836417098445         0.002338451808012145      01 Jan 2026 06:57:42.256   13.41394712444847          153.4670100515095           555.6548814279377          6932.648885546374         0.0008844440456915009     
01 Jan 2026 06:58:34.764   38.27653705121129          -18.98380411261997          537.0732879371053          6907.043739253843         0.0001292075706222956     01 Jan 2026 06:58:34.764   -75.01114827365905         -54.42161116083476          568.00591236744            6926.199119963357         0.002462571410675064      01 Jan 2026 06:58:34.764   16.6900651126642           152.7851662937688           556.4064921798217          6932.79169735315          0.0009315937226219425     
01 Jan 2026 06:59:27.464   34.99431511491289          -19.87908113232536          535.9559115977563          6907.096205882045         0.0001805252965892222     01 Jan 2026 06:59:27.464   -77.73670550100051         -62.46785666222608          568.8431320888803          6926.567461034581         0.002572985061683425      01 Jan 2026 06:59:27.464   19.97551523533802          152.0848024657454           557.2324515350338          6932.890433050293         0.001008311274677468      
01 Jan 2026 07:00:18.102   31.83498029900852          -20.69045794736567          534.9278813002529          6907.148285905771         0.0002866965438187498     01 Jan 2026 07:00:18.102   -80.03786144783246         -73.95617570886935          569.5277987325726          6926.924992126287         0.002664549874735394      01 Jan 2026 07:00:18.102   23.12954883285318          151.3928443901646           558.085346176038           6932.943935626331         0.001105009316834151      
01 Jan 2026 07:01:10.560   28.55711888699804          -21.48948764024483          533.9228699720325          6907.202191074542         0.0004034427658662164     01 Jan 2026 07:01:10.560   -81.80586598966205         -91.74127780008637          570.1083365565819          6927.298407248527         0.002743418773965456      01 Jan 2026 07:01:10.560   26.39347402896957          150.6518132595164           559.0204545301576          6932.957635029662         0.001223354922321722      
01 Jan 2026 07:02:03.261   25.25953457378267          -22.25723843687507          532.9870529485997          6907.254579485488         0.0005158022628325973     01 Jan 2026 07:02:03.261   -82.49828730863834         -115.6458420973464          570.5561345179322          6927.675765128153         0.002805509588347518      01 Jan 2026 07:02:03.261   29.66853676620079          149.8770408147207           560.001893527723           6932.929970915734         0.001355534961816095      
01 Jan 2026 07:02:53.450   22.11559039314373          -22.96159079680593          532.1754476175638          6907.301332522539         0.0006144346407483827     01 Jan 2026 07:02:53.450   -81.8858987210776          -138.5779485573792          570.8545324683291          6928.036151893625         0.002848161781756693      01 Jan 2026 07:02:53.450   32.78312509087446          149.1049364446674           560.9648065582005          6932.866495413075         0.001489516060464326      
01 Jan 2026 07:03:45.978   18.82188461703802          -23.67592233562092          531.4194298420607          6907.345566094842         0.0007067939586417866     01 Jan 2026 07:03:45.978   -80.16896673583436         -156.8019160577667          571.0326296572721          6928.413130125931         0.002875272716986931      01 Jan 2026 07:03:45.978   36.03777662164082          148.2533807394189           561.9901702850457          6932.763023878814         0.001634461589218408      
01 Jan 2026 07:04:38.670   15.5150342758617           -24.37355863189686          530.7664172220848          6907.383813377115         0.0007867685149968079     01 Jan 2026 07:04:38.670   -77.79608313890982         -168.9706727567026          571.0744914912148          6928.789574390373         0.002884348677131735      01 Jan 2026 07:04:38.670   39.29670261563111          147.3448152741035           563.0240140340129          6932.623174270599         0.001781466213886622      
01 Jan 2026 07:05:28.761   12.36925210455507          -25.02287302993148          530.2510328059207          6907.413447623318         0.0008499615395943241     01 Jan 2026 07:05:28.761   -75.21811836025149         -176.7497624255879          570.98968419229            6929.144271618094         0.002876241497639623      01 Jan 2026 07:05:28.761   42.38849161540287          146.4194434020171           563.9995360343783          6932.458766346361         0.001920114531850757      
01 Jan 2026 07:06:21.229   9.072433351066769          -25.69193010877684          529.8278869556225          6907.436566795344         0.0009018786431182844     01 Jan 2026 07:06:21.229   -72.33224640732971         177.5150847618618           570.7745900551854          6929.510671943027         0.002850551172385422      01 Jan 2026 07:06:21.229   45.61942062652801          145.3708665138201           565.0008333355017          6932.255924033654         0.002061820375845708      
01 Jan 2026 07:07:13.909   5.760968988982061          -26.35553461926766          529.5284058157449          6907.450917960531         0.0009386475972397031     01 Jan 2026 07:07:13.909   -69.321941363533           173.2953213734452           570.434154425956           6929.871237628874         0.002807551071801013      01 Jan 2026 07:07:13.909   48.85430435237216          144.2166202291751           565.9717947454938          6932.023156837764         0.002198298267008883      
01 Jan 2026 07:08:04.257   2.595272530364241          -26.9849700640335           529.3630780829117          6907.455877257398         0.0009589775606078226     01 Jan 2026 07:08:04.257   -66.37838034293819         170.1896483290269           569.998621350599           6930.206947957414         0.002750983830979316      01 Jan 2026 07:08:04.257   51.93590613511778          142.9940042278658           566.8553085350341          6931.775788216559         0.00232146195721635       
01 Jan 2026 07:08:56.775   -0.7072332272182209        -27.63936527353828          529.3186088925204          6907.451676490492         0.0009645099599141064     01 Jan 2026 07:08:56.775   -63.26163567763746         167.5994323832657           569.4374708344831          6930.54560353803          0.002676714152688644      01 Jan 2026 07:08:56.775   55.13756558634716          141.5598839712434           567.7181295554601          6931.494323376322         0.002440619004783624      
01 Jan 2026 07:09:49.501   -4.022705734301071         -28.2969698560548           529.4059179863034          6907.437803391449         0.0009539137538737793     01 Jan 2026 07:09:49.501   -60.0990459970424          165.4653061131908           568.7736035300404          6930.871334183156         0.002587517705785543      01 Jan 2026 07:09:49.501   58.3355810224865           139.908062720251            568.5117062517302          6931.190265886064         0.002549059476162681      
01 Jan 2026 07:10:40.349   -7.219554986630063         -28.93447075919112          529.6142726226308          6907.415455447644         0.0009285109934366168     01 Jan 2026 07:10:40.349   -57.02571392782112         163.7264188964911           568.0477776512134          6931.169536078411         0.002488764804713743      01 Jan 2026 07:10:40.349   61.39984193712917          138.0478333047094           569.1969902296041          6930.879111919897         0.002641629091053208      
01 Jan 2026 07:11:32.927   -10.5240976041523          -29.59998320515075          529.9551877016065          6907.383516490375         0.0008869182382208367     01 Jan 2026 07:11:32.927   -53.8294211992956          162.1729681778991           567.2198627693779          6931.458909415209         0.002374859108965708      01 Jan 2026 07:11:32.927   64.54105546961165          135.7483493271195           569.8123139864201          6930.541372598576         0.002723669434113823      
01 Jan 2026 07:12:25.676   -13.83785501706802         -30.27726839735095          530.4210275675359          6907.343117407514         0.0008301030992054834     01 Jan 2026 07:12:25.676   -50.60785147730456         160.8043562671661           566.3221518415894          6931.727234563728         0.002250076710230426      01 Jan 2026 07:12:25.676   67.65389092191518          132.901608425247            570.3244473130226          6930.188680205126         0.002790862036309258      
01 Jan 2026 07:13:16.594   -17.03463369616971         -30.94339544679659          530.9827108629652          6907.297020521853         0.0007616804135966133     01 Jan 2026 07:13:16.594   -47.48665518109112         159.6230123465262           565.4038138152482          6931.962874351052         0.002121266735823136      01 Jan 2026 07:13:16.594   70.60541180112925          129.4075181979821           570.7104760992652          6929.837358677055         0.002840439594821704      
01 Jan 2026 07:14:09.219   -20.33611480967896         -31.64830456183779          531.671629198865           6907.243115553403         0.0006779705615456329     01 Jan 2026 07:14:09.219   -44.25095525736095         158.5156838991075           564.4139981576109          6932.179764101772         0.001981352585212019      01 Jan 2026 07:14:09.219   73.57152819845159          124.627696463891            570.9901547445797          6929.465283745602         0.0028751271777139        
01 Jan 2026 07:15:01.960   -23.64179636500907         -32.37579258848075          532.4638777650534          6907.183983587448         0.0005821997385505726     01 Jan 2026 07:15:01.960   -40.99962828561302         157.4984647907726           563.3938231890843          6932.367437712715         0.001836288106511832      01 Jan 2026 07:15:01.960   76.40322703747012          117.9466812152137           571.1424807999083          6929.085401139471         0.002892405417985852      
01 Jan 2026 07:15:52.380   -26.79863276870125         -33.09551966451168          533.3072617925736          6907.124023143877         0.0004812994833035778     01 Jan 2026 07:15:52.380   -37.88452723475601         156.5959747506208           562.4046775414163          6932.51680397052          0.001695229910960256      01 Jan 2026 07:15:52.380   78.87952274239828          108.661680309258            571.1637356654937          6928.717569446893         0.002892172460015781      
01 Jan 2026 07:16:44.914   -30.08384313977766         -33.87623714706256          534.2647263672588          6907.059528842455         0.0003694221547672714     01 Jan 2026 07:16:44.914   -34.63253458730029         155.7149093686035           561.3725517554494          6932.6389684918           0.00154831135714242       01 Jan 2026 07:16:44.914   81.01387170358953          94.12428318478285           571.0532036158102          6928.331238517299         0.002874306370034207      
01 Jan 2026 07:17:37.664   -33.37778631563353         -34.69862957783521          535.294976699066           6906.994413490151         0.0002568400052206507     01 Jan 2026 07:17:37.664   -31.36156760882607         154.8801415596947           560.3476951499879          6932.725145125611         0.001403841709925095      01 Jan 2026 07:17:37.664   82.31412819221313          72.9202626351013            570.804044590368           6927.941818385268         0.002838266850982514      
01 Jan 2026 07:18:27.723   -36.49857467008743         -35.52235552719422          536.3246678248261          6906.93397115928          0.0001698876298795214     01 Jan 2026 07:18:27.723   -28.25295289767012         154.1260529479431           559.3974888568719          6932.771316629797         0.001272828447998471      01 Jan 2026 07:18:27.723   82.36173716394387          49.17140026651516           570.4391898564836          6927.57223221044          0.002787485009642495      
01 Jan 2026 07:19:20.219   -39.7653177888923          -36.44138402453166          537.4460073651499          6906.873826227076         0.0001637612052105466     01 Jan 2026 07:19:20.219   -24.98871622122234         153.3680620891591           558.4360457018047          6932.780818457912         0.00114586927808796       01 Jan 2026 07:19:20.219   81.14893789643978          27.6005705694672            569.9233476612026          6927.185826250937         0.00271729357606046       
01 Jan 2026 07:20:12.956   -43.03996145585072         -37.43432129555073          538.6015342818537          6906.818677458457         0.0002590513073285548     01 Jan 2026 07:20:12.956   -21.70562461274433         152.6344006747684           557.5175936274336          6932.748763602513         0.001034081212534044      01 Jan 2026 07:20:12.956   79.05243290824136          12.5441630105019            569.2705034153805          6926.799915851796         0.002629965298694208      
01 Jan 2026 07:21:03.110   -46.14652745856592         -38.4585679969427           539.7144116958971          6906.772947605774         0.0003836924750960151     01 Jan 2026 07:21:03.110   -18.58024161006036         151.957791510803            556.6979301308011          6932.678459834025         0.0009477055151549801     01 Jan 2026 07:21:03.110   76.61125629139465          3.019350469424593           568.5283768039899          6926.435822005667         0.002532091713876934      
01 Jan 2026 07:21:55.597   -49.38818618883048         -39.63449335160605          540.8799220244746          6906.733987731855         0.0005247610540658965     01 Jan 2026 07:21:55.597   -15.30670684574223         151.2674825281881           555.9054721127577          6932.562406142404         0.0008836796297303852     01 Jan 2026 07:21:55.597   73.80530543139683          -3.825584171311489          567.6306923994907          6926.05847679215          0.002415271209387932      
01 Jan 2026 07:22:48.368   -52.63576307292259         -40.95221399281667          542.0385922052346          6906.705893620601         0.0006698098094173186     01 Jan 2026 07:22:48.368   -12.01310598634116         150.5879040108512           555.1844192197859          6932.401294581446         0.0008508056316068652     01 Jan 2026 07:22:48.368   70.83643626491948          -8.741786409369565          566.6105456060523          6925.683361872536         0.002284348490838537      
01 Jan 2026 07:23:38.845   -55.72901737619766         -42.37565494533936          543.1216767765645          6906.691137671645         0.0008081338289504884     01 Jan 2026 07:23:38.845   -8.860761002497627         149.9481514856718           554.5723815028186          6932.20519357631          0.000849991844853653      01 Jan 2026 07:23:38.845   67.91197751535832          -12.28414747174035          565.5323825783644          6925.32881367763          0.002148019413684827      
01 Jan 2026 07:24:31.332   -58.92824275506231         -44.0765518686121           544.2087257173307          6906.690053819091         0.0009491554627826407     01 Jan 2026 07:24:31.332   -5.581458468450305         149.2905214577104           554.0221766494369          6931.957759466545         0.0008781095493322509     01 Jan 2026 07:24:31.332   64.81395936318397          -15.1763782294973           564.3147597049374          6924.964685890354         0.001996671580098322      
01 Jan 2026 07:25:24.053   -62.1190527027032          -46.08787381278261          545.2477634342649          6906.705213865702         0.001085985042180903      01 Jan 2026 07:25:24.053   -2.286409597760606         148.6347681326673           553.562367568431           6931.664898896604         0.0009301955354780513     01 Jan 2026 07:25:24.053   61.66159763265466          -17.52459658081779          563.0036125128236          6924.603530019371         0.00183714419791764       
01 Jan 2026 07:26:15.077   -65.17810638761128         -48.43113595411746          546.1914660316734          6906.736794610431         0.001212200089227482      01 Jan 2026 07:26:15.077   0.9031705046800028         148.001997002438            553.2088104128679          6931.339838899986         0.0009967731990722204     01 Jan 2026 07:26:15.077   58.58278441294554          -19.42011478735289          561.6621748609468          6924.258203812882         0.001678293913659248      
01 Jan 2026 07:27:07.568   -68.28347882120849         -51.41882276825657          547.0879518680595          6906.787905960464         0.001334205451037986      01 Jan 2026 07:27:07.568   4.184653359432745          147.3502027747669           552.9404106747215          6930.963732248196         0.001075683249380862      01 Jan 2026 07:27:07.568   55.39381749866396          -21.08686269209806          560.220528865394           6923.906945110987         0.001513709263654135      
01 Jan 2026 07:28:00.318   -71.34171659779926         -55.28909703774286          547.902899040706           6906.859391816359         0.001447471608317627      01 Jan 2026 07:28:00.318   7.482126399688159          146.6915039032862           552.7680642496298          6930.544558308277         0.00116058285835786       01 Jan 2026 07:28:00.318   52.17178587605467          -22.54445640533296          558.7226256608756          6923.557599813819         0.001351514806902547      
01 Jan 2026 07:28:51.882   -74.23679409956492         -60.36457591773827          548.6076137832706          6906.949616757353         0.001547991996794088      01 Jan 2026 07:28:51.882   10.70472681609799          146.0412158611424           552.6924998870727          6930.096582554626         0.001245337133291855      01 Jan 2026 07:28:51.882   49.00875944718753          -23.80778223486826          557.2249116954654          6923.219150455829         0.001201598719861259      
01 Jan 2026 07:29:44.422   -77.02674286073895         -67.64793492692887          549.2247523210817          6907.062873570145         0.001639040337225268      01 Jan 2026 07:29:44.422   13.98722598380389          145.3690260436265           552.7070648381596          6929.603290230947         0.001330812162386797      01 Jan 2026 07:29:44.422   45.77447813050247          -24.96684939156415          555.6795328017088          6922.876804292247         0.001064965736009657      
01 Jan 2026 07:30:37.150   -79.53577675421867         -78.50296399183733          549.7354780437172          6907.198564391368         0.001718015810335475      01 Jan 2026 07:30:37.150   17.27990439889321          144.6813173722562           552.8102359383001          6929.073242782871         0.001413767219505775      01 Jan 2026 07:30:37.150   42.51884418179129          -26.02696075323838          554.124304884007           6922.535158221836         0.0009536437824804511     
01 Jan 2026 07:31:27.878   -81.43378584456114         -94.23328827719041          550.1196292242894          6907.350055139362         0.001781627051654958      01 Jan 2026 07:31:27.878   20.44575188540376          144.0037789996684           552.9878758065943          6928.532750354714         0.00148961365935592       01 Jan 2026 07:31:27.878   39.37875297635399          -26.96855371505682          552.6384681100908          6922.207695956932         0.0008808626708833712     
01 Jan 2026 07:32:20.317   -82.44267807694909         -116.9011922723562          550.4030325323201          6907.528103047734         0.001834137741600003      01 Jan 2026 07:32:20.317   23.7158320659545           143.2828986423317           553.245591895884           6927.945426570712         0.001562982445687766      01 Jan 2026 07:32:20.317   36.1256904321729           -27.87639361638987          551.1281135624449          6921.869855380325         0.0008493051571219409     
01 Jan 2026 07:33:12.985   -82.10524114897549         -141.6965323873881          550.5695860432252          6907.728465722594         0.001872997097692579      01 Jan 2026 07:33:12.985   26.99724172000504          142.5330296665513           553.5722719023661          6927.329435573143         0.001630815559758898      01 Jan 2026 07:33:12.985   32.85192087756055          -28.73344068220263          549.6522015713181          6921.530621888035         0.0008642478156599133     
01 Jan 2026 07:34:03.170   -80.65180134501843         -160.6213592755849          550.6179427838952          6907.938812465723         0.001896937898693408      01 Jan 2026 07:34:03.170   30.12052411524833          141.7891892939449           553.9384536956049          6926.721351652664         0.00168949220786495       01 Jan 2026 07:34:03.170   29.72730275722269          -29.50808546133088          548.297671921634           6921.2069885735           0.0009160614739796318     
01 Jan 2026 07:34:55.586   -78.40237356848881         -174.0772090352362          550.5547112809891          6908.177833705056         0.001908333155531599      01 Jan 2026 07:34:55.586   33.37867011889845          140.9751403255005           554.3686198846353          6926.067677668542         0.00174416539886423       01 Jan 2026 07:34:55.586   26.4588550033488           -30.2811610964329           546.9502538765882          6920.868113107793         0.0009981817725303232     
01 Jan 2026 07:35:48.306   -75.73506295522851         176.9688006867865           550.3766390744013          6908.436931690806         0.001905965113169456      01 Jan 2026 07:35:48.306   36.65094081698534          140.1098902631351           554.8399257478677          6925.394848278756         0.001791986428284976      01 Jan 2026 07:35:48.306   23.16698149211476          -31.02817605124139          545.6774768119176          6920.526052140576         0.001097744141410914      
01 Jan 2026 07:36:38.342   -72.99986469618101         171.0714736247665           550.105331002841           6908.69879843621          0.001891227826941672      01 Jan 2026 07:36:38.342   39.75139963364632          139.2362468565799           555.3128054778472          6924.745642254256         0.001830422734939452      01 Jan 2026 07:36:38.342   20.03915821671122          -31.71393221862076          544.5572553095408          6920.200080782265         0.001198899727647177      
01 Jan 2026 07:37:30.746   -70.0120291284402          166.5601546067636           549.7197650614198          6908.98805732072          0.001863261810003116      01 Jan 2026 07:37:30.746   42.99230359385073          138.2542484117899           555.8236612178152          6924.058456793897         0.001863119868333906      01 Jan 2026 07:37:30.746   16.7600863696989           -32.41247313660207          543.4863071417094          6919.857220194981         0.001304748975592712      
01 Jan 2026 07:38:23.439   -66.92868182121047         163.1200860359707           549.2343221483898          6909.292442161401         0.001822890212112484      01 Jan 2026 07:38:23.439   46.24354046138487          137.1815686323107           556.341746068837           6923.36401557243          0.001887884781484366      01 Jan 2026 07:38:23.439   13.4600635027654           -33.0986937867174           542.5247423682758          6919.51103347047          0.001405836337849028      
01 Jan 2026 07:39:13.571   -63.94662633218908         160.5259410031995           548.6890058223917          6909.592626307796         0.001773833929753668      01 Jan 2026 07:39:13.571   49.32847366139355          136.0621748870042           556.8278181594433          6922.703863775891         0.001903589878873597      01 Jan 2026 07:39:13.571   10.31818540949799          -33.73991537926872          541.7250975311044          6919.180561889945         0.001493485507483995      
01 Jan 2026 07:40:06.007   -60.79236545419244         158.3032309364943           548.0405103241483          6909.915370963903         0.00171232925361204       01 Jan 2026 07:40:06.007   52.5446280425021           134.7613115800642           557.3177559241885          6922.017882984791         0.001911489402305429      01 Jan 2026 07:40:06.007   7.030178443099194          -34.40164147674604          541.0157282943837          6918.834173135918         0.001573559289940533      
01 Jan 2026 07:40:58.733   -57.59417725552278         156.4310780587174           547.3180973114331          6910.24643621543          0.001641022826691177      01 Jan 2026 07:40:58.733   55.76529339834851          133.2814741219              557.7799632392971          6921.336729815855         0.001910292879298465      01 Jan 2026 07:40:58.733   3.722588893112651          -35.06087418553405          540.4388618806615          6918.485724462256         0.001640068533594307      
01 Jan 2026 07:41:49.336   -54.50584385004678         154.8865592953242           546.5689216951187          6910.567835060255         0.001564741182213571      01 Jan 2026 07:41:49.336   58.84050754798065          131.6497857705967           558.1844667088353          6920.694821901339         0.001900194943832662      01 Jan 2026 07:41:49.336   0.5472912897919825         -35.69052049210065          540.0175697491395          6918.151933996109         0.001689277626630035      
01 Jan 2026 07:42:41.771   -51.29049379700039         153.4831695788908           545.7464733027036          6910.901953368222         0.001478773156628212      01 Jan 2026 07:42:41.771   62.0057595543074           129.6675304476636           558.5530416659903          6920.045605591782         0.001880153012440222      01 Jan 2026 07:42:41.771   -2.743304411094956         -36.34256368479833          539.7200053196375          6917.807703832068         0.001724129927056708      
01 Jan 2026 07:43:34.477   -48.04588134694324         152.2284831944322           544.8848158380997          6911.23608010601          0.001386512735507895      01 Jan 2026 07:43:34.477   65.15806544432932          127.2651746711933           558.8619697172908          6919.41299349963          0.001849866699994862      01 Jan 2026 07:43:34.477   -6.050860712618151         -37.00041277967534          539.5640456953106          6917.464578940037         0.001741923572273193      
01 Jan 2026 07:44:25.843   -44.8737440172468          151.1236555392348           544.023763557846           6911.557252455263         0.001292196450819595      01 Jan 2026 07:44:25.843   68.19048193308419          124.3642200983079           559.0951086849018          6918.819074995875         0.001810299104743778      01 Jan 2026 07:44:25.843   -9.273761611908192         -37.64667835255535          539.5491194845008          6917.134320041903         0.001742272864817199      
01 Jan 2026 07:45:18.442   -41.61680604266566         150.0882479585967           543.1331835642914          6911.878698203156         0.001192375145852688      01 Jan 2026 07:45:18.442   71.23579906295717          120.5518297014611           559.2565890544511          6918.237234251991         0.001759277160119375      01 Jan 2026 07:45:18.442   -12.57300316191646         -38.31673177660045          539.6713712226947          6916.801938168835         0.00172515622209908       
01 Jan 2026 07:46:11.212   -38.341836617044           149.1279860037385           542.2439501068093          6912.190712042708         0.001090185503852804      01 Jan 2026 07:46:11.212   74.19583987122746          115.4130134265437           559.3332715451543          6917.683315836372         0.001697253947446358      01 Jan 2026 07:46:11.212   -15.881348339706           -39.00064544642051          539.9295214472913          6916.476160574089         0.001690378194033479      
01 Jan 2026 07:47:02.104   -35.17720226296007         148.2623752138493           541.4027590201222          6912.47899202943          0.0009908093838102792     01 Jan 2026 07:47:02.104   76.90054663629874          108.4616545020103           559.3210264297441          6917.179985472017         0.001627087319627166      01 Jan 2026 07:47:02.104   -19.0700530936653          -39.67473955357959          540.3014995994636          6916.171086907861         0.001640503010698601      
01 Jan 2026 07:47:54.682   -31.90225525567697         147.4191237062303           540.5631428162551          6912.761087769278         0.0008883546620084883     01 Jan 2026 07:47:54.682   79.41867396725155          97.88550952324461           559.2153545703977          6916.69424553347          0.00154395013109351       01 Jan 2026 07:47:54.682   -22.36180592824349         -40.3900604704388           540.8054969082723          6915.867340309883         0.001572720744017831      
01 Jan 2026 07:48:47.425   -28.6121337440284          146.6160276275677           539.763246314601           6913.02536826813          0.0007867464471231901     01 Jan 2026 07:48:47.425   81.41425019058087          81.7770209866174            559.0115283369914          6916.244116945898         0.001449816058967507      01 Jan 2026 07:48:47.425   -25.66072798225163         -41.13153684275232          541.4246605736435          6915.576506577053         0.00148892025766019       
01 Jan 2026 07:49:37.897   -25.45963191114723         145.8805294382977           539.0484179848454          6913.25840869225          0.0006913462626748465     01 Jan 2026 07:49:37.897   82.42795204007143          60.15261993061443           558.7233958263159          6915.849909015669         0.001349901208439067      01 Jan 2026 07:49:37.897   -28.8141513560021          -41.86854282450681          542.1144944237976          6915.313340716489         0.001394804792412511      
01 Jan 2026 07:50:30.447   -22.17372187623795         145.1429415913778           538.3673527918718          6913.478158706886         0.0005945054155898989     01 Jan 2026 07:50:30.447   82.17050012053183          35.3130582107085            558.3266890146524          6915.478915145864         0.001236020277000776      01 Jan 2026 07:50:30.447   -32.09318767679733         -42.67060827553561          542.9232730283311          6915.057384867811         0.001283430392530379      
01 Jan 2026 07:51:23.238   -18.86954475508999         144.4256120597096           537.757996489423           6913.67331346004          0.0005001537401580918     01 Jan 2026 07:51:23.238   80.6789028923604           15.18270303225593           557.8303045826688          6915.147908699801         0.001112002270796273      01 Jan 2026 07:51:23.238   -35.38227258290623         -43.51969229134623          543.8169650204618          6914.821204750234         0.001159044730412876      
01 Jan 2026 07:52:13.406   -15.72697634305338         143.7616315615597           537.256626123326           6913.833263347936         0.0004133470738605498     01 Jan 2026 07:52:13.406   78.54273519003893          2.146375883020081           557.2703913318692          6914.872844989227         0.0009858032370974525     01 Jan 2026 07:52:13.406   -38.50265868089269         -44.37556988200573          544.7300627827881          6914.618472076142         0.001030487835586356      
01 Jan 2026 07:53:05.817   -12.44181685476403         143.0825628233277           536.8211284736672          6913.972254115226         0.0003255394534437813     01 Jan 2026 07:53:05.817   75.90912220276179          -6.950468558033577          556.5978726002904          6914.627090798377         0.0008460226660750667     01 Jan 2026 07:53:05.817   -41.75610223369588         -45.33195535841744          545.7377124729992          6914.43162170273          0.000886817621343769      
01 Jan 2026 07:53:58.580   -9.132841541673983         142.4104341566473           536.4801503576937          6914.081835860276         0.0002397746583528164     01 Jan 2026 07:53:58.580   73.03233488598724          -13.24338738124881          555.8361571325431          6914.422800766892         0.0006979980583977399     01 Jan 2026 07:53:58.580   -45.02374576182688         -46.37380992043978          546.794142849606           6914.27163658167          0.0007340400381320471     
01 Jan 2026 07:54:48.718   -5.987267683337111         141.7794176766311           536.2513384379308          6914.156784480981         0.0001602105859979412     01 Jan 2026 07:54:48.718   70.1775677166579           -17.59343635028435          555.0401382455075          6914.268624608006         0.0005514881546599661     01 Jan 2026 07:54:48.718   -48.12051287191903         -47.45502231240225          547.8243633817692          6914.147897915163         0.00058277404424717       
01 Jan 2026 07:55:41.169   -2.695820272126665         141.1243748277418           536.1146669139516          6914.204032311003         7.828926435995458e-05     01 Jan 2026 07:55:41.169   67.11286157391534          -21.06304375609771          554.1401412975702          6914.148566284044         0.0003932222430592049     01 Jan 2026 07:55:41.169   -51.3497694048933          -48.70549350504061          548.9162535500036          6914.0500956203           0.0004198095929235897     
01 Jan 2026 07:56:33.907   0.6140378247774421         140.4680865816179           536.0851201616597          6914.21898348304          3.610003321091465e-06     01 Jan 2026 07:56:33.907   63.97804013407182          -23.81034012419142          553.1752917829572          6914.069605832026         0.000230197987102334      01 Jan 2026 07:56:33.907   -54.58382514408022         -50.1196145480188           550.0151308383993          6913.986455307551         0.0002530053322939591     
01 Jan 2026 07:57:24.343   3.779352137107418          139.8399838698396           536.158511113018           6914.202629604359         8.223740121262868e-05     01 Jan 2026 07:57:24.343   60.94525729430504          -25.95726427854753          552.206181207328           6914.032297265127         7.217687247399775e-05     01 Jan 2026 07:57:24.343   -57.66172535451884         -51.66259475607954          551.0544949162058          6913.959942333699         9.46678144971162e-05      
01 Jan 2026 07:58:16.839   7.073404808946597          139.1829802221208           536.3394247636252          6914.153969610561         0.0001653382379412119     01 Jan 2026 07:58:16.839   57.76230694308917          -27.83482391361641          551.1604548291371          6914.031884008899         9.49373780264036e-05      01 Jan 2026 07:58:16.839   -60.84545545074089         -53.53043895221004          552.1117949869304          6913.969702453637         8.66681582849214e-05      
01 Jan 2026 07:59:09.574   10.38147546191924          138.5167087199781           536.6259282608089          6914.073107558042         0.000250857784221268      01 Jan 2026 07:59:09.574   54.54436131787545          -29.45056817673599          550.0841243168288          6914.069399699431         0.000261200610208548      01 Jan 2026 07:59:09.574   -64.01678286351039         -55.77166198926408          553.136523924999           6914.019387816944         0.0002509086991834396     
01 Jan 2026 08:00:00.758   13.59083403730793          137.8610409059593           537.000505191605           6913.964760638921         0.0003364117126816788     01 Jan 2026 08:00:00.758   51.4057131607209           -30.82330661788216          549.0270524737798          6914.140494881072         0.0004210575141869058     01 Jan 2026 08:00:00.758   -67.05939297406275         -58.43601424839668          554.0842495595452          6914.107066276556         0.0004111090034399531     
01 Jan 2026 08:00:53.355   16.88694537589202          137.1747168177983           537.4790201809492          6913.823879986602         0.0004273542302860753     01 Jan 2026 08:00:53.355   48.16767396447317          -32.07944815452012          547.9412205428443          6914.247244131665         0.0005820478874557239     01 Jan 2026 08:00:53.355   -70.133724484426           -61.90125791227514          554.9996585054969          6914.238658072651         0.0005722800590862266     
01 Jan 2026 08:01:46.108   20.19037887696432          136.4698620816073           538.0473166967449          6913.653922702997         0.0005218260502445549     01 Jan 2026 08:01:46.108   44.90941884593023          -33.21597801160232          546.8663483280643          6914.386509748437         0.0007385663819161201     01 Jan 2026 08:01:46.108   -73.13612901491128         -66.49502781117074          555.8486774198327          6914.413612342788         0.0007288051047532542     
01 Jan 2026 08:02:36.648   23.35250428999995          135.7751359933959           538.6671252367414          6913.465748112578         0.0006153389086033807     01 Jan 2026 08:02:36.648   41.77943955226853          -34.21265398424152          545.8628329240191          6914.548094770364         0.0008823911778363193     01 Jan 2026 08:02:36.648   -75.88974964776021         -72.54899228873704          556.5893359505062          6914.621994669892         0.0008727816496376868     
01 Jan 2026 08:03:29.137   26.63328228763708          135.0287807096061           539.3798541368042          6913.245928392478         0.000715277193538129      01 Jan 2026 08:03:29.137   38.52129560252465          -35.1708792423557           544.861185913398           6914.742828612008         0.001023912863334314      01 Jan 2026 08:03:29.137   -78.52913901530069         -81.63679710283544          557.2763082483752          6914.880753109372         0.001015073471683652      
01 Jan 2026 08:04:21.862   29.92488833799274          134.2479490760293           540.1562844700657          6913.002245009115         0.0008180318130477904     01 Jan 2026 08:04:21.862   35.24190990442036          -36.06929683877888          543.9101357253894          6914.96366473903          0.001156524487760281      01 Jan 2026 08:04:21.862   -80.76214035467622         -95.45488622208391          557.876246523183           6915.183889035576         0.001149657521174928      
01 Jan 2026 08:05:12.005   33.05108933355035          133.4701949205954           540.9405765241254          6912.751394060004         0.0009172846077997873     01 Jan 2026 08:05:12.005   32.11782268585085          -36.87491386979069          543.0690312862653          6915.194892390361         0.001272440870273944      01 Jan 2026 08:05:12.005   -82.16376984151908         -114.6951808659559          558.3589405255207          6915.511850066277         0.001269158650276819      
01 Jan 2026 08:06:04.507   36.31936321031213          132.6112188156015           541.7981803602106          6912.47121073345          0.001021940180921212      01 Jan 2026 08:06:04.507   28.84192354841813          -37.67651814441942          542.2666708568013          6915.456796491228         0.001381855047881003      01 Jan 2026 08:06:04.507   -82.431709878372           -139.5004587224545          558.7696859662537          6915.895830039744         0.00138478040580728       
01 Jan 2026 08:06:57.257   39.5971208166315           131.6921961418296           542.684887459227           6912.174287264446         0.001126810657016408      01 Jan 2026 08:06:57.257   25.5462830696962           -38.4463358078901           541.5529446666451          6915.737917550562         0.001478236133230218      01 Jan 2026 08:06:57.257   -81.35786222912022         -162.0084627065013          559.0833419325991          6916.322210453802         0.001490643135079227      
01 Jan 2026 08:07:47.210   42.69478273573201          130.7586025909673           543.5358808675828          6911.881393581633         0.001224810000635255      01 Jan 2026 08:07:47.210   22.42197991645828          -39.14831590524789          540.9724532057799          6916.018564157323         0.001555966318747755      01 Jan 2026 08:07:47.210   -79.46026247292532         -177.2046372641386          559.2887975244212          6916.762054234047         0.001581015703049021      
01 Jan 2026 08:08:39.711   45.94285014147768          129.695552997734            544.4295007074816          6911.564000523324         0.001325256394480486      01 Jan 2026 08:08:39.711   19.13522600868252          -39.86295519131188          540.4718066957139          6916.326442668477         0.001622537032117775      01 Jan 2026 08:08:39.711   -76.95288734975084         172.1531021673306           559.410051438882           6917.260341200978         0.00166539271132377       
01 Jan 2026 08:09:32.494   49.19905242383852          128.5215275474078           545.3139706726979          6911.23789373605          0.001422337553235201      01 Jan 2026 08:09:32.494   15.82824342303384          -40.56208438205919          540.0901296270786          6916.647116583599         0.001673043680491474      01 Jan 2026 08:09:32.494   -74.14845398751858         164.9357923567651           559.4369079612216          6917.796295881978         0.001739122739715996      
01 Jan 2026 08:10:22.830   52.29390141299057          127.277954703628            546.1322313677001          6910.923044776933         0.001510068338447502      01 Jan 2026 08:10:22.830   12.67266087879549          -41.21448482246392          539.8465691111578          6916.961385076282         0.001705298110968641      01 Jan 2026 08:10:22.830   -71.3255853967738          160.0265160853978           559.3775994885             6918.337745971668         0.001799035115718612      
01 Jan 2026 08:11:15.273   55.50519043315084          125.8174731225173           546.9462332500934          6910.593764431796         0.001595197853017422      01 Jan 2026 08:11:15.273   9.383431771430452          -41.882814889915            539.7235155662238          6917.2957192325           0.001721985533561147      01 Jan 2026 08:11:15.273   -68.29176065274625         156.1930768287186           559.2328852740084          6918.930674969763         0.001850719221127354      
01 Jan 2026 08:12:08.035   58.71909107899603          124.1266770201961           547.7132662510476          6910.263979905079         0.001673142933647877      01 Jan 2026 08:12:08.035   6.073094982114291          -42.54674710933621          539.7386211896073          6917.637424888389         0.001721170879551399      01 Jan 2026 08:12:08.035   -65.17804233123481         153.1991151168212           559.0085232564725          6919.553834461484         0.001891809126033991      
01 Jan 2026 08:12:58.853   61.79381169578465          122.2182144064714           548.3917205848729          6909.950339250076         0.001739786021404982      01 Jan 2026 08:12:58.853   2.884186588720161          -43.18107077011391          539.8874880230433          6917.970070722091         0.001703756151091868      01 Jan 2026 08:12:58.853   -62.13956556712889         150.872034538368            558.725095497879           6920.176146232141         0.001921247662203325      
01 Jan 2026 08:13:51.372   64.94280926088668          119.8506209081883           549.0200350924997          6909.632849161049         0.001798886322720469      01 Jan 2026 08:13:51.372   -0.4115567711266696        -43.83416286678003          540.180893641259           6918.31609898429          0.001668951138584391      01 Jan 2026 08:13:51.372   -58.97039898666373         148.8722516091152           558.3713341897537          6920.838653258645         0.001941488512422195      
01 Jan 2026 08:14:44.117   68.06439411604043          116.9014637766464           549.5665333237157          6909.323245210107         0.00184723535292196       01 Jan 2026 08:14:44.117   -3.721032731945203         -44.49037160001112          540.6177428867022          6918.664680111106         0.00161746895053198       01 Jan 2026 08:14:44.117   -55.76565225869819         147.1661154259607           557.9634670215746          6921.520107893267         0.001951715187365888      
01 Jan 2026 08:15:35.746   71.06174403239449          113.2004405151832           550.010740951393           6909.031377821766         0.001883014464361516      01 Jan 2026 08:15:35.746   -6.959707717395913         -45.13579664514268          541.1811731540665          6919.005927900334         0.001552044928133604      01 Jan 2026 08:15:35.746   -52.61226103077169         145.7152041350929           557.5233201688152          6922.199032643239         0.001952256955958126      
01 Jan 2026 08:16:28.362   74.02416743654065          108.1586095309598           550.3633661593631          6908.747392329872         0.001906972563947742      01 Jan 2026 08:16:28.362   -10.25889625755489         -45.79960082344278          541.8897241448112          6919.352908563777         0.001471556182243925      01 Jan 2026 08:16:28.362   -49.38545257062957         144.4070297923521           557.0440592945697          6922.899058964524         0.001943527055073638      
01 Jan 2026 08:17:21.155   76.84103119031161          101.0338356001795           550.6091212060301          6908.477985131051         0.001917711258156533      01 Jan 2026 08:17:21.155   -13.56727148259585         -46.47488109904411          542.7313905063638          6919.699626258385         0.001378874502244808      01 Jan 2026 08:17:21.155   -46.13698864894406         143.2291255459928           556.5435688013276          6923.605582671432         0.00192571598109434       
01 Jan 2026 08:18:12.247   79.30337401528388          90.88782525853911           550.7390002212915          6908.233627406376         0.001914985495593888      01 Jan 2026 08:18:12.247   -16.76685272922889         -47.14043606550926          543.6638830586371          6920.033410155322         0.001280536952944473      01 Jan 2026 08:18:12.247   -42.98456602249816         142.1907772994864           556.0516970435656          6924.289370609786         0.001900188502310851      
01 Jan 2026 08:19:04.783   81.32704906731873          75.13943698752222           550.7581980695077          6908.000518640641         0.001898444734312142      01 Jan 2026 08:19:04.783   -20.05402011237597         -47.84074235622159          544.735302662225           6920.374576937249         0.001174431031208806      01 Jan 2026 08:19:04.783   -39.73568129424108         141.2066492040466           555.5498416072232          6924.98843687444          0.001865782722968816      
01 Jan 2026 08:19:57.543   82.41831515257311          52.69573684997829           550.6586003078401          6907.78606351518          0.001867698267360321      01 Jan 2026 08:19:57.543   -23.35184693086186         -48.56447890479958          545.9162711078816          6920.715053275057         0.001068298625903476      01 Jan 2026 08:19:57.543   -36.4664823990249          140.2873755894128           555.0616053964031          6925.682252410017         0.001823254401707659      
01 Jan 2026 08:20:48.020   82.2028190713296           28.76711869796567           550.4511686768101          6907.600123711687         0.001825075696756801      01 Jan 2026 08:20:48.020   -26.50332850784854         -49.28054623809337          547.1342107183737          6921.038882631421         0.0009743311889309199     01 Jan 2026 08:20:48.020   -33.33353009354702         139.4607730196539           554.6200544185867          6926.334537649262         0.001775412764674962      
01 Jan 2026 08:21:40.506   80.76512142655632          8.434524157348976           550.1200139133925          6907.427304997039         0.001767284916349667      01 Jan 2026 08:21:40.506   -29.77593729877409         -50.05506710659961          548.4801240594616          6921.373862222065         0.0008944851892586744     01 Jan 2026 08:21:40.506   -30.07119460544706         138.6463047338136           554.1982122764948          6926.997021764479         0.001718605614042111      
01 Jan 2026 08:22:33.238   78.53269706218389          -5.424797053667922          549.6711378280179          6907.275066930215         0.001695795536539558      01 Jan 2026 08:22:33.238   -33.05886443837095         -50.87060691345111          549.9008695295643          6921.709006575882         0.0008449625018405499     01 Jan 2026 08:22:33.238   -26.7894114778076          137.8660905743967           553.8231710958507          6927.642625821738         0.001654691127229938      
01 Jan 2026 08:23:23.342   76.0179304012059           -14.19466637085043          549.140356001727           6907.150338559999         0.001615932384843789      01 Jan 2026 08:23:23.342   -36.17279772414717         -51.68762424902885          551.3015503893494          6922.026582686667         0.0008370367533317825     01 Jan 2026 08:23:23.342   -23.66797233337487         137.15389201416             553.5211964816599          6928.234105512316         0.001588059850766214      
01 Jan 2026 08:24:15.687   73.16869613466331          -20.54458325439205          548.4824071350386          6907.04056559514          0.001520779960253942      01 Jan 2026 08:24:15.687   -39.41986817087359         -52.5945782049641           552.8038338473425          6922.358031406657         0.0008747962220295046     01 Jan 2026 08:24:15.687   -20.40390705899324         136.4346712663255           553.2708885303337          6928.825916843927         0.001512887419538326      
01 Jan 2026 08:25:08.369   70.16878186785873          -25.15704621567439          547.7202226595691          6906.950828538538         0.001413821203186258      01 Jan 2026 08:25:08.369   -42.68050759424703         -53.57469934231779          554.3411195625022          6922.691887973235         0.0009570906704279053     01 Jan 2026 08:25:08.369   -17.11633669318219         135.7316804056732           553.0940996788177          6929.391369155771         0.001432290216475385      
01 Jan 2026 08:25:58.421   67.24257502587446          -28.48984581236576          546.9105765514178          6906.884213581864         0.00130276792863845       01 Jan 2026 08:25:58.421   -45.77058052088066         -54.58293625178731          555.8112266435501          6923.009951930563         0.00106788492121514       01 Jan 2026 08:25:58.421   -13.99099111404686         135.0792976850697           553.0022542296292          6929.897824633739         0.001352119125503254      
01 Jan 2026 08:26:50.800   64.12808411995755          -31.25074586944534          545.9830200718789          6906.833077333579         0.001177863829080327      01 Jan 2026 08:26:50.800   -48.99482666592897         -55.73798525843126          557.3449719025884          6923.344365005812         0.001207582699301158      01 Jan 2026 08:26:50.800   -10.7188631535926          134.4092120937052           552.990957074061           6930.39312649826          0.001265897326190446      
01 Jan 2026 08:27:43.446   60.96013668469374          -33.50770018047189          544.9783073458084          6906.799714492031         0.001044697255524714      01 Jan 2026 08:27:43.446   -52.22408775424535         -57.02862217106549          558.8667361671733          6923.682765774076         0.0013633064496546        01 Jan 2026 08:27:43.446   -7.428859790313476         133.7453789720486           553.0712708639894          6930.852841663511         0.001178881403761703      
01 Jan 2026 08:28:33.703   57.91039757641545          -35.315792777127            543.9620526812323          6906.783526204988         0.0009118271987429139     01 Jan 2026 08:28:33.703   -55.29385718508362         -58.41562438647475          560.2871092404912          6924.008523350539         0.001519565529323212      01 Jan 2026 08:28:33.703   -4.287507441905292         133.117853194032            553.2364007930601          6931.254110568679         0.001098124062855159      
01 Jan 2026 08:29:26.066   54.71281399409972          -36.93444377530907          542.8557163923133          6906.781517121675         0.000769025710609883      01 Jan 2026 08:29:26.066   -58.47553724924866         -60.07007263213374          561.7194863907671          6924.351287882233         0.001684942976790014      01 Jan 2026 08:29:26.066   -1.014349805262737         132.4676545447894           553.5017982931622          6931.631449203134         0.001020125920820292      
01 Jan 2026 08:30:18.728   51.48069461307745          -38.35617026690726          541.7070445311047          6906.793192981748         0.0006228103231303808     01 Jan 2026 08:30:18.728   -61.65353797344414         -62.02040513499214          563.0975085414666          6924.699950268412         0.001849674865113565      01 Jan 2026 08:30:18.728   2.277343021571399          131.8146467665538           553.8648242354047          6931.967622700052         0.0009530684948670798     
01 Jan 2026 08:31:09.626   48.34430699082625          -39.57898517179624          540.5753917677885          6906.815895091365         0.000481288039276629      01 Jan 2026 08:31:09.626   -64.69753655992385         -64.27783534764933          564.357426253694           6925.041042450694         0.002004142392170443      01 Jan 2026 08:31:09.626   5.458226567876636          131.181709151944            554.3059222155425          6932.250244413251         0.0009050170469959442     
01 Jan 2026 08:32:02.095   45.10057133895592          -40.71752027429393          539.4004164325952          6906.849272719451         0.000338837108441978      01 Jan 2026 08:32:02.095   -67.79621889983379         -67.14404522979639          565.570341113983           6925.397111427141         0.002155776042934388      01 Jan 2026 08:32:02.095   8.736168767882408          130.5246186489606           554.8506065293332          6932.497371524243         0.000879194988760895      
01 Jan 2026 08:32:54.717   41.83821916934099          -41.76046732424594          538.2275361688216          6906.891051714436         0.0002085518797454523     01 Jan 2026 08:32:54.717   -70.84601888167028         -70.82087873598367          566.6882723393019          6925.758857323007         0.0022978115174304        01 Jan 2026 08:32:54.717   12.02219475618531          129.8579208825191           555.4842833943258          6932.699786792604         0.0008828778658685843     
01 Jan 2026 08:33:45.752   38.66677481329849          -42.695858144642            537.1088677894604          6906.9376948692           0.0001305166450419564     01 Jan 2026 08:33:45.752   -73.71886204027165         -75.55326889375104          567.6688364040392          6926.114058861063         0.002424114354743188      01 Jan 2026 08:33:45.752   15.20726121397367          129.2009490707508           556.1769705675661          6932.852622255605         0.0009170578626717531     
01 Jan 2026 08:34:38.250   35.39774217505781          -43.59459010388731          535.9912582756224          6906.990093797039         0.0001750886007975484     01 Jan 2026 08:34:38.250   -76.53108230939286         -82.32566503524416          568.5626249827883          6926.483683371469         0.002540688920549675      01 Jan 2026 08:34:38.250   18.48130317686578          128.5110739422045           556.9628454078402          6932.965489683354         0.0009823038965923101     
01 Jan 2026 08:35:30.947   32.11045107897299          -44.4437899654413           534.9169475605158          6907.045309352061         0.0002848778201966134     01 Jan 2026 08:35:30.947   -79.09714424765575         -92.31785829703742          569.33542735214            6926.858583639779         0.002642747158029077      01 Jan 2026 08:35:30.947   21.76484999851594          127.80037357941             557.8181523414514          6933.034200963653         0.001074146762524455      
01 Jan 2026 08:36:21.471   28.95375309694601          -45.21709753507631          533.9440061313207          6907.098992534869         0.0003978989598103845     01 Jan 2026 08:36:21.471   -81.10869300965184         -106.7210402972967          569.9539964457363          6927.221086574518         0.002725507558458054      01 Jan 2026 08:36:21.471   24.90995680504777          127.0976831082875           558.6918913544696          6933.059033892616         0.001181749294511405      
01 Jan 2026 08:37:13.940   25.67121245831535          -45.98528350630486          533.0049753419989          6907.15380567959          0.0005108954040601286     01 Jan 2026 08:37:13.940   -82.34749789157794         -128.1351378150679          570.4654240647451          6927.59987855767          0.002794988460159709      01 Jan 2026 08:37:13.940   28.17232219173752          126.340945447898            559.6447090872907          6933.043499603144         0.001308351216702215      
01 Jan 2026 08:38:06.643   22.3700294217753           -46.72752706183605          532.1465466132495          6907.206262505911         0.000615701547281957      01 Jan 2026 08:38:06.643   -82.29602815907151         -153.1045732203157          570.8421489995098          6927.981729155481         0.002847277084203266      01 Jan 2026 08:38:06.643   31.44495185402654          125.5470846151462           560.6371488807372          6932.987016370286         0.001445883148373766      
01 Jan 2026 08:38:56.739   19.2289671234565           -47.41075303858626          531.4192330153828          6907.25230499337          0.0007051450639973525     01 Jan 2026 08:38:56.739   -81.05810698526678         -173.2471613118611          571.071891658401           6928.344806489351         0.002880348476324281      01 Jan 2026 08:38:56.739   34.55114158256683          124.7544594936545           561.6022309347818          6932.89696184413          0.001582414113482317      
01 Jan 2026 08:39:49.195   15.93717029856166          -48.10733171679238          530.7594686327702          6907.295208943977         0.0007866563660782969     01 Jan 2026 08:39:49.195   -78.94221056626053         172.0858359004771           571.1787686800162          6928.723706183123         0.002897428301179607      01 Jan 2026 08:39:49.195   37.79821283522713          123.8762581632175           562.6232968045342          6932.766575025629         0.001728073850337604      
01 Jan 2026 08:40:41.922   12.62603661191375          -48.79212102712388          530.2094703595312          6907.331678113018         0.0008548725987496953     01 Jan 2026 08:40:41.922   -76.35451921550269         162.3541450709899           571.1503089305943          6929.10160887611          0.002896530937563975      01 Jan 2026 08:40:41.922   41.05565726811759          122.9328953240286           563.6475235626322          6932.600449221442         0.001874311013410266      
01 Jan 2026 08:41:31.983   9.480560477530272          -49.43135674664978          529.7986293898339          6907.359204437873         0.0009060429607839068     01 Jan 2026 08:41:31.983   -73.66752502432236         156.0009257599339           571.000376750555           6929.455989716964         0.002879128387759292      01 Jan 2026 08:41:31.983   44.14164824675711          121.9682472578576           564.6057793601622          6932.412314320874         0.002010607580881524      
01 Jan 2026 08:42:24.487   6.180206667073591          -50.09353023922794          529.4894917512802          6907.379878363937         0.0009447822631272162     01 Jan 2026 08:42:24.487   -70.71183065234248         151.1823686735015           570.7192179257954          6929.821124284361         0.002843966701048261      01 Jan 2026 08:42:24.487   47.37004847539501          120.8672327368915           565.5830718207508          6932.185523388866         0.002148679383802786      
01 Jan 2026 08:43:17.216   2.864787715756913          -50.75308018058313          529.3083224257089          6907.39162521039          0.0009677929852096377     01 Jan 2026 08:43:17.216   -67.65656763365645         147.5459830221855           570.3154242932751          6930.17895071811          0.00279184305287771       01 Jan 2026 08:43:17.216   50.60232763888111          119.6464366937771           566.5227983230043          6931.929905458705         0.002280273908163001      
01 Jan 2026 08:44:07.598   -0.3034501313773749        -51.38088587021024          529.2583802095087          6907.394085106333         0.0009746079104913338     01 Jan 2026 08:44:07.598   -64.68433173874541         144.8137321211689           569.822987502198           6930.510416351602         0.002727044528999605      01 Jan 2026 08:44:07.598   53.67952022882603          118.343445906953            567.3694819190159          6931.662007341669         0.002397657374222633      
01 Jan 2026 08:45:00.098   -3.604827072344163         -52.03537849667628          529.3350033560682          6907.387428686278         0.0009658327708024963     01 Jan 2026 08:45:00.098   -61.54922293286398         142.4969304904659           569.2075129980412          6930.842650561419         0.002644874776476691      01 Jan 2026 08:45:00.098   56.87174930473639          116.8027515045768           568.1863345214288          6931.36079549396          0.002509658467039257      
01 Jan 2026 08:45:52.815   -6.919333112708205         -52.69573888251563          529.5430587474593          6907.371403721482         0.0009408184198938868     01 Jan 2026 08:45:52.815   -58.37301357730254         140.558572240077            568.4942321138806          6931.160267890747         0.002548460217035932      01 Jan 2026 08:45:52.815   60.05857740153792          115.0087590649579           568.9274687740044          6931.038309676615         0.002610018478253169      
01 Jan 2026 08:46:43.790   -10.12328066334298         -53.34008588281278          529.8666633087514          6907.347353082727         0.0009014853279081264     01 Jan 2026 08:46:43.790   -55.28169937773373         138.9552880074124           567.7240767462872          6931.449719534876         0.002443224628293545      01 Jan 2026 08:46:43.790   63.11684393250722          112.9573423942168           569.5580382521612          6930.709880936072         0.002694236473730998      
01 Jan 2026 08:47:36.415   -13.42956553789563         -54.01437393415379          530.3228693366527          6907.314284298715         0.000845767688338869      01 Jan 2026 08:47:36.415   -52.07407465028637         137.5102187436408           566.857436524203           6931.727788457544         0.0023236305262394        01 Jan 2026 08:47:36.415   66.24168514741507          110.3869410245016           570.110119806639           6930.356187451589         0.002766788423257661      
01 Jan 2026 08:48:29.155   -16.74102418401131         -54.7027302001519           530.898736961929           6907.273569418039         0.0007752720178720259     01 Jan 2026 08:48:29.155   -48.84629217051805         136.2266063833842           565.9283706325259          6931.982699343636         0.002194244764572587      01 Jan 2026 08:48:29.155   69.32618391201559          107.150215975042            570.553264726781           6929.989295382042         0.002823807306149523      
01 Jan 2026 08:49:19.865   -19.92270240559226         -55.38000270121334          531.5576472848606          6907.228246011115         0.0006945780723560128     01 Jan 2026 08:49:19.865   -45.73245550449614         135.1139260116946           564.990029994934           6932.202938426671         0.002062529110588697      01 Jan 2026 08:49:19.865   72.22553511852658          103.110685526326            570.8676934522782          6929.627018002221         0.002863025584456607      
01 Jan 2026 08:50:12.478   -23.22081368232781         -56.10274320781222          532.341886345388           6907.176027324186         0.0005987241815854681     01 Jan 2026 08:50:12.478   -42.4928462949308          134.0595085222548           563.9827406505965          6932.403206831439         0.001920229499602314      01 Jan 2026 08:50:12.478   75.12437427347348          97.42691764468161           571.0714722927987          6929.243490159997         0.002886899736230772      
01 Jan 2026 08:51:05.219   -26.52340801492581         -56.8525575628539           533.2210271908398          6907.119782679669         0.00049195430848966       01 Jan 2026 08:51:05.219   -39.23753260950973         133.0847087950064           562.951891350227           6932.572660599169         0.001774007016885539      01 Jan 2026 08:51:05.219   77.84026677797678          89.25665835095657           571.145063122025           6928.853294526935         0.00289317672654326       
01 Jan 2026 08:51:55.401   -29.66197698546879         -57.59474490910238          534.1338287293011          6907.064094687617         0.0003828607403061227     01 Jan 2026 08:51:55.401   -36.13383004351118         132.2192283199698           561.9638288727947          6932.702637449803         0.001633827725268969      01 Jan 2026 08:51:55.401   80.10447872650828          77.71025808797656           571.0898030016569          6928.478487436194         0.002882484495685365      
01 Jan 2026 08:52:47.731   -32.93037317330212         -58.40500711484449          535.1535408231712          6907.005401961181         0.0002664389828428615     01 Jan 2026 08:52:47.731   -32.8915113601362          131.369417760131            560.9386632000533          6932.803610973861         0.001489247811749172      01 Jan 2026 08:52:47.731   81.84331648897822          59.77521939045776           570.8995390612681          6928.085644862557         0.002853955638293638      
01 Jan 2026 08:53:40.492   -36.22029341877943         -59.26752189478466          536.2391415579441          6906.947383671964         0.0001639798787770026     01 Jan 2026 08:53:40.492   -29.61729563826282         130.5574327985328           559.9232293893683          6932.86768266697          0.00134837554320419       01 Jan 2026 08:53:40.492   82.49928196485271          35.73136288709302           570.5695416434892          6927.689075422602         0.002807361687868001      
01 Jan 2026 08:54:30.403   -39.32689571933007         -60.13473499994945          537.3070532784322          6906.895301464139         0.0001433144193978856     01 Jan 2026 08:54:30.403   -26.51563036254639         129.8234358034515           558.9907680831629          6932.891753649841         0.001223176944470113      01 Jan 2026 08:54:30.403   81.85718359998569          13.01455162573002           570.1300860899719          6927.314728657741         0.00274711686694317       
01 Jan 2026 08:55:22.917   -42.58865353255715         -61.1130048066442           538.4603324967693          6906.845318641362         0.0002355007472601654     01 Jan 2026 08:55:22.917   -23.24832017952094         129.0806789880379           558.0505180961827          6932.877192082984         0.001104351147411786      01 Jan 2026 08:55:22.917   80.11946291334722          -5.050099360859248          569.5360728435462          6926.922851947425         0.002667297391658051      
01 Jan 2026 08:56:15.701   -45.85908731185789         -62.18019701516986          539.6362354502762          6906.802011983898         0.000369306436348443      01 Jan 2026 08:56:15.701   -19.96061170630127         128.3590916378051           557.1584724568047          6932.82000328447          0.001003570580066577      01 Jan 2026 08:56:15.701   77.72944316501136          -17.12001719827246          568.8065250432501          6926.531987543236         0.002570858179643979      
01 Jan 2026 08:57:05.837   -48.95664089094364         -63.29079077415982          540.7555285409444          6906.76912932278          0.0005065969021556999     01 Jan 2026 08:57:05.837   -16.83495566129918         127.6925311612282           556.3696540770834          6932.725188079899         0.000930468079634654      01 Jan 2026 08:57:05.837   75.14069603902173          -24.83121875485219          567.9952927563982          6926.164272223651         0.002465137043904718      
01 Jan 2026 08:57:58.273   -52.18536799484465         -64.57966702052967          541.9150641682818          6906.745193485245         0.0006531120439798317     01 Jan 2026 08:57:58.273   -13.56334854069736         127.0110486572836           555.6141795693284          6932.583065601783         0.000882481025601754      01 Jan 2026 08:57:58.273   72.24966331779132          -30.51438475833118          567.0298847952872          6925.783949554018         0.002341047587327697      
01 Jan 2026 08:58:50.956   -55.41555307274633         -66.04232081678398          543.0548677308325          6906.733751686015         0.0007997636462189687     01 Jan 2026 08:58:50.956   -10.27422075034543         126.3388714309863           554.9344026697308          6932.395588101385         0.0008663024696078676     01 Jan 2026 08:58:50.956   69.23304246821434          -34.70405410307477          565.9474510143336          6925.406634157679         0.002203950899990399      
01 Jan 2026 08:59:41.456   -58.49587585388458         -67.64997624732234          544.1112126551307          6906.736291879966         0.0009375757675780419     01 Jan 2026 08:59:41.456   -7.119718632881753         125.703206261556            554.3633658948356          6932.173699586609         0.0008800775096054697     01 Jan 2026 08:59:41.456   66.27469704680382          -37.79882907318333          564.8127192068878          6925.049670971754         0.002062520998955135      
01 Jan 2026 09:00:33.974   -61.67789740753415         -69.60616865992239          545.1596748975599          6906.754547850678         0.001076149246780316      01 Jan 2026 09:00:33.974   -3.837879916279419         125.048156207867            553.8580999847072          6931.899343989257         0.0009204342026824349     01 Jan 2026 09:00:33.974   63.15154360606017          -40.3736943981777           563.542031600351           6924.6834029579           0.001907119236848389      
01 Jan 2026 09:01:26.694   -64.84282429132593         -71.96843150151399          546.1487203084116          6906.790362533703         0.001208712175330599      01 Jan 2026 09:01:26.694   -0.5426562768073463        124.3938837885944           553.4453804714176          6931.579777343502         0.0009811892203639651     01 Jan 2026 09:01:26.694   59.98260686561614          -42.49666811054348          562.1852262261946          6924.320732466555         0.001745148301614048      
01 Jan 2026 09:02:17.894   -67.87762300105085         -74.802136779793            547.0377072106585          6906.843172417129         0.001329747893373874      01 Jan 2026 09:02:17.894   2.658046879785859          123.7588922708004           553.1372495462119          6931.227919398397         0.001053277717382298      01 Jan 2026 09:02:17.894   56.88092491594808          -44.23903719781077          560.8017341853583          6923.973080341862         0.001585107765717447      
01 Jan 2026 09:03:10.474   -70.93585661176584         -78.52248850201285          547.8672336695254          6906.916981730728         0.001444822479900905      01 Jan 2026 09:03:10.474   5.944939533910777          123.1044732495441           552.9165681008981          6930.82525196587          0.001135184430762303      01 Jan 2026 09:03:10.474   53.67673689818483          -45.78522484500768          559.3268551755846          6923.620409348619         0.001421789254806982      
01 Jan 2026 09:04:03.198   -73.9107205808331          -83.51315916225367          548.605141240756           6907.011797932899         0.001549648379301007      01 Jan 2026 09:04:03.198   9.240340854833384          122.443024187762            552.7919000544771          6930.381025586327         0.001220966632103877      01 Jan 2026 09:04:03.198   50.44844767164543          -47.14765790454021          557.8071503096025          6923.270747699391         0.001264087597238576      
01 Jan 2026 09:04:54.462   -76.65793428933314         -90.29713888148999          549.2250171620899          6907.12458989378          0.001640449499256386      01 Jan 2026 09:04:54.462   12.44363777763684          121.7919558057826           552.7612744965845          6929.912102758815         0.001304790075722623      01 Jan 2026 09:04:54.462   47.2974652579851           -48.33255296856107          556.3045620167595          6922.934074049779         0.001122863821509238      
01 Jan 2026 09:05:46.984   -79.20917289858767         -100.5055374392855          549.7540031199496          6907.261603702022         0.001721265401453108      01 Jan 2026 09:05:46.984   15.72418919037918          121.1136272278994           552.8189050409173          6929.396061227447         0.001388822521238171      01 Jan 2026 09:05:46.984   44.05883382612804          -49.43389936155695          554.7544841986455          6922.591950732453         0.0009989096913229684     
01 Jan 2026 09:06:39.727   -81.26757807981198         -116.0749624322565          550.1721655948631          6907.42117585189          0.001789297807582672      01 Jan 2026 09:06:39.727   19.01667981773657          120.4174051995509           552.9623720434247          6928.84414826535          0.001469672024663957      01 Jan 2026 09:06:39.727   40.7976185144832           -50.44826991261027          553.20243960075            6922.250639666016         0.0009058156467487683     
01 Jan 2026 09:07:30.258   -82.37901892482506         -137.2620700712612          550.4632522439861          6907.594590786269         0.001841665798515451      01 Jan 2026 09:07:30.258   22.16893447079213          119.7325144094943           553.174355011608           6928.286368312468         0.001542696115033084      01 Jan 2026 09:07:30.258   37.66583577720829          -51.35054772937109          551.7341154194382          6921.925171656504         0.0008555360357037938     
01 Jan 2026 09:08:22.691   -82.23869918906605         -162.1606436855616          550.6500440876789          6907.795379922148         0.001882429980406208      01 Jan 2026 09:08:22.691   25.43715778378325          118.9989550737951           553.464164397803           6927.68059051001          0.001613047540046298      01 Jan 2026 09:08:22.691   34.40949512139847          -52.22815923579513          550.2444650846883          6921.588444450463         0.0008490505128313186     
01 Jan 2026 09:09:15.386   -80.83643065990728         177.1665593942716           550.7190443553218          6908.017872228493         0.00190931414145307       01 Jan 2026 09:09:15.386   28.71831264718501          118.233016802667            553.8185767719706          6927.047434047189         0.00167754983932545       01 Jan 2026 09:09:15.386   31.13096288261271          -53.06079426490876          548.7969492199963          6921.250501460004         0.0008867984274499003     
01 Jan 2026 09:10:05.589   -78.7441450903041          163.6386850104074           550.675045719343           6908.248268439571         0.001921814114647749      01 Jan 2026 09:10:05.589   31.84073299676238          117.4707130298076           554.2063679364064          6926.424780978043         0.001732764907235956      01 Jan 2026 09:10:05.589   28.00247786691721          -53.81620240885524          547.4772353663311          6920.928495445816         0.0009549822436238496     
01 Jan 2026 09:10:57.949   -76.13743699835545         154.2301140975139           550.5175357643875          6908.506538939168         0.001921404485533977      01 Jan 2026 09:10:57.949   35.09293705780519          116.6345592453293           554.6530707482407          6925.758772106516         0.001783480012414107      01 Jan 2026 09:10:57.949   24.73504819129561          -54.57164378677386          546.1755412268149          6920.592211377805         0.001047761200649673      
01 Jan 2026 09:11:50.667   -73.27611518844236         147.7468896818246           550.2478017628055          6908.78365213975          0.001907478480710555      01 Jan 2026 09:11:50.667   38.36218483455774          115.7411478201013           555.1356014441744          6925.074927756566         0.001827104986084486      01 Jan 2026 09:11:50.667   21.44115517139235          -55.30478081539838          544.9545459488445          6920.252858849897         0.001152614727644536      
01 Jan 2026 09:12:40.729   -70.43281665907637         143.2862031328652           549.8934087073976          6909.061083451302         0.001882177816556806      01 Jan 2026 09:12:40.729   41.46113788080579          114.8343406180152           555.6137952746467          6924.416870668941         0.001861323113919881      01 Jan 2026 09:12:40.729   18.30987800753933          -55.98017413640627          543.8889730264418          6919.929716195326         0.001254992761192949      
01 Jan 2026 09:13:33.139   -67.3751587108833          139.7381353691579           549.426345202538           6909.364558905158         0.001843725882152407      01 Jan 2026 09:13:33.139   44.6986277056854           113.8101261340743           556.1240298422517          6923.722811149328         0.001889312952497986      01 Jan 2026 09:13:33.139   15.02876763481881          -56.66976599933407          542.8814652701503          6919.590451881595         0.001359150621644341      
01 Jan 2026 09:14:25.834   -64.24603015563996         136.9375738030887           548.8656222064101          6909.680991949269         0.001793521245412354      01 Jan 2026 09:14:25.834   47.94549551130686          112.6846090317644           556.6352304123393          6923.023730511158         0.001909054676451335      01 Jan 2026 09:14:25.834   11.72720606123579          -57.34893777943171          541.988924305354           6919.24845961048          0.001456326693462148      
01 Jan 2026 09:15:16.075   -61.22726287258172         134.760731692561            548.2544061052395          6909.991074373839         0.001735732803253485      01 Jan 2026 09:15:16.075   51.03193462679513          111.499473580134            557.1099848232925          6922.359846019193         0.001919723956722887      01 Jan 2026 09:15:16.075   8.577458106655332          -57.98647087657992          541.2575758871772          6918.921842931196         0.001538895969540209      
01 Jan 2026 09:16:08.563   -58.04680902232793         132.8536935067397           547.5458180580781          6910.321344762241         0.001666012597225844      01 Jan 2026 09:16:08.563   54.24468487610675          110.1128244068443           557.5815561194304          6921.672951010481         0.001922041242634454      01 Jan 2026 09:16:08.563   5.285313065166102          -58.645163912433            540.6242452104852          6918.580507239059         0.001612319898058378      
01 Jan 2026 09:17:01.267   -54.83254771785992         131.2165592968049           546.7732894680294          6910.656851069595         0.001587507123497931      01 Jan 2026 09:17:01.267   57.45568555142557          108.5229199260762           558.0187714040321          6920.994049880283         0.001914951444893915      01 Jan 2026 09:17:01.267   1.978483758394282          -59.30199424948577          540.127302353807           6918.238313902858         0.001671088259667368      
01 Jan 2026 09:17:51.986   -51.7240432594901          129.8390236233903           545.9832468448303          6910.980797032485         0.001505037761617384      01 Jan 2026 09:17:51.986   60.52762011450304          106.7460924134369           558.3950311219596          6920.354609689552         0.00189890546853185       01 Jan 2026 09:17:51.986   -1.204441885875435         -59.93247938843444          539.7834166457378          6917.910342430663         0.001712283323149742      
01 Jan 2026 09:18:44.505   -48.49261817600506         128.5700699907222           545.1291083890173          6911.314580445569         0.001413695442081239      01 Jan 2026 09:18:44.505   63.68364997134972          104.5610682806965           558.7288056258285          6919.710498956249         0.001872453272469273      01 Jan 2026 09:18:44.505   -4.50041189980894          -60.58642307159602          539.567497982127           6917.573163523978         0.00173820732886142       
01 Jan 2026 09:19:37.231   -45.23777317708804         127.4223314884181           544.2474892201599          6911.645115115359         0.001317160971139894      01 Jan 2026 09:19:37.231   66.81711714205287          101.8750889201632           558.9974946993898          6919.085834016173         0.001835551889743878      01 Jan 2026 09:19:37.231   -7.809052574311625         -61.24692793988356          539.493839739036           6917.238403028085         0.001746575871034915      
01 Jan 2026 09:20:28.702   -42.0518221038379          126.3987615312579           543.3762639778524          6911.960554792355         0.001219473216589691      01 Jan 2026 09:20:28.702   69.82719270962296          98.56609456467886           559.1875254815859          6918.500557197468         0.00178930985480362       01 Jan 2026 09:20:28.702   -11.03806465667881         -61.89841997771901          539.5583177275739          6916.916658715779         0.001737452710849126      
01 Jan 2026 09:21:21.366   -38.78444243670501         125.4309841218037           542.4870596059527          6912.27306919083          0.001117203426440479      01 Jan 2026 09:21:21.366   72.83136482672461          94.12358100795822           559.3008654513851          6917.929868910178         0.001731380419037563      01 Jan 2026 09:21:21.366   -14.34064692999254         -62.57502263119201          539.7601621759231          6916.594243156382         0.001710472885132475      
01 Jan 2026 09:22:14.101   -35.50603722937505         124.5272671918137           541.6120651817264          6912.572781713134         0.001013617759731551      01 Jan 2026 09:22:14.101   75.71552915303549          87.98969151913363           559.3260450315283          6917.389836175555         0.001662525265661776      01 Jan 2026 09:22:14.101   -17.64586568594657         -63.26612608501986          540.0947724324697          6916.280106017509         0.001665860353038717      
01 Jan 2026 09:23:04.812   -32.34810896176806         123.7086814697586           540.7973264268958          6912.845907135023         0.0009139136725093374     01 Jan 2026 09:23:04.812   78.28685034645588          79.49615385136664           559.2623529922039          6916.902654067422         0.001586078265994209      01 Jan 2026 09:23:04.812   -20.82193744150251         -63.94710589815903          540.5352851324506          6915.988127568129         0.001606836443451566      
01 Jan 2026 09:23:57.365   -29.07059646119639         122.9032080686338           539.9926542990197          6913.110782436121         0.0008114202430670134     01 Jan 2026 09:23:57.365   80.56619111349677          66.29263776384423           559.1020143229061          6916.433243975371         0.001496366399418391      01 Jan 2026 09:23:57.365   -24.11053969538432         -64.67401499261508          541.1067902543455          6915.698057578448         0.001529688268762227      
01 Jan 2026 09:24:50.175   -25.77263186808            122.1299255929301           539.2364774131029          6913.355834701797         0.0007100809575249897     01 Jan 2026 09:24:50.175   82.11574484786918          46.55142705280278           558.8420862820903          6915.999888916856         0.00139567473137649       01 Jan 2026 09:24:50.175   -27.41182307713009         -65.43122443493485          541.7896825494472          6915.421634603878         0.001436681644194652      
01 Jan 2026 09:25:40.378   -22.63394387264271         121.4224252762504           538.5765756933752          6913.56701003493          0.0006158649522192007     01 Jan 2026 09:25:40.378   82.46818418140752          22.93488853035131           558.5025585575613          6915.625129448251         0.001290465013668367      01 Jan 2026 09:25:40.378   -30.54638081805425         -66.18134538273925          542.5301099414646          6915.175024362426         0.001334871229841501      
01 Jan 2026 09:26:32.855   -19.34993478513134         120.7063983161916           537.9579374540963          6913.763016554962         0.0005200003345008105     01 Jan 2026 09:26:32.855   81.51631871039976          0.001675273074379625        558.0521337924556          6915.273456752869         0.001171042729308093      01 Jan 2026 09:26:32.855   -33.81837976406099         -67.00378725484143          543.3881190382099          6914.936402575094         0.00121566914617669       
01 Jan 2026 09:27:25.631   -16.04448738614572         120.0059072795558           537.418106075148           6913.932764833406         0.0004264939219605476     01 Jan 2026 09:27:25.631   79.56516971947669          -16.54404586927752          557.5029488269929          6914.962088323619         0.001041780504062546      01 Jan 2026 09:27:25.631   -37.10361125504561         -67.87895027870522          544.3254660154735          6914.718594871726         0.001083953016782804      
01 Jan 2026 09:28:15.604   -12.91246435122939         119.3569989541221           536.9902509090161          6914.066692476018         0.0003406240916247855     01 Jan 2026 09:28:15.604   77.20141875210282          -26.96592559445108          556.8974185036486          6914.70698652297          0.0009115640204891003     01 Jan 2026 09:28:15.604   -40.2086657292978          -68.76174372029206          545.2700200435702          6914.535090086858         0.0009496244775835069     
01 Jan 2026 09:29:08.053   -9.623482938410747         118.6874986821386           536.6346554725915          6914.177898607738         0.0002530879574727916     01 Jan 2026 09:29:08.053   74.43228371201744          -34.40171714445892          556.1773503797294          6914.481149988656         0.0007675149413037995     01 Jan 2026 09:29:08.053   -43.46067862674171         -69.75764252374755          546.3081441618388          6914.368602178203         0.0008000702809119989     
01 Jan 2026 09:30:00.787   -6.315321053111282         118.0230390367227           536.3787669211733          6914.258324915144         0.0001674291503785296     01 Jan 2026 09:30:00.787   71.48111604186522          -39.67770912136161          555.372542425881           6914.297385945895         0.0006160136914606177     01 Jan 2026 09:30:00.787   -46.7220102343995          -70.847412259256            547.386605402372           6914.230514301954         0.0006424661709254494     
01 Jan 2026 09:30:50.899   -3.170788642280006         117.3968375358517           536.2334846254062          6914.304872489651         8.826965059022247e-05     01 Jan 2026 09:30:50.899   68.58359179308846          -43.41756494356506          554.539807054558           6914.16272531236          0.0004668382186706516     01 Jan 2026 09:30:50.899   -49.81210366830136         -71.98559440187061          548.4309598429472          6914.128618212379         0.0004875501581722642     
01 Jan 2026 09:31:43.376   0.12253937513501           116.7437329396271           536.1857478341926          6914.321950796104         2.234313377422791e-05     01 Jan 2026 09:31:43.376   65.48697998101323          -46.4675839784932           553.605475286734           6914.062893417482         0.0003063486076679795     01 Jan 2026 09:31:43.376   -53.03658981145634         -73.31298385536205          549.5316979538075          6914.05462788184          0.0003218011796004137     
01 Jan 2026 09:32:36.118   3.432534146605946          116.0872120684239           536.2460796299138          6914.306321332165         8.54198529892166e-05      01 Jan 2026 09:32:36.118   62.33093758246448          -48.92597436422387          552.6122111470049          6914.00413685844          0.0001420837536972332     01 Jan 2026 09:32:36.118   -56.2629983013849          -74.82658994519001          550.6318812192922          6914.015979941654         0.0001547304851575361     
01 Jan 2026 09:33:26.648   6.603209937357549          115.4554614105152           536.4049423918796          6914.260662874795         0.0001655590893386621     01 Jan 2026 09:33:26.648   59.27797676116811          -50.87930006192669          551.6200254504483          6913.985871685285         2.234920570830589e-05     01 Jan 2026 09:33:26.648   -59.33699577361153         -76.49773275895332          551.6678165404455          6914.014253225891         4.345565865227752e-05     
01 Jan 2026 09:34:19.161   9.897418994981077          114.7931922306666           536.6725281002027          6914.181860827501         0.000251497037859449      01 Jan 2026 09:34:19.161   56.08255826397611          -52.60623478470518          550.5583913944893          6914.004962857985         0.0001845434158022891     01 Jan 2026 09:34:19.161   -62.50870797596699         -78.54162745002513          552.713412023204           6914.050637941606         0.0001884541036453405     
01 Jan 2026 09:35:11.871   13.20258623630263          114.1195029681768           537.0423016104824          6914.071417228733         0.0003403295545384698     01 Jan 2026 09:35:11.871   52.85725084482964          -54.10750922783053          549.4740885181582          6914.061530613209         0.0003499739595935617     01 Jan 2026 09:35:11.871   -65.6606671761796          -81.02685925014489          553.7193208060453          6914.127672757494         0.0003542905118022031     
01 Jan 2026 09:36:02.955   16.40406427887784          113.4548686939793           537.4923237378935          6913.935455109724         0.0004291389085434308     01 Jan 2026 09:36:02.955   49.71778369218508          -55.39313281865165          548.417946484974           6914.150365935606         0.0005079678346594953     01 Jan 2026 09:36:02.955   -68.67291958368841         -84.02548770246277          554.6419831370822          6914.242142620006         0.0005129514918309684     
01 Jan 2026 09:36:55.529   19.69659842541894          112.7552134202496           538.0430846675181          6913.767156917519         0.0005234816188724142     01 Jan 2026 09:36:55.529   46.47536428849179          -56.5808463055968           547.3389188725032          6914.274776633468         0.0006665339822194576     01 Jan 2026 09:36:55.529   -71.70838068072582         -88.0084793922867           555.5279995439432          6914.401700899115         0.0006718372099400921     
01 Jan 2026 09:37:48.300   22.99863908614958          112.0328458446818           538.6772770413509          6913.570944303744         0.0006211319296670001     01 Jan 2026 09:37:48.300   43.2110985369066           -57.66386012558466          546.2777312344024          6914.43113650144          0.0008199887786161785     01 Jan 2026 09:37:48.300   -74.65170543896562         -93.4203998209065           556.343554909784           6914.604995043261         0.0008253991983019839     
01 Jan 2026 09:38:38.638   26.14539807850407          111.3206010865521           539.3496906389564          6913.360071115379         0.0007167902576239481     01 Jan 2026 09:38:38.638   40.08958452446438          -58.61532558809832          545.2987435277037          6914.607562643449         0.0009595930954103012     01 Jan 2026 09:38:38.638   -77.29773059033488         -100.7052534927347          557.0454352786501          6914.83941762426          0.0009652736784753459     
01 Jan 2026 09:39:31.086   29.42022625739203          110.5491111395718           540.1104670047198          6913.117804024225         0.0008185925707128812     01 Jan 2026 09:39:31.086   36.83046503151061          -59.53799405579335          544.3265363946784          6914.817412694192         0.001096533616666015      01 Jan 2026 09:39:31.086   -79.75318698840954         -111.9274791426567          557.691460859276           6915.125634505039         0.00110317963083322       
01 Jan 2026 09:40:23.882   32.71240197464683          109.7356150942569           540.9272857659544          6912.85299304326          0.0009225950160634314     01 Jan 2026 09:40:23.882   33.5435565529066           -60.409042635684            543.4104056198385          6915.053068387865         0.001224148955393662      01 Jan 2026 09:40:23.882   -81.6409135750098          -129.0374957757672          558.2488489608604          6915.456596565791         0.001233090738838281      
01 Jan 2026 09:41:13.928   35.82836437351774          108.923023377906            541.7378586687255          6912.584891814276         0.001021804494690664      01 Jan 2026 09:41:13.928   30.42296971808511          -61.1908053419269           542.6117552929809          6915.296788091001         0.001334348683553259      01 Jan 2026 09:41:13.928   -82.47836986600753         -151.221195422947           558.6877237555664          6915.809299737958         0.001347327276748442      
01 Jan 2026 09:42:06.279   39.08226969848812          108.020432134308            542.6116585901964          6912.289177101454         0.001125280499543189      01 Jan 2026 09:42:06.279   27.15417938739644          -61.97093271739432          541.8606158230568          6915.570557946144         0.001437161439434183      01 Jan 2026 09:42:06.279   -82.03280892100717         -175.6752556747075          559.0514792800032          6916.217800129278         0.001457003866039484      
01 Jan 2026 09:42:59.009   42.35308084194112          107.0448712926862           543.5057935866998          6911.978271568096         0.001228093248029507      01 Jan 2026 09:42:59.009   23.85775427486719          -62.7246626735099           541.2023766353195          6915.863351530259         0.001526657769370407      01 Jan 2026 09:42:59.009   -80.41168552700816         165.1447623143351           559.3185506069931          6916.668715037579         0.001556890356210587      
01 Jan 2026 09:43:49.067   45.45094987018183          106.0428185037455           544.3555463547991          6911.673609471959         0.001323288843014117      01 Jan 2026 09:43:49.067   20.72526817631418          -63.41578059169143          540.6783071680802          6916.154937526183         0.001597588978076158      01 Jan 2026 09:43:49.067   -78.21330014579203         152.85425425236             559.4804658700541          6917.131791666196         0.001641602177690092      
01 Jan 2026 09:44:41.533   48.68908167224298          104.8938668687393           545.2344565046069          6911.347108796124         0.001419354631954974      01 Jan 2026 09:44:41.533   17.43932576710503          -64.11939334698486          540.2432333520037          6916.47258995186          0.001656398028075308      01 Jan 2026 09:44:41.533   -75.54093740397072         144.2198431964836           559.5564046025893          6917.651747278763         0.001719638992988502      
01 Jan 2026 09:45:34.289   51.93435658082701          103.6103656790769           546.093118515083           6911.014254183555         0.001510869424377349      01 Jan 2026 09:45:34.289   14.13286693305628          -64.80974276216509          539.9314506316123          6916.802247461992         0.001698778193682029      01 Jan 2026 09:45:34.289   -72.64606119868903         138.2146923099847           559.539461824761           6918.20791376367          0.001786940292630456      
01 Jan 2026 09:46:24.625   55.01846056447535          102.2327266890662           546.8769619715267          6910.695086145006         0.001592263682227239      01 Jan 2026 09:46:24.625   10.97642759975192          -65.45590158892566          539.7575364527065          6917.124437537159         0.00172305465332285       01 Jan 2026 09:46:24.625   -69.77113683921496         134.0213708403092           559.4405533903364          6918.767225779116         0.001840739229792628      
01 Jan 2026 09:47:17.161   58.22146082743661          100.5876075087508           547.6461649069488          6910.363036000662         0.001669860347324415      01 Jan 2026 09:47:17.161   7.680717339792004          -66.12058513702969          539.709576992349           6917.466835319501         0.001731255600885109      01 Jan 2026 09:47:17.161   -66.69728794631797         130.6677046591577           559.2570341501969          6919.377981393845         0.001886156923190802      
01 Jan 2026 09:48:09.912   61.4165181151599           98.65272470769904           548.3565024628551          6910.033441661782         0.001739048315142207      01 Jan 2026 09:48:09.912   4.370700120414748          -66.78112776981368          539.8021152760375          6917.815188551253         0.001721803890374907      01 Jan 2026 09:48:09.912   -63.56099657065399         128.0031282608111           558.9974781093861          6920.015784887045         0.001920922541049739      
01 Jan 2026 09:49:00.973   64.48244864468786          96.41135544014145           548.9743457522409          6909.72054170519          0.001796645309861745      01 Jan 2026 09:49:00.973   1.166420742842468          -67.41679079852581          540.0277268044483          6918.155235007314         0.001695958135189695      01 Jan 2026 09:49:00.973   -60.49208807372898         125.889125182363            558.682323224677           6920.653311543755         0.001944473749354037      
01 Jan 2026 09:49:53.537   67.600432106969            93.57138816334862           549.5287557957963          6909.407161860204         0.00184532423864521       01 Jan 2026 09:49:53.537   -2.131980027664367         -68.0701491177565           540.3999401172496          6918.506877386263         0.001652681689875984      01 Jan 2026 09:49:53.537   -57.30814150749221         124.0561099309284           558.3013109073099          6921.326755044934         0.001958635918876323      
01 Jan 2026 09:50:46.298   70.67346419459481          89.9277712193331            549.9928740923633          6909.103810357425         0.001882473028096617      01 Jan 2026 09:50:46.298   -5.442137408772196         -68.72777764797718          540.9148483128811          6918.860299572235         0.001593084404549408      01 Jan 2026 09:50:46.298   -54.09314152962364         122.4750330938933           557.8712317050713          6922.016444284336         0.00196290231329967       
01 Jan 2026 09:51:37.981   73.59881991670865          85.1858663361128            550.3500108591061          6908.819610194236         0.001906745959500874      01 Jan 2026 09:51:37.981   -8.683487535553642         -69.37653249984552          541.5533899620486          6919.206002720005         0.001520247402952478      01 Jan 2026 09:51:37.981   -50.92944755376902         121.1164243443091           557.4141785145512          6922.701518483703         0.001957766383715323      
01 Jan 2026 09:52:30.586   76.43457503213641          78.46061757459763           550.6078175100747          6908.54537986282          0.001918528693457975      01 Jan 2026 09:52:30.586   -11.98109393821081         -70.04450379805169          542.3349270736489          6919.556636159289         0.001433192876568004      01 Jan 2026 09:52:30.586   -47.69750199541677         119.8827215790936           556.9238006798787          6923.404476608091         0.001943436312101636      
01 Jan 2026 09:53:23.336   79.02410246140568          68.5424133773073            550.7539129088464          6908.287314388491         0.001916788186534087      01 Jan 2026 09:53:23.336   -15.2856281448263          -70.72527137357085          543.2455039567831          6919.906430283259         0.001335305681118625      01 Jan 2026 09:53:23.336   -44.44689918347238         118.764293970823            556.4182763406252          6924.110983271206         0.001920217232846499      
01 Jan 2026 09:54:14.152   81.06988599702265          54.13732683132947           550.7845162351432          6908.056080953526         0.001901988374792181      01 Jan 2026 09:54:14.152   -18.46655357758236         -71.39478898285388          544.2354175587352          6920.241371858139         0.001234204600875378      01 Jan 2026 09:54:14.152   -41.30769381544179         117.7764431693262           555.9294008028228          6924.789230603169         0.001889815517937332      
01 Jan 2026 09:55:06.652   82.33247771485811          32.72953065690189           550.7002847639751          6907.836238258703         0.00187304021323241       01 Jan 2026 09:55:06.652   -21.74978801794422         -72.10442648073249          545.3652398478262          6920.585165100598         0.001127366604219785      01 Jan 2026 09:55:06.652   -38.05772858464452         116.8303319537327           555.4339327372518          6925.483504543077         0.001850481249927952      
01 Jan 2026 09:55:59.363   82.29689985729807          7.657655476366688           550.4963959942497          6907.63589594579          0.001830043322390124      01 Jan 2026 09:55:59.363   -25.04262445025454         -72.83972329772504          546.5986118166211          6920.928075793719         0.001024260361527776      01 Jan 2026 09:55:59.363   -34.78871201474439         115.942364349954            554.957922294323           6926.169947792814         0.001803249261466325      
01 Jan 2026 09:56:49.630   81.055031189499            -12.6711435883996           550.191194263185           6907.464473759394         0.001776222836371901      01 Jan 2026 09:56:49.630   -28.17888955124416         -73.56700612237641          547.8563416471525          6921.253139509462         0.0009382401137053944     01 Jan 2026 09:56:49.630   -31.6664754269986          115.1429562595084           554.5345376002897          6926.810951982226         0.001751335511551528      
01 Jan 2026 09:57:41.954   78.93465835782852          -27.37196720999892          549.7607425839433          6907.306763888994         0.001707265800657948      01 Jan 2026 09:57:41.954   -31.43886507692764         -74.35695543603767          549.2378693409728          6921.589794559388         0.000872643622695337      01 Jan 2026 09:57:41.954   -28.41221270571402         114.351283491582            554.1359546740987          6927.460354652777         0.001690569371501008      
01 Jan 2026 09:58:34.632   76.3354004684536           -37.1329148341074           549.2148387095631          6907.169457512492         0.001625045418716426      01 Jan 2026 09:58:34.632   -34.71560202042099         -75.19344496296306          550.6898854772517          6921.927417128053         0.0008436373956052288     01 Jan 2026 09:58:34.632   -25.13205405950184         113.5885781248907           553.7881833313249          6928.092122557488         0.001622930088744463      
01 Jan 2026 09:59:24.635   73.6362704440872           -43.49681433759947          548.5969444007033          6907.058931621424         0.001535766573687078      01 Jan 2026 09:59:24.635   -37.82027766704984         -76.0338693828969           552.1118037245051          6922.247167574968         0.0008587527248026215     01 Jan 2026 09:59:24.635   -22.01548048082491         112.8908272155168           553.5163979558456          6928.668102845459         0.001553263197919718      
01 Jan 2026 10:00:16.982   70.67237839847914          -48.3122843727009           547.8523250234848          6906.963519979282         0.001431400601985425      01 Jan 2026 10:00:16.982   -41.06385445092735         -76.97275261422895          553.6318015323286          6922.581746835088         0.0009200283824778567     01 Jan 2026 10:00:16.982   -18.75013439975887         112.1827223150749           553.3008569937801          6929.243181392681         0.001475342684742489      
01 Jan 2026 10:01:09.682   67.60081048526015          -51.95386260342917          547.0095009754368          6906.887812985254         0.001316065120234845      01 Jan 2026 10:01:09.682   -44.32151688043788         -77.99285776230562          555.1795940682578          6922.919082673957         0.001021776383712915      01 Jan 2026 10:01:09.682   -15.46044619273392         111.4884900209601           553.1624873128258          6929.790270275102         0.0013927199891621        
01 Jan 2026 10:01:59.697   64.63268266047407          -54.67192267829021          546.1315808170648          6906.834065124023         0.001198144751826618      01 Jan 2026 10:01:59.697   -47.40478226617357         -79.04692284893653          556.6507556521092          6923.240322873066         0.001145832510430119      01 Jan 2026 10:01:59.697   -12.33672443898833         110.8433318220174           553.1098820026427          6930.277315707033         0.001311659484211474      
01 Jan 2026 10:02:52.029   61.48887874081674          -56.98716781510693          545.1415027190687          6906.795682164111         0.00106718635995017       01 Jan 2026 10:02:52.029   -50.62061140131943         -80.26186411444172          558.1778005088408          6923.578242400367         0.001294555977549146      01 Jan 2026 10:02:52.029   -9.067024238797904         110.1792018213626           553.1416755979226          6930.750968507698         0.001225837337628942      
01 Jan 2026 10:03:44.633   58.30015590381009          -58.92609926233984          544.0837507000542          6906.774263510432         0.0009291655788637009     01 Jan 2026 10:03:44.633   -53.84061951015998         -81.62955484254651          559.6853437720683          6923.92043134034          0.001455417693913032      01 Jan 2026 10:03:44.633   -5.779379913240716         109.5196834940006           553.2667096971099          6931.187853209391         0.001141013303568642      
01 Jan 2026 10:04:34.946   55.23014860734141          -60.51340157572854          543.02474365134            6906.768559472425         0.0007926682748945241     01 Jan 2026 10:04:34.946   -56.90597402837533         -83.11463971154626          561.0878689713518          6924.250632280266         0.001614047252715854      01 Jan 2026 10:04:34.946   -2.634490575790178         108.8936803497635           553.4756719673851          6931.56714644054          0.00106440778474479       
01 Jan 2026 10:05:27.360   52.0155868102708           -61.95794546467708          541.8847954631892          6906.776472072678         0.0006475853447722116     01 Jan 2026 10:05:27.360   -60.08050309717131         -84.90359054725126          562.4944034739319          6924.598162636461         0.001779569779838737      01 Jan 2026 10:05:27.360   0.6417423836071547         108.2437530285169           553.7870349783725          6931.920673427062         0.0009936759797998678     
01 Jan 2026 10:06:20.024   48.77217542034126          -63.24419731854415          540.7150875441985          6906.79698047028          0.0005011022894181242     01 Jan 2026 10:06:20.024   -63.24503538246822         -87.03567960582215          563.8382595100393          6924.951412661276         0.001942374442728346      01 Jan 2026 10:06:20.024   3.933184915716398          107.5902177622725           554.1954502731551          6932.231921966405         0.0009375505266624465     
01 Jan 2026 10:07:11.058   45.61850277074485          -64.36720140005183          539.5716009574844          6906.827155580105         0.0003616984599330967     01 Jan 2026 10:07:11.058   -66.27914364903333         -89.54505461856188          565.0621817035662          6925.297903820114         0.002093855658234039      01 Jan 2026 10:07:11.058   7.121940872149657          106.9537345634398           554.6805348131693          6932.490665922804         0.0009035070575707928     
01 Jan 2026 10:08:03.593   42.36284755726069          -65.42258312589306          538.3981073446384          6906.86698261253          0.0002282305459795733     01 Jan 2026 10:08:03.593   -69.35528130270936         -92.78132552176476          566.2302105410317          6925.659037773329         0.00224085396177339       01 Jan 2026 10:08:03.593   10.40324145268482          106.2924115025731           555.2681307437661          6932.712437305119         0.0008951208385017415     
01 Jan 2026 10:08:56.291   39.08911462142384          -66.39884291737569          537.2389130404063          6906.913959835862         0.0001349325017104913     01 Jan 2026 10:08:56.291   -72.36910121375803         -97.0199269857121           567.2977334724837          6926.025821730254         0.00237709195260301       01 Jan 2026 10:08:56.291   13.69295198901306          105.6197440660771           555.9423967095554          6932.889284245245         0.000917496327645764      
01 Jan 2026 10:09:47.343   35.91096577887021          -67.28084168568206          536.1464951448161          6906.964348911362         0.0001607325330495453     01 Jan 2026 10:09:47.343   -75.18013315921702         -102.6004688749022          568.2236763846413          6926.38531786937          0.002496683382673345      01 Jan 2026 10:09:47.343   16.87788182274513          104.9560271404182           556.6705088534572          6933.017208256092         0.0009687298628189004     
01 Jan 2026 10:10:39.846   32.63663090742426          -68.13442595141564          535.0679619621751          6907.019309897425         0.0002660490251284399     01 Jan 2026 10:10:39.846   -77.88142602076566         -110.7939737943487          569.05706982222            6926.758941425906         0.002605516162619318      01 Jan 2026 10:10:39.846   20.15069280962583          104.2574992174352           557.4886055264924          6933.104703541546         0.001048690612756578      
01 Jan 2026 10:11:32.557   29.34397206607874          -68.94665591023823          534.0442401482987          6907.07583308523          0.0003843243804252808     01 Jan 2026 10:11:32.557   -80.24112075962496         -123.1425162277729          569.7660833609689          6927.137488505708         0.002699148816124473      01 Jan 2026 10:11:32.557   23.43344641015664          103.5357732228011           558.371739743855           6933.148414653531         0.001151755646303283      
01 Jan 2026 10:12:23.036   26.18643561540733          -69.68990294844539          533.1312157957918          6907.129549574278         0.0004943934587592365     01 Jan 2026 10:12:23.036   -81.88165823794655         -140.753695882247           570.3204510351679          6927.502516406505         0.002773245876780612      01 Jan 2026 10:12:23.036   26.57380056850111          102.8209950957409           559.2661528192048          6933.149860391512         0.001266729198430834      
01 Jan 2026 10:13:15.549   22.89767552276023          -70.43360648342514          532.2627672561284          6907.183360747703         0.0006008801657294086     01 Jan 2026 10:13:15.549   -82.4993274509272          -164.7936272803646          570.7644033055994          6927.883932594649         0.002833473295712263      01 Jan 2026 10:13:15.549   29.83677917178872          102.0474674006343           560.2365592586475          6933.110745703628         0.0013983091344004        
01 Jan 2026 10:14:08.303   19.59041320169014          -71.15593278450409          531.4847027029282          6907.23372913517          0.0006971726190499511     01 Jan 2026 10:14:08.303   -81.75500035618886         171.4400772468842           571.0721555521141          6928.267638886507         0.00287618582022114       01 Jan 2026 10:14:08.303   33.11002340197718          101.2330558398484           561.2406970437996          6933.031378852961         0.001538419097968524      
01 Jan 2026 10:14:58.339   16.45082203960544          -71.82246649493652          530.843042894141           6907.276778695743         0.0007770785885136545     01 Jan 2026 10:14:58.339   -80.05398220017879         154.5901676934086           571.2356897372874          6928.630818286409         0.002899976560607801      01 Jan 2026 10:14:58.339   36.20974313834309          100.4186321261977           562.2088266168812          6932.920701074328         0.001675241980680439      
01 Jan 2026 10:15:50.880   13.15164059564051          -72.50690339477764          530.2783249495333          6907.315828224911         0.000847788156707244      01 Jan 2026 10:15:50.880   -77.66319567547956         142.7262976912962           571.2740488211302          6929.009878355447         0.002907385700798975      01 Jan 2026 10:15:50.880   39.45888527763124          99.5099184891841            563.2294899488916          6932.76937303119          0.001819998085655519      
01 Jan 2026 10:16:43.586   9.840112761999411          -73.18121945069363          529.8311068443181          6907.347612880699         0.0009041427458604264     01 Jan 2026 10:16:43.586   -74.93222685464039         134.7740380655173           571.1779614122142          6929.386018431093         0.002896883747657258      01 Jan 2026 10:16:43.586   42.71145123526052          98.53100349024956           564.2444293725212          6932.583646885581         0.001963622786347796      
01 Jan 2026 10:17:33.608   6.695938065601283          -73.81287925963147          529.5223259924287          6907.370147929565         0.0009434072971205708     01 Jan 2026 10:17:33.608   -72.17010754776261         129.4520367484089           570.9659689540422          6929.737413835054         0.002870626582924994      01 Jan 2026 10:17:33.608   45.79103544338852          97.52516456189088           565.1870910535426          6932.378138825536         0.002096255656011244      
01 Jan 2026 10:18:26.082   3.396652879664059          -74.46980018939611          529.323368390269           6907.385190552289         0.0009691702712070977     01 Jan 2026 10:18:26.082   -69.16698155554329         125.3134767768616           570.6225524273441          6930.09819124161          0.002826554802091879      01 Jan 2026 10:18:26.082   49.01271424689615          96.37007932474644           566.141597104318           6932.134331040777         0.002229486549906302      
01 Jan 2026 10:19:18.795   0.08182159427495905        -75.12675110510287          529.2547809070393          6907.39103764327          0.0009787921814756143     01 Jan 2026 10:19:18.795   -66.08112274225236         122.1198547318312           570.1597096317946          6930.450317854747         0.002765966025393476      01 Jan 2026 10:19:18.795   52.23817795161881          95.0800418069103            567.0519600759244          6931.862851057375         0.002355323805466061      
01 Jan 2026 10:20:09.228   -3.089585410908307         -75.75516756318829          529.3131158999013          6907.387783238451         0.0009726038051212957     01 Jan 2026 10:20:09.228   -63.08535445819113         119.6735879539923           569.6139910971151          6930.775361109507         0.002693535357184675      01 Jan 2026 10:20:09.228   55.31163414222644          93.69037407344251           567.8654764501616          6931.580631521621         0.002466578521092811      
01 Jan 2026 10:21:01.786   -6.394240290942736         -76.41274914041432          529.5021262026912          6907.375255173874         0.0009501933896095047     01 Jan 2026 10:21:01.786   -59.9313745889842          117.568087065506            568.9472884996803          6931.099408854428         0.002604043418731689      01 Jan 2026 10:21:01.786   58.49852449951975          92.0316208576178            568.6415602690731          6931.265662366023         0.002571481456859653      
01 Jan 2026 10:21:54.567   -9.711916832194474         -77.07878629647929          529.8212049166095          6907.353604551704         0.0009115652582558711     01 Jan 2026 10:21:54.567   -56.73987379544234         115.7837403066972           568.1875178744249          6931.407218304586         0.002501020776034625      01 Jan 2026 10:21:54.567   61.6775663789752           90.07826093573425           569.3356555985893          6930.930551481922         0.002664072766374404      
01 Jan 2026 10:22:45.668   -12.92264905829645         -77.73200019559566          530.2497082214204          6907.324511130482         0.0008592362847709991     01 Jan 2026 10:22:45.668   -53.63226771116132         114.2902246254076           567.3765671550145          6931.685968374797         0.002390054416125884      01 Jan 2026 10:22:45.668   64.72830035333614          87.81208645799316           569.9159200428394          6930.59060718181          0.002740338335883219      
01 Jan 2026 10:23:38.211   -16.22213217486822         -78.41550119695444          530.8075145417915          6907.287022115789         0.000790806458054991      01 Jan 2026 10:23:38.211   -50.42260740391252         112.9371465028092           566.4772470658936          6931.9502895306           0.002265968313219267      01 Jan 2026 10:23:38.211   67.82644738466968          84.9401611634791            570.4088050109549          6930.227629364324         0.002803962261470794      
01 Jan 2026 10:24:30.968   -19.53262530257328         -79.11753159483665          531.4801045292861          6907.242656892066         0.0007081241047758466     01 Jan 2026 10:24:30.968   -47.18799079216303         111.7230612859363           565.5201386664867          6932.190364391183         0.002132907093684269      01 Jan 2026 10:24:30.968   70.87959810481242          81.24909201245926           570.7891193629712          6929.851885951143         0.002851834239616183      
01 Jan 2026 10:25:21.496   -22.70046838024692         -79.80853780176146          532.2220900016246          6907.194978866271         0.0006169504981369293     01 Jan 2026 10:25:21.496   -44.08075893431492         110.6673621048237           564.5648881825582          6932.394131654375         0.001999281622586247      01 Jan 2026 10:25:21.496   73.72048549417237          76.56201317060996           571.038687011086           6929.483576548698         0.002881946926257596      
01 Jan 2026 10:26:14.032   -25.99088003716663         -80.55093809430525          533.0856670290832          6907.141374553455         0.0005112862851265228     01 Jan 2026 10:26:14.032   -40.84179592098322         109.6585302511634           563.5446018649536          6932.576459896305         0.001855951671797088      01 Jan 2026 10:26:14.032   76.53256936281333          69.79105642167985           571.1731721031247          6929.093974753302         0.002896386309470484      
01 Jan 2026 10:27:06.777   -29.29035456662612         -81.32631167248007          534.0363638243252          6907.084973477497         0.0003964334951435773     01 Jan 2026 10:27:06.777   -37.58270673833565         108.7193509636312           562.5059100762273          6932.726860808212         0.001709864089981286      01 Jan 2026 10:27:06.777   79.09962864786669          59.79566017337653           571.1752111798269          6928.698019345644         0.00289321270246185       
01 Jan 2026 10:27:56.836   -32.41750981242319         -82.09603334064201          535.0053588876808          6907.030611012652         0.0002834707222554075     01 Jan 2026 10:27:56.836   -34.4837437525519          107.8836750973846           561.5191294044334          6932.83728345079          0.001571604119310898      01 Jan 2026 10:27:56.836   81.09506566070581          45.55700046995679           571.0508323767954          6928.319488120905         0.00287366214408849       
01 Jan 2026 10:28:49.095   -35.67703830551641         -82.94228195615365          536.074236258396           6906.974720502493         0.0001747130242053285     01 Jan 2026 10:28:49.095   -31.24322035363318         107.0587463286584           560.5004740377362          6932.916997688294         0.001430550138628887      01 Jan 2026 10:28:49.095   82.34127833824576          24.29514001644355           570.788003466193           6927.923075466748         0.002836090380721637      
01 Jan 2026 10:29:41.809   -38.95901990086033         -83.8496836166275           537.1986366657411          6906.921106973913         0.0001344042460424376     01 Jan 2026 10:29:41.809   -27.96952922965303         106.2670990141671           559.4973714334792          6932.958738823385         0.001295154473043347      01 Jan 2026 10:29:41.809   82.30783091703518          -0.6912538502469978         570.3849900534988          6927.523391984148         0.002780654953437296      
01 Jan 2026 10:30:31.674   -42.05728073873479         -84.76876122037621          538.2924379048545          6906.874727955369         0.0002138667926577673     01 Jan 2026 10:30:31.674   -24.8687828982295          105.549085912132            558.5821335454639          6932.960950466548         0.001177252342584407      01 Jan 2026 10:30:31.674   81.09023123685289          -20.8411782758239           569.8774607112537          6927.146673127261         0.002712402809467827      
01 Jan 2026 10:31:24.153   -45.31022497212677         -85.81446511472232          539.4617631526844          6906.832371105151         0.0003454213347038023     01 Jan 2026 10:31:24.153   -21.60186387307334         104.8200735043907           557.6651838440275          6932.922764357652         0.001068545325556291      01 Jan 2026 10:31:24.153   78.98244666077458          -35.62296271154369          569.2134510706628          6926.752704978508         0.002624594842044257      
01 Jan 2026 10:32:16.929   -48.57237363405171         -86.96696240268666          540.6424839769743          6906.798408705869         0.0004903524855194067     01 Jan 2026 10:32:16.929   -18.31307291978671         104.1094064068812           556.8012814713384          6932.841295946728         0.0009805170194494871     01 Jan 2026 10:32:16.929   76.39529567240072          -45.43047704772077          568.4156931556199          6926.359978835441         0.002520628648660614      
01 Jan 2026 10:33:07.047   -51.65999539493811         -88.17913012548033          541.7550990167392          6906.77596518264          0.0006312149861306669     01 Jan 2026 10:33:07.047   -15.18729884372992         103.4513488627011           556.0437350362181          6932.723130946885         0.0009215984959377191     01 Jan 2026 10:33:07.047   73.70494689567691          -51.82654455776285          567.5428877222721          6925.990925139554         0.002408381970247449      
01 Jan 2026 10:33:59.512   -54.87927153177743         -89.6048197997976           542.8973959922287          6906.764514257752         0.0007783641662075524     01 Jan 2026 10:33:59.512   -11.91287030070271         102.7763049038323           555.3243499648152          6932.556288488184         0.000889407570059026      01 Jan 2026 10:33:59.512   70.74937447521013          -56.66401911095205          566.5160282956585          6925.609158572859         0.002278078002161736      
01 Jan 2026 10:34:52.240   -58.09827818909203         -91.24757787512232          544.0089479118096          6906.767184761795         0.0009234930936853095     01 Jan 2026 10:34:52.240   -8.619996487010932         102.108663207152            554.6842713729075          6932.343873918911         0.0008883302471564516     01 Jan 2026 10:34:52.240   67.69075248692344          -60.31517499424642          565.3759884959636          6925.230509680719         0.002135541123567292      
01 Jan 2026 10:35:42.896   -61.17083004698124         -93.08872012750597          545.0301586142887          6906.78469634007          0.00105846055019933       01 Jan 2026 10:35:42.896   -5.455156936515645         101.4744818922896           554.1530960163682          6932.097633473196         0.0009142848202963766     01 Jan 2026 10:35:42.896   64.6980318450088           -63.07028444735389          564.188190574213           6924.871663692579         0.001989505254750162      
01 Jan 2026 10:36:35.431   -64.33007538665603         -95.36875204094881          546.0290600169174          6906.819795326863         0.001192164163461694      01 Jan 2026 10:36:35.431   -2.171880809870885         100.8213449141853           553.6931627694266          6931.798990841799         0.0009638322279029039     01 Jan 2026 10:36:35.431   61.55542616791831          -65.39303793434136          562.871389712599           6924.50460082322          0.00183089467171961       
01 Jan 2026 10:37:28.178   -67.46351308298813         -98.19088309888653          546.9590051912564          6906.873712125449         0.001318471274711132      01 Jan 2026 10:37:28.178   1.125263983641256          100.1674046507655           553.3274487198278          6931.455566233982         0.001030331342111926      01 Jan 2026 10:37:28.178   58.37124920020212          -67.33547904751372          561.4744800046674          6924.14113262381          0.00166712161749618       
01 Jan 2026 10:38:19.668   -70.46835734728542         -101.6959433093347          547.7862279460996          6906.945490154871         0.001432786871395933      01 Jan 2026 10:38:19.668   4.344052245740381          99.52808627651463           553.0646956902619          6931.079262752567         0.001105619313274555      01 Jan 2026 10:38:19.668   55.2418331739563           -68.95601545573973          560.0513137024263          6923.790961298822         0.001506245433675815      
01 Jan 2026 10:39:12.267   -73.45355646658075         -106.4387403090536          548.5399586037647          6907.039241781951         0.001539217241172974      01 Jan 2026 10:39:12.267   7.631882562741861          98.87122517914176           552.8923652945532          6930.654396134651         0.001188264621038225      01 Jan 2026 10:39:12.267   52.02820898317853          -70.40027518993324          558.5505778662318          6923.437600710729         0.001345239129241355      
01 Jan 2026 10:40:04.988   -76.30574708010843         -113.0655989963262          549.1948595291706          6907.154600077713         0.001634364816866923      01 Jan 2026 10:40:04.988   10.92664899733368          98.20606030740633           552.8155156213688          6930.189288113858         0.001273189555065362      01 Jan 2026 10:40:04.988   48.79332895566785          -71.68350327080245          557.0133667428508          6923.087348857795         0.001192985519213498      
01 Jan 2026 10:40:56.276   -78.84464012458056         -122.4719871337601          549.7289536928965          6907.287773251343         0.001715014015896075      01 Jan 2026 10:40:56.276   14.13076890631933          97.54946413188307           552.8299787789238          6929.701130076847         0.001355184541587073      01 Jan 2026 10:40:56.276   45.63538144858548          -72.80842996774913          555.5006819741538          6922.749861508503         0.001060856104231447      
01 Jan 2026 10:41:48.828   -80.99612235903008         -137.0234051117378          550.1657039999764          6907.445809749945         0.00178477917583316       01 Jan 2026 10:41:48.828   17.4122704306768           96.86363218310477           552.9317377469915          6929.166807793602         0.001436623965498244      01 Jan 2026 10:41:48.828   42.39009909639368          -73.8608961871256           553.9481085964808          6922.406789369648         0.0009511663605863002     
01 Jan 2026 10:42:41.556   -82.30742907064318         -158.2768683508782          550.4877582472227          6907.626206985269         0.001841162967256175      01 Jan 2026 10:42:41.556   20.70264526953877          96.1584733230009            553.1165340894186          6928.598692409762         0.001514293865954896      01 Jan 2026 10:42:41.556   39.12565872743171          -74.83501200498101          552.4030823585836          6922.06472983573          0.0008778107449090218     
01 Jan 2026 10:43:32.143   -82.35029195609221         177.6329523557817           550.6852809560232          6907.819464755618         0.001882117685604579      01 Jan 2026 10:43:32.143   23.85699568095303          95.4619209876298            553.3651547196869          6928.026306264246         0.001584037496502836      01 Jan 2026 10:43:32.143   35.98694211623896          -75.70702155226061          550.9471057345554          6921.738009365868         0.0008498859136929737     
01 Jan 2026 10:44:24.544   -81.12058230638942         156.0912548682957           550.7741182694426          6908.039852482982         0.001910814417686865      01 Jan 2026 10:44:24.544   27.12154416752025          94.71494704400499           553.6885267966927          6927.40827466517          0.001650620152930994      01 Jan 2026 10:44:24.544   32.72939872281272          -76.55750500245958          549.4805628829017          6921.400485599053         0.0008664297273059193     
01 Jan 2026 10:45:17.207   -79.00858528338776         141.0889201190552           550.7455224583728          6908.281106202489         0.001925592197219018      01 Jan 2026 10:45:17.207   30.39873785892346          93.93246769891036           554.0719895264119          6926.764846613154         0.001711156317989475      01 Jan 2026 10:45:17.207   29.45002712237863          -77.36772447851553          548.0638561808828          6921.061683471538         0.000922991738808309      
01 Jan 2026 10:46:07.297   -76.55476121594761         131.6069019721799           550.6108096645276          6908.52785725519          0.00192673614551086       01 Jan 2026 10:46:07.297   33.51198412234168          93.15230808867643           554.4819865279242          6926.135422386757         0.001762382381913322      01 Jan 2026 10:46:07.297   26.32619530349335          -78.1042790608343           546.7822630460896          6920.739364733494         0.001003193170179676      
01 Jan 2026 10:46:59.717   -73.7374831222959          124.794401872882            550.3612350078492          6908.802718065922         0.001914789010643405      01 Jan 2026 10:46:59.717   36.76530298845294          92.29037249430523           554.9480753919888          6925.462182814364         0.001808988686931456      01 Jan 2026 10:46:59.717   23.05284439108898          -78.8457926897721           545.5224621151765          6920.401626636254         0.001103196845672495      
01 Jan 2026 10:47:52.393   -70.76009864211883         119.9030087845432           550.0037226476716          6909.09437713332          0.001889745112823647      01 Jan 2026 10:47:52.393   40.02898906056896          91.36712629093697           555.4435062118373          6924.774527928603         0.001848270152791232      01 Jan 2026 10:47:52.393   19.75959144979356          -79.5662294074784           544.3523165590959          6920.061526735694         0.001210577040093146      
01 Jan 2026 10:48:42.382   -67.85209066459272         116.4019873176156           549.5715514182411          6909.383700008418         0.001854494729318087      01 Jan 2026 10:48:42.382   43.12007058651591          90.42625049569457           555.9280953190564          6924.115340976857         0.001878245668668867      01 Jan 2026 10:48:42.382   16.63134973874637          -80.23132168121808          543.3408317740377          6919.738014840567         0.001312169699013029      
01 Jan 2026 10:49:34.681   -64.75365864367203         113.5219850651465           549.0300313655025          6909.697436796952         0.001806400206289003      01 Jan 2026 10:49:34.681   46.34671161262342          89.35863345311726           556.4388502472802          6923.422640001902         0.001901688472584692      01 Jan 2026 10:49:34.681   13.35575388568583          -80.9117412673524           542.3950355502739          6919.398766326553         0.001413093165253671      
01 Jan 2026 10:50:27.409   -61.58998731556339         111.1748516558055           548.4004544230138          6910.022867626303         0.001747207667094473      01 Jan 2026 10:50:27.409   49.59076918262903          88.17487546679816           556.9459279748171          6922.725146670933         0.001916802843091724      01 Jan 2026 10:50:27.409   10.05098561466004          -81.58539457220395          541.5662030892581          6919.056123159656         0.001505494569739477      
01 Jan 2026 10:51:17.721   -58.54447258367284         109.3052828756661           547.7307600061886          6910.339613132526         0.00168165472452607       01 Jan 2026 10:51:17.721   52.67596129306268          86.91849069806113           557.4114769697881          6922.064209814845         0.001922939763916218      01 Jan 2026 10:51:17.721   6.89595279149104           -82.21970578840595          540.8985462273104          6918.728955949611         0.001582288780839082      
01 Jan 2026 10:52:10.103   -55.35277658604573         107.6399952041257           546.9724879758633          6910.673323465629         0.001605057773390406      01 Jan 2026 10:52:10.103   55.87507569189084          85.44161769030887           557.8661232699778          6921.384694435696         0.001920409539430958      01 Jan 2026 10:52:10.103   3.609785591130438          -82.87429959141335          540.3364431017808          6918.388637000096         0.001648436170938072      
01 Jan 2026 10:53:02.783   -52.12619835521637         106.1827660841915           546.158720381979           6911.010269921551         0.001520602104564092      01 Jan 2026 10:53:02.783   59.07551131392238          83.72942700007974           558.2814750851539          6920.714043477519         0.00190835938334337       01 Jan 2026 10:53:02.783   0.3040018433447177         -83.52954278911152          539.9117520054269          6918.047454730633         0.001699248222566646      
01 Jan 2026 10:53:53.561   -49.00352860486792         104.9366033804483           545.3374215261838          6911.333651303667         0.001433306487229483      01 Jan 2026 10:53:53.561   62.13941204854304          81.79136201755666           558.632187658206           6920.083286249551         0.001887423294962292      01 Jan 2026 10:53:53.561   -2.882727767523344         -84.16087515284963          539.63789583372            6917.720532826657         0.001732294128525566      
01 Jan 2026 10:54:46.046   -45.76517734152176         103.7762327982056           544.4628797416854          6911.663675469114         0.001338211685638525      01 Jan 2026 10:54:46.046   65.27719757271898          79.38070355198832           558.9340156833923          6919.451024531478         0.001855883853807884      01 Jan 2026 10:54:46.046   -6.176492279324105         -84.81595237706948          539.4950772776419          6917.385756092604         0.001749330371188144      
01 Jan 2026 10:55:38.743   -42.50459805864526         102.7147666618              543.5716367602836          6911.987833340018         0.001238996276184708      01 Jan 2026 10:55:38.743   68.38574929691755          76.36969917804898           559.1662090514674          6918.839793653974         0.001813843051486478      01 Jan 2026 10:55:38.743   -9.482951184299958         -85.47914755494287          539.4939179973917          6917.054200357459         0.00174854788573055       
01 Jan 2026 10:56:29.988   -39.32634756385511         101.7624053861411           542.7049665117775          6912.293390132903         0.001140087424616796      01 Jan 2026 10:56:29.988   71.3492235243596           72.60633648798807           559.3164037915349          6918.271167635556         0.001762801262605803      01 Jan 2026 10:56:29.988   -12.6972771086268          -86.13226507923147          539.6267626516674          6916.737670315064         0.001730508060356201      
01 Jan 2026 10:57:22.630   -36.05482198009102         100.8505114340365           541.8276623970678          6912.594564220486         0.001037130038714168      01 Jan 2026 10:57:22.630   74.29800668635784          67.4220642014853            559.3864653838618          6917.716449032118         0.001699809258994298      01 Jan 2026 10:57:22.630   -15.99766267467364         -86.81483657262267          539.8964151879727          6916.420280672689         0.001694402810067334      
01 Jan 2026 10:58:15.339   -32.77329251866366         99.99251863789891           540.9753696813686          6912.880467375677         0.0009337382300138044     01 Jan 2026 10:58:15.339   77.08835862833156          60.07963196021333           559.365621880178           6917.193623275475         0.001625967458901073      01 Jan 2026 10:58:15.339   -19.30013490065828         -87.51371897288018          540.2956805104941          6916.11229239196          0.001640817472232246      
01 Jan 2026 10:59:05.908   -29.62021061560795         99.21186946668857           540.1939815570195          6913.137573128955         0.0008351518811615669     01 Jan 2026 10:59:05.908   79.49297804647324          49.70092784157286           559.2561446675509          6916.724984118116         0.001545036075410848      01 Jan 2026 10:59:05.908   -22.46603642074567         -88.20254806948685          540.7933929491592          6915.827964860683         0.001573597983181367      
01 Jan 2026 10:59:58.449   -26.33981233596017         98.43705383260222           539.4313574071402          6913.384459639394         0.0007341355311293712     01 Jan 2026 10:59:58.449   81.46050640177199          33.46152597158237           559.0468798001048          6916.27434657663          0.001450627480351087      01 Jan 2026 10:59:58.449   -25.75231463689914         -88.9417619841276           541.4209912406122          6915.546249511483         0.001488158809855951      
01 Jan 2026 11:00:51.198   -23.04257496049363         97.68975379972085           538.7273320848444          6913.609259868217         0.0006348059777915277     01 Jan 2026 11:00:51.198   82.45939629237688          10.59654733071221           558.7375224494435          6915.860952644041         0.001345524256370675      01 Jan 2026 11:00:51.198   -29.04784129627552         -89.71340958988085          542.1544538505914          6915.279756057399         0.001387391619463978      
01 Jan 2026 11:01:41.263   -19.90998075053856         97.00366879139924           538.1256927345166          6913.799301547477         0.0005428779304610123     01 Jan 2026 11:01:41.263   82.15142898575327          -13.02990722786891          558.351992589357           6915.506156761315         0.001236549781073764      01 Jan 2026 11:01:41.263   -32.17168797743626         -90.4790638805306           542.9363368035347          6915.044147042062         0.00127892644657863       
01 Jan 2026 11:02:33.720   -16.62498127535267         96.30445451927854           537.5737501138765          6913.972236318563         0.0004492552459827119     01 Jan 2026 11:02:33.720   80.64832485787252          -32.90228877260907          557.8535214731555          6915.174806683634         0.001113220136734082      01 Jan 2026 11:02:33.720   -35.4399208797789          -91.3234964971204           543.8337485833472          6914.81771947882          0.001153130039549773      
01 Jan 2026 11:03:26.485   -13.31836100586201         95.6172987695029            537.1075629040379          6914.117519810723         0.0003579353201920724     01 Jan 2026 11:03:26.485   78.37943774540696          -46.38412008663608          557.2575520600103          6914.884068629976         0.0009803453114162416     01 Jan 2026 11:03:26.485   -38.72155814215047         -92.22588223503341          544.804620454639           6914.61349408377          0.001015461371320991      
01 Jan 2026 11:04:16.332   -10.19284448082728         94.97965431189772           536.7553615521811          6914.227099482168         0.0002742418286925196     01 Jan 2026 11:04:16.332   75.86181964305571          -54.88416125050222          556.6114709326339          6914.649097539716         0.0008473778246478211     01 Jan 2026 11:04:16.332   -41.81561861668798         -93.13799459888226          545.7726121868182          6914.444467946651         0.0008765331694431287     
01 Jan 2026 11:05:08.743   -6.905175810452107         94.31807371580717           536.4826751082164          6914.312271129682         0.0001889835673584344     01 Jan 2026 11:05:08.743   73.00148559160492          -61.10186283623666          555.8507046469385          6914.44382297515          0.0007006140280784609     01 Jan 2026 11:05:08.743   -45.06140778461936         -94.17384416756779          546.830655433273           6914.294092823466         0.0007226973703377516     
01 Jan 2026 11:06:01.500   -3.594907224798166         93.65824663033028           536.313219965954           6914.36610516505          0.0001072976961864927     01 Jan 2026 11:06:01.500   69.99405603328822          -65.63127961212695          555.0077172565252          6914.280336278971         0.000546672811136184      01 Jan 2026 11:06:01.500   -48.31954398394109         -95.3152172638133           547.9236850603947          6914.173341526516         0.0005614931514349851     
01 Jan 2026 11:06:51.610   -0.450188816269494         93.03447509590805           536.2521516765073          6914.387141876524         4.772457264864394e-05     01 Jan 2026 11:06:51.610   67.06349278577751          -68.91110199561568          554.1430238811326          6914.164736030712         0.0003957116036468544     01 Jan 2026 11:06:51.610   -51.40432031164718         -96.51448933745959          548.9751869859556          6914.08913740758          0.000404171853594457      
01 Jan 2026 11:07:44.088   2.843194082951235          92.38156618822998           536.2934576716307          6914.377555423853         8.198119876807013e-05     01 Jan 2026 11:07:44.088   63.9433690825243           -71.63552530650864          553.1798551074071          6914.084426211731         0.0002338697170222935     01 Jan 2026 11:07:44.088   -54.62228492086604         -97.92365104167419          550.0770752990393          6914.034809534188         0.0002373729652435365     
01 Jan 2026 11:08:36.860   6.154538718359748          91.72253587086395           536.4430049668881          6914.33542084619          0.0001612950895437332     01 Jan 2026 11:08:36.860   60.76907999904882          -73.86726161178375          552.1624301665934          6914.044712003042         6.89565388383882e-05      01 Jan 2026 11:08:36.860   -57.84207682220782         -99.54564005382139          551.1725232442786          6914.01701320151          7.706032045351645e-05     
01 Jan 2026 11:09:27.530   9.333293384252698          91.08464880568063           536.6865401488885          6914.26470540467          0.0002434212527766524     01 Jan 2026 11:09:27.530   57.69582917134232          -75.667185020218            551.1502114834175          6914.044117968627         9.242658264597948e-05     01 Jan 2026 11:09:27.530   -60.9143176577848          -101.3592467334625          552.2003449052881          6914.036309292825         0.0001130515186988894     
01 Jan 2026 11:10:20.052   12.62684890351479          90.41523611041616           537.0387681811972          6914.160841585249         0.0003317704481152858     01 Jan 2026 11:10:20.052   54.49052142925203          -77.27139837738781          550.0765281523027          6914.080847478088         0.0002577236235757225     01 Jan 2026 11:10:20.052   -64.07224177355238         -103.5988118741292          553.2288983139279          6914.095392159942         0.0002761292499362525     
01 Jan 2026 11:11:12.824   15.9343277741495           89.73091935828967           537.4898948410437          6914.026182623011         0.000423547318624769      01 Jan 2026 11:11:12.824   51.25399207062755          -78.68066832207886          548.9855253808992          6914.15431117877          0.0004223660776548129     01 Jan 2026 11:11:12.824   -67.207856588008           -106.3652256470196          554.2131518041133          6914.196071869125         0.0004416619807394668     
01 Jan 2026 11:12:03.616   19.11561389830185          89.05777814652217           538.0099957405364          6913.869139898506         0.0005147118049896192     01 Jan 2026 11:12:03.616   48.12669885895718          -79.8892061226242           547.9365728322427          6914.257809878723         0.0005777694649328085     01 Jan 2026 11:12:03.616   -70.17495823599411         -109.7356763106433          555.1039019857444          6914.333013408092         0.0005977205295517083     
01 Jan 2026 11:12:56.122   22.40153362447074          88.34305037163763           538.6285978239966          6913.680063618877         0.0006117726293919955     01 Jan 2026 11:12:56.122   44.88357150718945          -81.01888271673391          546.8667628441563          6914.396570531213         0.000733696475068678      01 Jan 2026 11:12:56.122   -73.16237773244052         -114.3211806299097          555.9570617970485          6914.516525150677         0.0007539197515983343     
01 Jan 2026 11:13:48.892   25.70073645743064          87.60077053638142           539.3242427805535          6913.464488794295         0.000711940416260088      01 Jan 2026 11:13:48.892   41.61522016033939          -82.05669852504548          545.8202556839215          6914.566344856244         0.0008839993908388019     01 Jan 2026 11:13:48.892   -76.03238856253212         -120.7106463130609          556.7368760987456          6914.74430390608          0.0009043533204009805     
01 Jan 2026 11:14:39.236   28.84482303591765          86.86519913876174           540.0476441285073          6913.236866614166         0.0008095243405379278     01 Jan 2026 11:14:39.236   38.48993536924477          -82.97340401341543          544.8614466800618          6914.754473881162         0.001019963103914101      01 Jan 2026 11:14:39.236   -78.55612054063428         -129.5265889445227          557.4016767449066          6915.00217215481          0.001040739719986059      
01 Jan 2026 11:15:31.618   32.11192909343094          86.06530906846487           540.8516184115506          6912.979462162233         0.0009125277922072714     01 Jan 2026 11:15:31.618   35.23183561109616          -83.86531546237424          543.917937644721           6914.975000964473         0.001152268145587712      01 Jan 2026 11:15:31.618   -80.77143040755475         -143.2924395615507          558.0057100600225          6915.312246051944         0.001174356882854608      
01 Jan 2026 11:16:24.328   35.39450196199057          85.21720680243752           541.7017410701346          6912.70169125495          0.001016884863052911      01 Jan 2026 11:16:24.328   31.94769927766513          -84.71063528020235          543.0372175171187          6915.219981242079         0.001274534367836984      01 Jan 2026 11:16:24.328   -82.21472230426832         -163.7039803427951          558.5188972821234          6915.666647073635         0.001299506229141428      
01 Jan 2026 11:17:14.297   38.50118555408724          84.36452974035642           542.5343983149214          6912.423352336648         0.001115603225580049      01 Jan 2026 11:17:14.297   28.82972194391629          -85.47227388832708          542.2773731050866          6915.471330528823         0.001379128293915706      01 Jan 2026 11:17:14.297   -82.43320905289218         172.6048371098817           558.9150175930445          6916.041014417661         0.001408948981229682      
01 Jan 2026 11:18:06.768   41.75714462964538          83.40688631728399           543.4244078132551          6912.117941761359         0.001218018875538856      01 Jan 2026 11:18:06.768   25.551453239836            -86.237766018974            541.5694381725352          6915.752916763475         0.001475891764314349      01 Jan 2026 11:18:06.768   -81.36283788119445         150.214847008919            559.2347947537892          6916.473107469008         0.001513753711774362      
01 Jan 2026 11:18:59.508   45.02221603226379          82.36529691393265           544.322094152838           6911.800170633309         0.001318530853162923      01 Jan 2026 11:18:59.508   22.25275439751194          -86.97806239861001          540.961493962368           6916.051762287698         0.001558530484145038      01 Jan 2026 11:18:59.508   -79.34300708723137         134.3257008437597           559.4568345021589          6916.946030516129         0.001608284938661983      
01 Jan 2026 11:19:49.679   48.12005440230256          81.28316205838227           545.166726897739           6911.490444240669         0.001410774380163072      01 Jan 2026 11:19:49.679   19.11183742353295          -87.66016725085032          540.4885945475507          6916.348600950046         0.001622621904676059      01 Jan 2026 11:19:49.679   -76.93521920762234         124.2876029470866           559.5768394862716          6917.430051867821         0.001687930550751207      
01 Jan 2026 11:20:42.138   51.34905521475077          80.0321478464663            546.0274668747579          6911.161582585938         0.001502519325897555      01 Jan 2026 11:20:42.138   15.82514251165373          -88.35474100931499          540.1123066293185          6916.669896839339         0.001673695571228168      01 Jan 2026 11:20:42.138   -74.14686675590151         117.1280712365733           559.6098621999472          6917.969563302126         0.001760369403057694      
01 Jan 2026 11:21:34.914   54.58489973688295          78.61647651291962           546.857427351697           6910.828385519095         0.001588734636584148      01 Jan 2026 11:21:34.914   12.51650082846967          -89.03827983537424          539.8628344314138          6917.002279638584         0.001707995448255695      01 Jan 2026 11:21:34.914   -71.18432328146295         112.0190000321909           559.5518199397038          6918.544254364502         0.001822048338425362      
01 Jan 2026 11:22:25.457   57.66899703270715          77.06924821646308           547.606697975084           6910.509697652577         0.001664442950528039      01 Jan 2026 11:22:25.457   9.346403900530266          -89.68193151915195          539.7507220680218          6917.327330315081         0.001724373850722585      01 Jan 2026 11:22:25.457   -68.25816755808658         108.356452116093            559.4155098321262          6919.121970771715         0.001870662327003682      
01 Jan 2026 11:23:17.991   60.85494361739863          75.19823278619177           548.3266244258111          6910.181519726872         0.001734886447202662      01 Jan 2026 11:23:17.991   6.050387915760934          -90.34275011323911          539.7698225393951          6917.670392450026         0.00172411994174259       01 Jan 2026 11:23:17.991   -65.15747118932973         105.3829668738654           559.1965915801684          6919.747784403549         0.0019105076462168        
01 Jan 2026 11:24:10.753   64.02807872572188          72.95299403997547           548.9781213289707          6909.857661394866         0.001796078316159843      01 Jan 2026 11:24:10.753   2.7394596831408            -91.00107856318286          539.930810959997           6918.018645495994         0.001706190657826932      01 Jan 2026 11:24:10.753   -62.00193334514523         102.9795527891928           558.9052374459643          6920.398989188699         0.001939795325058238      
01 Jan 2026 11:25:01.989   67.07411489753761          70.2814655713992            549.5322090431628          6909.551071866556         0.001845359218206824      01 Jan 2026 11:25:01.989   -0.4757030692401901        -91.63799586492118          540.224126521407           6918.358964047871         0.001672153648399551      01 Jan 2026 11:25:01.989   -58.90952255360791         101.0403374383216           558.5622042628602          6921.049679452878         0.00195821720464743       
01 Jan 2026 11:25:54.605   70.15007396135205          66.80737245235272           550.0115140741354          6909.246600725026         0.00188467643060342       01 Jan 2026 11:25:54.605   -3.777131232078109         -92.29246862261402          540.6651930652042          6918.709419339735         0.001620804205680916      01 Jan 2026 11:25:54.605   -55.71229612460871         99.34366886389139           558.1578208846413          6921.733044848815         0.001967182920250667      
01 Jan 2026 11:26:47.353   73.15279872495739          62.20157281965422           550.3926013140253          6908.954068712748         0.001911819858583446      01 Jan 2026 11:26:47.353   -7.085956054117342         -92.95183764938986          541.2472776707773          6919.060683937437         0.001553702872403977      01 Jan 2026 11:26:47.353   -52.49026924585381         97.86714530680462           557.7098853851885          6922.429643704516         0.001966401419178591      
01 Jan 2026 11:27:38.750   75.9519296970021           56.00582371053299           550.6615038426198          6908.683141229552         0.001925818885883718      01 Jan 2026 11:27:38.750   -10.30863325036321         -93.60027395095163          541.9453542678193          6919.402065180698         0.001474739437427467      01 Jan 2026 11:27:38.750   -49.33805164468922         96.59372812220612           557.2431267437451          6923.115632406936         0.001956586222628105      
01 Jan 2026 11:28:31.320   78.58951492472276          46.80588511342378           550.8265006227557          6908.422124925766         0.001926928885081153      01 Jan 2026 11:28:31.320   -13.60301905380769         -94.27265946162233          542.7875321122474          6919.749717991879         0.001382188449292353      01 Jan 2026 11:28:31.320   -46.10329643447596         95.42273185860931           556.7460917437329          6923.820673326138         0.001937671229797647      
01 Jan 2026 11:29:24.051   80.80918280661173          32.82175802134189           550.8760829696785          6908.17813705038          0.001914273667171295      01 Jan 2026 11:29:24.051   -16.90517906901813         -94.95976510860494          543.755379303806           6920.096469622776         0.001280297966935547      01 Jan 2026 11:29:24.051   -42.84966134338708         94.35386343430993           556.2393675726044          6924.527226946744         0.001910055060536195      
01 Jan 2026 11:30:14.686   82.19373358282266          13.17391596002505           550.8119432372378          6907.961817156888         0.001888967680745421      01 Jan 2026 11:30:14.686   -20.0733093137216          -95.63494257314208          544.7926917704772          6920.427354025334         0.001177705412693013      01 Jan 2026 11:30:14.686   -39.71833364429317         93.40745243050402           555.7562530641499          6925.20120327271          0.001875740007015897      
01 Jan 2026 11:31:07.152   82.40998840549564          -11.68644217766277          550.6289009329121          6907.757183675078         0.001849131974051417      01 Jan 2026 11:31:07.152   -23.35274374348429         -96.3545034098581           545.9694728028617          6920.768012537555         0.001071937514758882      01 Jan 2026 11:31:07.152   -36.46748812109892         92.49378135796368           555.270688772539           6925.890976879542         0.001832487570206174      
01 Jan 2026 11:31:59.853   81.29137771896231          -33.97573471645283          550.3260001023855          6907.572327941611         0.001795316783614722      01 Jan 2026 11:31:59.853   -26.64300707443137         -97.10251861290902          547.2449167288169          6921.108071426071         0.0009740253084025693     01 Jan 2026 11:31:59.853   -33.19652886835525         91.63206638723645           554.8098364519547          6926.571073240426         0.00178153692550942       
01 Jan 2026 11:32:49.901   79.36131289199064          -48.97815862885113          549.9296891117056          6907.416391634819         0.00173169918703825       01 Jan 2026 11:32:49.901   -29.76349763327055         -97.84143228145257          548.531558265815           6921.429282221714         0.0008983962305289625     01 Jan 2026 11:32:49.901   -30.08581920587399         90.85646361296665           554.4073980886178          6927.201490955234         0.00172656650736714       
01 Jan 2026 11:33:42.141   76.84765664368605          -59.41323872185087          549.4064192374708          6907.274180503168         0.001652760023283002      01 Jan 2026 11:33:42.141   -33.01576776764947         -98.64874072324491          549.9403519581574          6921.763144346512         0.0008494391721861748     01 Jan 2026 11:33:42.141   -26.83492519186854         90.083485178282             554.0340370252416          6927.839878089384         0.001662788307232549      
01 Jan 2026 11:34:34.763   74.03902424685825          -66.52461135631094          548.7709994480019          6907.152074986925         0.00156094079777634       01 Jan 2026 11:34:34.763   -36.28618579092771         -99.50713407391923          551.413716498465           6922.098493387909         0.0008423909818905186     01 Jan 2026 11:34:34.763   -23.55669409877521         89.33597566251271           553.7158922213421          6928.459123169069         0.00159247609446708       
01 Jan 2026 11:35:24.629   71.23293163934252          -71.34749253571303          548.0743299095011          6907.055651037844         0.001463277995299497      01 Jan 2026 11:35:24.629   -39.37936569592999         -100.3714344992413          552.846928400003           6922.415931345466         0.0008797954593978915     01 Jan 2026 11:35:24.629   -20.44739092868344         88.65128010891793           553.4763025901138          6929.020778052073         0.001520854321428041      
01 Jan 2026 11:36:16.978   68.19541824797255          -75.15225666738621          547.2513562778777          6906.974071535309         0.001350524036048021      01 Jan 2026 11:36:16.978   -42.6194936979656          -101.3438587679466          554.3759899104616          6922.749438257806         0.0009619796194288744     01 Jan 2026 11:36:16.978   -17.18083851249903         87.95264394128665           553.2972420918486          6929.581034084322         0.001441292227719933      
01 Jan 2026 11:37:09.619   65.07962957555227          -78.12610147616316          546.3380168176809          6906.911535981209         0.001227680721465133      01 Jan 2026 11:37:09.619   -45.86932667092779         -102.4044908337659          555.9238802784257          6923.085758343893         0.001079622245874806      01 Jan 2026 11:37:09.619   -13.89402689813614         87.26678110684549           553.1988290992422          6930.111207666982         0.001357944082046581      
01 Jan 2026 11:37:59.643   62.07978511231313          -80.41192403742656          545.3996714381692          6906.869296381996         0.001103313420414316      01 Jan 2026 11:37:59.643   -48.94855418023766         -103.5080072334575          557.3903690711322          6923.40688441456          0.00121406626390058       01 Jan 2026 11:37:59.643   -10.76916446854974         86.62709429859721           553.1863949780072          6930.581737528679         0.00127711026937895       
01 Jan 2026 11:38:52.035   58.90866284808978          -82.40643647096833          544.354036712949           6906.841849963062         0.0009664350138688361     01 Jan 2026 11:38:52.035   -52.16243805208278         -104.789492626303           558.9071057044684          6923.745465747078         0.00136960879584079       01 Jan 2026 11:38:52.035   -7.49525254585166          85.96651540476893           553.2622804515449          6931.037517855168         0.00119284821242114       
01 Jan 2026 11:39:44.678   55.69977823460989          -84.10965095442086          543.2505551513796          6906.830202898899         0.0008236231695359494     01 Jan 2026 11:39:44.678   -55.37786887512601         -106.2426303507416          560.3966240888003          6924.088620502459         0.001533900602488199      01 Jan 2026 11:39:44.678   -4.204979374344028         85.30939274922839           553.433088958267           6931.455312211298         0.001111532684122635      
01 Jan 2026 11:40:35.079   52.61109481358406          -85.52871422888948          542.1563771276715          6906.832578929525         0.0006835729154218347     01 Jan 2026 11:40:35.079   -58.44028670071411         -107.836079554998           561.7768949965466          6924.420468945054         0.001693544919498479      01 Jan 2026 11:40:35.079   -1.054588826968291         84.68374609475373           553.6868796322833          6931.815992601069         0.001040498149264564      
01 Jan 2026 11:41:27.510   49.38440087615603          -86.83667953362669          540.9920133345868          6906.847476401627         0.0005364546155844994     01 Jan 2026 11:41:27.510   -61.60469106306565         -109.7726487589862          563.1518244613653          6924.769576242454         0.001857902021448674      01 Jan 2026 11:41:27.510   2.222453106832058          84.03380082416309           554.044649431904           6932.14904259666          0.0009785445198489172     
01 Jan 2026 11:42:20.165   46.13238896376889          -88.01552821924211          539.8096179483073          6906.873427573291         0.0003900818296089692     01 Jan 2026 11:42:20.165   -64.75370326242314         -112.1080209424845          564.4571943687342          6925.124542913481         0.002017817448428007      01 Jan 2026 11:42:20.165   5.512892751028573          83.37920353612604           554.4987628151093          6932.43923191853          0.0009344416473231718     
01 Jan 2026 11:43:11.335   42.96280224213749          -89.05881808272231          538.6615720727305          6906.907426096628         0.0002544623576498474     01 Jan 2026 11:43:11.335   -67.77558334294532         -114.9052531221065          565.6417251603789          6925.473916816253         0.002165620400080172      01 Jan 2026 11:43:11.335   8.709543787865236          82.73853327088513           555.0283336799448          6932.678055483225         0.000914700557932091      
01 Jan 2026 11:44:03.878   39.70012237859026          -90.04600067458425          537.4977681416221          6906.949474129677         0.000141849716673532      01 Jan 2026 11:44:03.878   -70.82145221739744         -118.5676967526237          566.7609595619524          6925.837266202951         0.002307322574657647      01 Jan 2026 11:44:03.878   11.99044097598339          82.07311355365816           555.6583544757405          6932.878645936707         0.0009226660464389471     
01 Jan 2026 11:44:56.558   36.42178624983338          -90.96653732433298          536.3603406763659          6906.99697525894          0.0001375227260905265     01 Jan 2026 11:44:56.558   -73.78615392442404         -123.4637746181039          567.7745215548239          6926.206162048267         0.002437233466455073      01 Jan 2026 11:44:56.558   15.27798881346552          81.39507320873011           556.3719949210963          6933.034345128965         0.0009611095933210971     
01 Jan 2026 11:45:47.481   33.24690808004819          -91.80261816305219          535.3020316873499          6907.046165374073         0.000234957093434055      01 Jan 2026 11:45:47.481   -76.51309170938403         -130.0468261345908          568.6427428836687          6926.566866237989         0.00254970718335236       01 Jan 2026 11:45:47.481   18.45360448734905          80.72599720870865           557.1331080093978          6933.141925096463         0.00102575186432304       
01 Jan 2026 11:46:40.002   29.96711298190912          -92.61953572631336          534.2660410730032          6907.098443667021         0.0003543097338847916     01 Jan 2026 11:46:40.002   -79.07409130593342         -139.9677015422626          569.4162860863353          6926.942664899861         0.002650917942207264      01 Jan 2026 11:46:40.002   21.72606367092708          80.01807792677843           557.9833403359744          6933.209294769482         0.001116726459034454      
01 Jan 2026 11:47:32.686   26.67237284871698          -93.4009140169983           533.2962172366233          6907.150666919536         0.0004717346984113069     01 Jan 2026 11:47:32.686   -81.16434539196388         -155.0553952669814          570.0620997629021          6927.322818144592         0.002736288216814992      01 Jan 2026 11:47:32.686   25.00539062951289          79.28533451612013           558.8933118735313          6933.233340541735         0.001227627385646325      
01 Jan 2026 11:48:23.104   23.51551545105214          -94.11930868870216          532.4443733716516          6907.198851635186         0.0005767285170351857     01 Jan 2026 11:48:23.104   -82.345036628287           -175.7120932310131          570.5540875491206          6927.688786362793         0.002802063936451363      01 Jan 2026 11:48:23.104   28.14005096574063          78.55812598383781           559.8078881398214          6933.216656195385         0.00134738440077353       
01 Jan 2026 11:49:15.640   20.22254467752249          -94.84286874959427          531.6467811084094          6907.245663829967         0.0006759246398405751     01 Jan 2026 11:49:15.640   -82.30789054255847         159.3829480482734           570.9329430638109          6928.07133886157          0.002853461645245733      01 Jan 2026 11:49:15.640   31.40217379590133          77.76745152554619           560.7953764039439          6933.15939842126          0.001481891751174757      
01 Jan 2026 11:50:08.360   16.91496133306636          -95.54815018087929          530.9486389755539          6907.28772940772          0.0007632875801180108     01 Jan 2026 11:50:08.360   -80.99256790907546         138.2737205225403           571.1746835052663          6928.455192892598         0.002887088258775439      01 Jan 2026 11:50:08.360   34.67082832594869          76.932996834937             561.8096547812966          6933.062737255104         0.001622922176359427      
01 Jan 2026 11:50:58.329   13.77764766215205          -96.201258150561            530.3894640778663          6907.321897403388         0.0008336284489342978     01 Jan 2026 11:50:58.329   -78.96662684741351         124.3922998033524           571.2761256827489          6928.817611022602         0.002902221742381536      01 Jan 2026 11:50:58.329   37.76373305891116          76.0960519794517            562.7809198174691          6932.936634928202         0.001759106380279466      
01 Jan 2026 11:51:50.794   10.48164537620449          -96.8744978096771           529.9167992694811          6907.350765936472         0.0008934383505157521     01 Jan 2026 11:51:50.794   -76.39518964175578         114.6646591975986           571.2507487634484          6929.195049832257         0.002900639121656247      01 Jan 2026 11:51:50.794   41.00497354805483          75.15853605167632           563.7985009807062          6932.770140234006         0.001901952259280478      
01 Jan 2026 11:52:43.514   7.16803841921246           -97.54148672645262          529.5657590086803          6907.371683063992         0.0009382490344860891     01 Jan 2026 11:52:43.514   -73.56360398817644         107.9968161433773           571.0925587652682          6929.569303129469         0.002881283779162538      01 Jan 2026 11:52:43.514   44.25471290193815          74.14208408465998           564.8055370005077          6932.569899438912         0.002042845856026532      
01 Jan 2026 11:53:33.723   4.011267119871821          -98.17072620535536          529.3509811103531          6907.383458538416         0.0009661237840764756     01 Jan 2026 11:53:33.723   -70.73526287003993         103.4129996607606           570.8227536844961          6929.919175892913         0.002846721239079198      01 Jan 2026 11:53:33.723   47.3417866513973           73.0883267186087            565.7377443634541          6932.350714061356         0.002172482037415397      
01 Jan 2026 11:54:26.199   0.711405853650932          -98.82500104741085          529.2538360313611          6907.386865377037         0.0009794495455163392     01 Jan 2026 11:54:26.199   -67.69522178899022         99.78603409902351           570.4225823616216          6930.275913598442         0.002794409428268608      01 Jan 2026 11:54:26.199   50.55856052213532          71.87522397467511           566.6711796051795          6932.094336034528         0.002301280812711589      
01 Jan 2026 11:55:18.939   -2.605107850357248         -99.48194124081635          529.2884719801159          6907.38094104442          0.0009763857335608941     01 Jan 2026 11:55:18.939   -64.58345539224791         96.9326319559682            569.906233255243           6930.622954493854         0.002725992461280162      01 Jan 2026 11:55:18.939   53.77949869846503          70.51010719802332           567.5542562837845          6931.811102504202         0.002422017308077438      
01 Jan 2026 11:56:09.458   -5.781711642317998         -100.1133372160681          529.4455540654417          6907.366529063164         0.0009580065545669077     01 Jan 2026 11:56:09.458   -61.56609307126597         94.71044025654128           569.3124973185768          6930.94233834082          0.002646501383411545      01 Jan 2026 11:56:09.458   56.85106725607167          69.02564688864757           568.3366272158501          6931.518176570081         0.002527930853238194      
01 Jan 2026 11:57:02.016   -9.085608336252161         -100.7752197230409          529.7355920371538          6907.342750965184         0.0009230804871259399     01 Jan 2026 11:57:02.016   -58.39964154702074         92.77648735832125           568.6014911103221          6931.258622425882         0.002550453141985779      01 Jan 2026 11:57:02.016   60.02835115096269          67.23996398908749           569.0728841641112          6931.193524016091         0.002626538019824157      
01 Jan 2026 11:57:54.787   -12.40157701426765         -101.4479866787542          530.1530009956014          6907.310397107178         0.0008722496339399931     01 Jan 2026 11:57:54.787   -55.19920698915175         91.11925585068573           567.8026828731618          6931.557245939855         0.002441646342103252      01 Jan 2026 11:57:54.787   63.19414044998522          65.11365742031667           569.7212154434637          6930.849702941679         0.002712324103427035      
01 Jan 2026 11:58:45.684   -15.59807889025667         -102.1077559839924          530.6703793774532          6907.271867884722         0.0008088974974371395     01 Jan 2026 11:58:45.684   -52.09679610813004         89.72397502288807           566.9627170163212          6931.824830724533         0.00232637327797956       01 Jan 2026 11:58:45.684   66.21606664245535          62.62471781256358           570.2503943952815          6930.503553204282         0.00278138597812979       
01 Jan 2026 11:59:38.332   -18.90223468747381         -102.8049874122959          531.3175103923977          6907.225412257108         0.0007294533624984771     01 Jan 2026 11:59:38.332   -48.87475360888112         88.44191945680254           566.0341762774879          6932.077967462516         0.002198077746357766      01 Jan 2026 11:59:38.332   69.29572755925571          59.40200351056172           570.6893124602666          6930.132900973146         0.002837686204369825      
01 Jan 2026 12:00:31.146   -22.21398573004906         -103.5235469754308          532.0728904036969          6907.17325834546          0.0006367207449067154     01 Jan 2026 12:00:31.146   -45.6316560845076          87.28466619335651           565.0546506718219          6932.305174967529         0.002061936328837374      01 Jan 2026 12:00:31.146   72.3144341735328           55.18246817917812           571.0106306877042          6929.750583452669         0.002877842482231576      
01 Jan 2026 12:01:21.530   -25.37021293604554         -104.2311834580571          532.883852172683           6907.119605198877         0.000537520498495651      01 Jan 2026 12:01:21.530   -42.52923702512062         86.27619121448947           564.0877009405149          6932.494645508755         0.00192696764697873       01 Jan 2026 12:01:21.530   75.08966732922174          49.72825812884005           571.1996661678995          6929.378162542289         0.002900281732853494      
01 Jan 2026 12:02:14.089   -28.65885221980085         -104.9975875414577          533.8135391978522          6907.061075683014         0.000425008167470138      01 Jan 2026 12:02:14.089   -39.28531023027185         85.30412919886651           563.0582449222002          6932.661566192076         0.001783008671978149      01 Jan 2026 12:02:14.089   77.79999439828357          41.63316645165973           571.2692388781979          6928.983714170316         0.002906696655446417      
01 Jan 2026 12:03:06.866   -31.95671718766895         -105.8025141633107          534.8215671442113          6907.001350450487         0.0003066888744786142     01 Jan 2026 12:03:06.866   -36.02105704047406         84.39471688070809           562.0165532842539          6932.795328998081         0.001637647643387404      01 Jan 2026 12:03:06.866   80.17648088358423          29.43781932002988           571.2039050896128          6928.58345520518          0.002895375890125028      
01 Jan 2026 12:03:56.904   -35.07859984184506         -106.6053558967131          535.8347022942562          6906.945503383038         0.0001993995286296026     01 Jan 2026 12:03:56.904   -32.92077802258378         83.58302000344148           561.0338317849737          6932.888847337483         0.00150166123739007       01 Jan 2026 12:03:56.904   81.83195598272059          12.21564154991118           571.0144671981507          6928.201773737937         0.002868106595334773      
01 Jan 2026 12:04:48.858   -38.31451908727719         -107.4886747912737          536.9334142380803          6906.890102304059         0.0001355488617582611     01 Jan 2026 12:04:48.858   -29.69669993794236         82.78301353961949           560.0307259141582          6932.949795341972         0.00136539653585648       01 Jan 2026 12:04:48.858   82.50200241388266          -11.40546656406489          570.6854502603192          6927.804719238766         0.002822849948000031      
01 Jan 2026 12:05:41.528   -41.58828170531143         -108.4472413210838          538.0824439362159          6906.838543507592         0.0001955822337029568     01 Jan 2026 12:05:41.528   -26.42369703826713         82.00871234812308           559.0440212638696          6932.972257547921         0.001236111424656224      01 Jan 2026 12:05:41.528   81.82523920470172          -35.35297106172872          570.2148069639779          6927.40282452028          0.002759651625312843      
01 Jan 2026 12:06:31.337   -44.67714658013379         -109.4255091738429          539.1889701620939          6906.795848338527         0.0003142610749155455     01 Jan 2026 12:06:31.337   -23.32470611212909         81.30448587281943           558.1496018531088          6932.955682687394         0.001126090661947124      01 Jan 2026 12:06:31.337   80.17405822077413          -52.48159859534773          569.644591022743           6927.024448281775         0.002684312828476558      
01 Jan 2026 12:07:23.756   -47.91922751841899         -110.5484454017294          540.3608382522034          6906.759175514474         0.0004558007616962744     01 Jan 2026 12:07:23.756   -20.05984723072038         80.5874737484933            557.2594561535252          6932.897312874083         0.001028020810669846      01 Jan 2026 12:07:23.756   77.81313772833749          -64.60971166134638          568.9165664504062          6926.629003735864         0.002589384012005781      
01 Jan 2026 12:08:16.456   -51.16807638566649         -111.7985008469003          541.5325867787733          6906.732774016439         0.000603106492097972      01 Jan 2026 12:08:16.456   -16.77440967697874         79.88687805806386           556.4273664389711          6932.795326815513         0.0009530248160781265     01 Jan 2026 12:08:16.456   75.0942194836604           -72.74387794680949          568.0574717131394          6926.235121279264         0.002478738632563992      
01 Jan 2026 12:09:06.629   -54.24915972023273         -113.1320925333299          542.6292655618627          6906.7191370503           0.0007437676823049465     01 Jan 2026 12:09:06.629   -13.64413978261754         79.23495534364497           555.7020321506398          6932.657227756971         0.000907906015541678      01 Jan 2026 12:09:06.629   72.3282651177454           -78.18595031503772          567.1272029016591          6925.864155607572         0.002360355837837002      
01 Jan 2026 12:09:59.083   -57.45503754865842         -114.7200107228361          543.743050323711           6906.718605120602         0.000888654259805429      01 Jan 2026 12:09:59.083   -10.36939109161729         78.56556710544562           555.0209339659841          6932.469688534772         0.0008905463137872097     01 Jan 2026 12:09:59.083   69.32708758098612          -82.39038317329499          566.0451298845683          6925.480945817198         0.002224412270171195      
01 Jan 2026 12:10:51.789   -60.65625511778661         -116.5789984380641          544.8154807431074          6906.733867537003         0.001029945673691994      01 Jan 2026 12:10:51.789   -7.077176358783476         77.90221996272298           554.4225293582858          6932.236727557268         0.0009029543315578557     01 Jan 2026 12:10:51.789   66.2400741969679           -85.62825091608451          564.8543980700733          6925.100925126436         0.002077047756702118      
01 Jan 2026 12:11:42.550   -63.71434546483378         -118.7074216068034          545.7923936856178          6906.764981479488         0.00116028922738641       01 Jan 2026 12:11:42.550   -3.905231868456072         77.26922781176702           553.9325236298573          6931.970407119471         0.0009393470600203976     01 Jan 2026 12:11:42.550   63.22155457451374          -88.11861255871426          563.6195532009251          6924.739787573999         0.001926929869510612      
01 Jan 2026 12:12:35.003   -66.83914674160384         -121.3927023640417          546.7329851609329          6906.815374446393         0.001287545950650811      01 Jan 2026 12:12:35.003   -0.6267173836110955        76.61836202187197           553.5187649932805          6931.652526607676         0.0009963513571853173     01 Jan 2026 12:12:35.003   60.06926965274947          -90.23980398303921          562.2641620281647          6924.371561660981         0.001765860949958997      
01 Jan 2026 12:13:27.755   -69.92999108764938         -124.8127178589355          547.5977915498233          6906.885911652052         0.00140651708560293       01 Jan 2026 12:13:27.755   2.67087824608509           75.96428192563282           553.1997757699228          6931.290004321731         0.00106738163922838       01 Jan 2026 12:13:27.755   56.87387349514376          -92.03824090665778          560.8323491556894          6924.006111558641         0.001600908513230119      
01 Jan 2026 12:14:19.452   -72.88275425180925         -129.2186599622562          548.3571336433588          6906.975279127292         0.001513135992799252      01 Jan 2026 12:14:19.452   5.902495732486035          75.32101581365701           552.9823793081223          6930.894290483532         0.001145046323363501      01 Jan 2026 12:14:19.452   53.72357197776638          -93.55926928608315          559.3755574061597          6923.652392469712         0.001440192347427464      
01 Jan 2026 12:15:12.069   -75.76288028126474         -135.3920747902013          549.03220753193            6907.087513089885         0.001610449900983215      01 Jan 2026 12:15:12.069   9.191182208928183          74.6611380740601            552.8571258279408          6930.452009037023         0.001228047782619107      01 Jan 2026 12:15:12.069   50.50198634627286          -94.92115119495787          557.8524924859248          6923.296442768387         0.001282557440086447      
01 Jan 2026 12:16:04.823   -78.43039991994959         -144.3879129590385          549.6030605550832          6907.222038699781         0.001695759168341236      01 Jan 2026 12:16:04.823   12.4874658732086           73.9912984043675            552.8265099776836          6929.970491991099         0.001312062568842906      01 Jan 2026 12:16:04.823   47.25946961301766          -96.14055142196959          556.2995166289647          6922.943173218434         0.001137135421374678      
01 Jan 2026 12:16:56.057   -80.63135519307517         -157.5344490062617          550.0506211469037          6907.373958110566         0.001766159465022376      01 Jan 2026 12:16:56.057   15.68751061646542          73.32973406071793           552.8842410372126          6929.468484016749         0.001392184403843658      01 Jan 2026 12:16:56.057   44.10022004300543          -97.21464494869645          554.7809461993638          6922.602978533097         0.001016147008788829      
01 Jan 2026 12:17:48.569   -82.14110146356117         -177.4104148468792          550.3961093826592          6907.551327781767         0.001825035583857494      01 Jan 2026 12:17:48.569   18.96552356703065          72.63693555902972           553.0278679782623          6928.921321351707         0.001471142151162843      01 Jan 2026 12:17:48.569   40.85339428461744          -98.22555343720245          553.2290462394703          6922.25667393994          0.0009228442675238838     
01 Jan 2026 12:18:41.257   -82.43381064037584         157.7101476500417           550.6250314115905          6907.750971889021         0.001870224360053488      01 Jan 2026 12:18:41.257   22.25226025372194          71.92283581759904           553.2515509243776          6928.34191905169          0.001545930718380421      01 Jan 2026 12:18:41.257   37.58786287903416          -99.1659674321108           551.6918557021527          6921.910998028203         0.0008703828293798144     
01 Jan 2026 12:19:31.628   -81.44792123481636         135.9843277868659           550.7326774533549          6907.961538546021         0.001900238342300382      01 Jan 2026 12:19:31.628   25.3917658064945           71.21816646708383           553.532899563068           6927.762394242244         0.00161244225406895       01 Jan 2026 12:19:31.628   34.45962537541485          -100.0086069936734          550.2550722414408          6921.581649593788         0.0008639590291743784     
01 Jan 2026 12:20:24.038   -79.48129660964027         119.7891759862479           550.7297807522546          6908.200201209366         0.00191776847208914       01 Jan 2026 12:20:24.038   28.65522486970146          70.45703656032767           553.8873911139053          6927.135994339269         0.001675827517471247      01 Jan 2026 12:20:24.038   31.19882501311981          -100.8373884268025          548.8083720203358          6921.239575278358         0.0009002588000715707     
01 Jan 2026 12:21:16.738   -76.964394105095           109.0546438946966           550.6107273198641          6908.459123693099         0.001921466255896227      01 Jan 2026 12:21:16.738   31.93280379382166          69.65679313862657           554.2978570617879          6926.485551775025         0.001733062844953504      01 Jan 2026 12:21:16.738   27.91473262369636          -101.6301231591833          547.4174865283849          6920.895750361413         0.000971399637961102      
01 Jan 2026 12:22:06.756   -74.30872196240776         102.1304349624204           550.3932203626719          6908.721118503192         0.001912357635546204      01 Jan 2026 12:22:06.756   35.03945470898142          68.85797162800941           554.7280541831624          6925.852477563292         0.001780970153881333      01 Jan 2026 12:22:06.756   24.79338120817307          -102.3514940662088          546.1689703471002          6920.569163112142         0.001059862840313842      
01 Jan 2026 12:22:59.118   -71.37226996084145         96.95166018676734           550.0611901697412          6909.010727860447         0.001890124940351215      01 Jan 2026 12:22:59.118   38.28670183293194          67.97188613963137           555.2102839628324          6925.176970255354         0.001824079514937236      01 Jan 2026 12:22:59.118   21.52172737972713          -103.0800786503179          544.9487693197343          6920.226705737985         0.001163779731097868      
01 Jan 2026 12:23:51.810   -68.3200525393213          93.07843800809984           549.6255761431385          6909.316092626173         0.001855276540972973      01 Jan 2026 12:23:51.810   41.54836438940828          67.01745048109996           555.7171226547935          6924.48791623251          0.001859856078762425      01 Jan 2026 12:23:51.810   18.2259054824093           -103.7908384564347          543.8220545156864          6919.881337788644         0.00127158005559077       
01 Jan 2026 12:24:41.820   -65.36522808937593         90.2123907088276            549.1249092208409          6909.616887550431         0.001811341685789834      01 Jan 2026 12:24:41.820   44.6375070370303           66.04007931743924           556.2073840311059          6923.828972459985         0.001886458915027205      01 Jan 2026 12:24:41.820   15.09498905611064          -104.4486867898876          542.8561503664068          6919.552817363816         0.00137112731236825       
01 Jan 2026 12:25:34.175   -62.23067297997029         87.78747019235399           548.518125426046           6909.941018530298         0.001754879802295224      01 Jan 2026 12:25:34.175   47.86355007999639          64.92440843429175           556.7188547095348          6923.137804795801         0.001906326202950303      01 Jan 2026 12:25:34.175   11.81473269099914          -105.1236512098168          541.9616687072503          6919.208250076195         0.001468098207694331      
01 Jan 2026 12:26:26.876   -59.04497901793501         85.76690715554905           547.8316751188113          6910.274369775306         0.001688232843811069      01 Jan 2026 12:26:26.876   51.10110584494488          63.68161840133839           557.2201093193498          6922.444689244871         0.001917750432808242      01 Jan 2026 12:26:26.876   8.51066153073627           -105.792343794972           541.1895075085531          6918.861045130332         0.001554938294516812      
01 Jan 2026 12:27:17.116   -55.9870254891751          84.1268229856144            547.1165977852997          6910.596323026982         0.001616554614462666      01 Jan 2026 12:27:17.116   54.17618871422876          62.35477775498013           557.6744126957874          6921.790121412455         0.001920320022132545      01 Jan 2026 12:27:17.116   5.359473152577199          -106.4227189190056          540.5789991096162          6918.530187848021         0.001625385479815472      
01 Jan 2026 12:28:09.559   -52.77798501295622         82.63766072882225           546.3181042160477          6910.934109304166         0.001534379460409935      01 Jan 2026 12:28:09.559   57.3716319214956           60.77843086931406           558.1132128229629          6921.117055809144         0.001914012320685604      01 Jan 2026 12:28:09.559   2.068973139011587          -107.0762715165879          540.0769662338171          6918.185612666677         0.001684338161634611      
01 Jan 2026 12:29:02.300   -49.53679355150693         81.31573394073567           545.473592480027           6911.272778893554         0.001445371292308849      01 Jan 2026 12:29:02.300   60.56608833424519          58.93301572846113           558.5072640526478          6920.454498038393         0.001898077731094783      01 Jan 2026 12:29:02.300   -1.240879375796209         -107.7317950736655          539.7144309210207          6917.840781026385         0.001727308732100045      
01 Jan 2026 12:29:53.168   -46.39988202147374         80.1706842844124            544.6317041110206          6911.595721515809         0.001354649799574495      01 Jan 2026 12:29:53.168   63.62305945006334          56.81883407785156           558.8328269215062          6919.83259253324          0.001873298227902517      01 Jan 2026 12:29:53.168   -4.433383321460841         -108.365078801988           539.5013217450942          6917.510842091947         0.001752403876515153      
01 Jan 2026 12:30:45.724   -43.1497100523087          79.09364783810916           543.7464540340852          6911.922724827942         0.001257105257674023      01 Jan 2026 12:30:45.724   66.74720849469497          54.15431889689642           559.1038564056689          6919.211203741424         0.00183771314456302       01 Jan 2026 12:30:45.724   -7.73139153554425          -109.0232209857146          539.4216928847827          6917.173963074956         0.00176093638016937       
01 Jan 2026 12:31:38.486   -39.87870190897125         78.09916013110725           542.8551227399075          6912.241348131024         0.001156483358282023      01 Jan 2026 12:31:38.486   69.8334081374811           50.7710661800843            559.3008009282366          6918.612321817645         0.001791539378025605      01 Jan 2026 12:31:38.486   -11.04154917230721         -109.690872370306           539.4834754237072          6916.841331166791         0.001751481771184885      
01 Jan 2026 12:32:29.500   -36.70944562569226         77.20450095162845           542.0034066105254          6912.537511882295         0.001057724730713678      01 Jan 2026 12:32:29.500   72.74487929397766          46.4874038431151            559.4126622818931          6918.060031244248         0.001736764427741532      01 Jan 2026 12:32:29.500   -14.24080092399122         -110.3460051395123          539.6748331079798          6916.526619003241         0.001725204681260949      
01 Jan 2026 12:33:22.058   -33.43843259261209         76.33885978283686           541.1490273092149          6912.82769846285          0.0009555105018569436     01 Jan 2026 12:33:22.058   75.62431110291401          40.44082952932465           559.4411349452885          6917.521367019396         0.00166980579871905       01 Jan 2026 12:33:22.058   -17.53503762681205         -111.0341791314731          540.0022778646244          6916.211290560198         0.001680792783902289      
01 Jan 2026 12:34:14.769   -30.15267043791468         75.51757728489106           540.3283006056881          6913.100869390312         0.0008534699679202107     01 Jan 2026 12:34:14.769   78.30053934743282          31.65606813166352           559.3764071480546          6917.014663386673         0.001591895370398395      01 Jan 2026 12:34:14.769   -20.83651348106362         -111.7416339518368          540.4568712472392          6915.906119109479         0.001619089401514681      
01 Jan 2026 12:35:05.129   -27.00921264271811         74.76901040163028           539.5892137398023          6913.342822916755         0.0007571752084041377     01 Jan 2026 12:35:05.129   80.4939875427108           19.09525498027838           559.2240487173522          6916.564090127014         0.001507463162496198      01 Jan 2026 12:35:05.129   -23.98802035434739         -112.4377006099651          541.0017859458349          6915.626909026039         0.001544753957905228      
01 Jan 2026 12:35:57.599   -23.730123483216           74.01992045997839           538.8769212775887          6913.572884839823         0.0006587082420054499     01 Jan 2026 12:35:57.599   82.0723522633629           -0.2490762840671994         558.9691848734656          6916.131433182413         0.001409271750905884      01 Jan 2026 12:35:57.599   -27.26829638543952         -113.1887232923359          541.6755463441878          6915.351007292448         0.00145218805109645       
01 Jan 2026 12:36:50.372   -20.42868086303669         73.29253907264456           538.2304216108987          6913.779470878024         0.000562052553440763      01 Jan 2026 12:36:50.372   82.46788923498896          -25.00073257376954          558.6132596921288          6915.735859374295         0.001300287240650247      01 Jan 2026 12:36:50.372   -30.5634793897445          -113.976443614381           542.4519501608693          6915.091298790738         0.001344601577171423      
01 Jan 2026 12:37:40.381   -17.29746676192707         72.62283338305085           537.6911880868038          6913.950522260817         0.0004729156206893919     01 Jan 2026 12:37:40.381   81.58002082914589          -46.96546202449547          558.1845458107482          6915.398903681661         0.001187930639613384      01 Jan 2026 12:37:40.381   -33.6817496685714          -114.759279168124           543.2686114254529          6914.863864740388         0.00123036975782657       
01 Jan 2026 12:38:32.817   -14.01187092960669         71.93697750762344           537.2104910218422          6914.102444490297         0.0003821158113308215     01 Jan 2026 12:38:32.817   79.67448233533187          -63.69933125414611          557.6416306852998          6915.086202335565         0.001061151587476877      01 Jan 2026 12:38:32.817   -36.94623462600294         -115.6263041809848          544.1977644064937          6914.647245904785         0.001099058091369192      
01 Jan 2026 12:39:25.570   -10.7044555235412          71.26014446382065           536.8214174569111          6914.225546875636         0.0002935121947691623     01 Jan 2026 12:39:25.570   77.18877183868673          -74.8081519935937           557.002650796635           6914.814273435835         0.0009250124587173816     01 Jan 2026 12:39:25.570   -40.22428907842527         -116.5567018180986          545.1949953500271          6914.454323484916         0.0009564939362977399     
01 Jan 2026 12:40:15.483   -7.573728483083605         70.62879622980118           536.5458332595827          6914.313519087686         0.0002123008146364357     01 Jan 2026 12:40:15.483   74.55696639130493          -81.92898152319468          556.3170718784077          6914.596735070069         0.0007890022045155978     01 Jan 2026 12:40:15.483   -43.31928192918111         -117.5027519947189          546.1839731484752          6914.297096440187         0.0008133789995650905     
01 Jan 2026 12:41:07.881   -4.286123880778695         69.97246957336796           536.3574546762175          6914.375242620735         0.0001308888047527051     01 Jan 2026 12:41:07.881   71.63040703555127          -87.2495762312935           555.5188185155766          6914.410005583803         0.0006395781040727773     01 Jan 2026 12:41:07.881   -46.56036594411892         -118.580817527303           547.2566159745875          6914.160781594665         0.0006561211357005815     
01 Jan 2026 12:42:00.602   -0.9776841664757749        69.31583974010996           536.2750187189076          6914.405141680295         6.295840822902113e-05     01 Jan 2026 12:42:00.602   68.58417626151304          -91.21254908957307          554.642143481844           6914.264912356323         0.0004834111872674158     01 Jan 2026 12:42:00.602   -49.8116634356278          -119.7750451186067          548.3577683504664          6914.055589262586         0.0004924121311212556     
01 Jan 2026 12:42:50.740   2.168802904058529          68.69221110016596           536.2974659668644          6914.403380778277         7.122968060939448e-05     01 Jan 2026 12:42:50.740   65.6266522021758           -94.14065743098027          553.7482793604977          6914.166219969594         0.0003305623474083584     01 Jan 2026 12:42:50.740   -52.8928144743187          -121.0395439273144          549.4126404694071          6913.98728099098          0.0003335834859919912     
01 Jan 2026 12:43:43.173   5.459063325080096          68.03815708588562           536.4258421151017          6914.370108671503         0.0001437083095953682     01 Jan 2026 12:43:43.173   62.49086508760934          -96.60806431181793          552.7604529858818          6914.103158380674         0.0001674846056145092     01 Jan 2026 12:43:43.173   -56.10118525620677         -122.5343490506522          550.5107486275356          6913.950863859886         0.0001681051808522016     
01 Jan 2026 12:44:35.900   8.766986539730837          67.37563997727173           536.6612714593548          6914.304610858762         0.000227757182569394      01 Jan 2026 12:44:35.900   59.30599544047413          -98.65710738521838          551.7233820274496          6914.080010791752         9.82113015844723e-06      01 Jan 2026 12:44:35.900   -59.30956906625907         -124.2701309218967          551.5967001521822          6913.952154144888         5.616589484654954e-05     
01 Jan 2026 12:45:26.630   11.94843979185542          66.73083185414914           536.9852757581466          6914.211896881908         0.0003125475179264444     01 Jan 2026 12:45:26.630   56.21961250345323          -100.3315271480269          550.6954398199832          6914.094544903044         0.0001598325107185474     01 Jan 2026 12:45:26.630   -62.37438620928651         -126.2349415913929          552.6122653825942          6913.990800473494         0.0001861076166817443     
01 Jan 2026 12:46:19.091   15.23676160241078          66.05327217312782           537.4161907673779          6914.086324275338         0.0004033797622541921     01 Jan 2026 12:46:19.091   53.01034107272017          -101.8344909661859          549.6135945498336          6914.145959314928         0.0003248468452966162     01 Jan 2026 12:46:19.091   -65.51320319685742         -128.6851064797754          553.6206900882225          6914.070683700404         0.0003506329979428952     
01 Jan 2026 12:47:11.818   18.53964187398681          65.357730927623             537.9412784731694          6913.930927875484         0.0004977302109902492     01 Jan 2026 12:47:11.818   49.77040743612663          -103.1662971970007          548.520066515196           6914.233089087352         0.0004884068464203596     01 Jan 2026 12:47:11.818   -68.6240717701653          -131.7569520686113          554.5803849536796          6914.192980340987         0.0005150128385329321     
01 Jan 2026 12:48:02.341   21.70199118050504          64.67390213247739           538.5238488935438          6913.755988112674         0.000590886276549056      01 Jan 2026 12:48:02.341   46.65488507649257          -104.3116074834418          547.4791150420378          6914.348043678633         0.0006414231000971072     01 Jan 2026 12:48:02.341   -71.54411419403556         -135.544735484532           555.4398417735638          6914.350454460632         0.0006685934174343174     
01 Jan 2026 12:48:54.783   24.98140502080689          63.94178240045578           539.2022483001547          6913.54915356824          0.0006901740461034182     01 Jan 2026 12:48:54.783   43.41153041319618          -105.3933651104091          546.4190785816954          6914.497843719207         0.0007948609274047275     01 Jan 2026 12:48:54.783   -74.47680340250602         -140.8208858341254          556.2609660836943          6914.556127397            0.0008223617922653799     
01 Jan 2026 12:49:47.560   28.278128805689            63.17683232082791           539.9509201060946          6913.317008170799         0.0007923340051401972     01 Jan 2026 12:49:47.560   40.13916069666146          -106.3938552791647          545.3870643973532          6914.677673280054         0.0009421598538720807     01 Jan 2026 12:49:47.560   -77.25927856850171         -148.3544510628389          557.0065525828768          6914.806744259778         0.0009700688736489954     
01 Jan 2026 12:50:37.728   31.40794411557006          62.41783065482058           540.7138655356121          6913.07605450778          0.0008909651368371789     01 Jan 2026 12:50:37.728   37.02196829588456          -107.2785013766243          544.4510826759642          6914.873456327901         0.00107412365300876       01 Jan 2026 12:50:37.728   -79.6234695383669          -158.918562344698           557.6340890381161          6915.085440784882         0.001102962214816396      
01 Jan 2026 12:51:29.916   34.65916274006789          61.58823648644573           541.54944725727            6912.806676482916         0.0009944102612929892     01 Jan 2026 12:51:29.916   33.7733233328649           -108.1427315227404          543.5367168601542          6915.100499255336         0.00120164631380893       01 Jan 2026 12:51:29.916   -81.53909033495063         -175.4072806831258          558.1979619564163          6915.416789214428         0.00123260358907304       
01 Jan 2026 12:52:22.632   37.93778649912946          60.69987975506665           542.4247002979191          6912.517681616334         0.001098875241189073      01 Jan 2026 12:52:22.632   30.48648224230969          -108.9680704709703          542.6872102805855          6915.351608178677         0.001318956952026974      01 Jan 2026 12:52:22.632   -82.47533606775622         161.4690063790586           558.6717233420268          6915.793595506931         0.001353933605156094      
01 Jan 2026 12:53:12.521   41.03470276936675          59.80233773313251           543.2702076992373          6912.230966459822         0.001196774906972742      01 Jan 2026 12:53:12.521   27.37168162615981          -109.7128227625323          541.9630150480361          6915.607150679154         0.001418117517618783      01 Jan 2026 12:53:12.521   -82.10493266283393         138.0266727380923           559.0292187812365          6916.188127018599         0.001459315647307765      
01 Jan 2026 12:54:04.773   44.27133974560788          58.7895503530919            544.1612242657857          6911.919483065273         0.0012972467318051        01 Jan 2026 12:54:04.773   24.10544606134517          -110.46167729627            541.298478854711           6915.891155785664         0.001508461323153877      01 Jan 2026 12:54:04.773   -80.56435472600477         118.5393347989186           559.3080533220764          6916.63950618484          0.001559425503175558      
01 Jan 2026 12:54:57.483   47.52788679063325          57.67455859720138           545.0526170779431          6911.596434146626         0.001395290845163992      01 Jan 2026 12:54:57.483   20.80714714220563          -111.1905587227161          540.7357795844846          6916.192267066299         0.00158452750699047       01 Jan 2026 12:54:57.483   -78.27644981579108         105.3137072247949           559.4907586365043          6917.13261459041          0.001649463833849413      
01 Jan 2026 12:55:47.623   50.61625544636936          56.5050885221503            545.8814162245426          6911.283511664532         0.001484344820507507      01 Jan 2026 12:55:47.623   17.66703889906741          -111.863754989131           540.3094148325781          6916.490209490567         0.001641990513139965      01 Jan 2026 12:55:47.623   -75.73413905459165         96.91562679589482           559.5744716608542          6917.634920045563         0.001724730597583156      
01 Jan 2026 12:56:40.039   53.83309916103981          55.13849844380184           546.7154049317132          6910.95322944214          0.001571870541534713      01 Jan 2026 12:56:40.039   14.38207352828264          -112.5506847844036          539.9848927973007          6916.811594416894         0.001685823883741677      01 Jan 2026 12:56:40.039   -72.86894429420154         90.80075640254549           559.5713017016697          6918.192349698304         0.001792523151298384      
01 Jan 2026 12:57:32.758   57.05355595801692          53.57234910682605           547.5082371233611          6910.620560061067         0.001652947357347758      01 Jan 2026 12:57:32.758   11.0762982177488           -113.2280050070815          539.7900251836136          6917.143033180116         0.001712626633330595      01 Jan 2026 12:57:32.758   -69.86291466011154         86.33876433530175           559.4792617241774          6918.783616227563         0.001849506554669398      
01 Jan 2026 12:58:23.382   60.12811459469732          51.83019687174685           548.2148270621828          6910.303220148176         0.00172312678399817       01 Jan 2026 12:58:23.382   7.900614785270049          -113.8688212963542          539.7318851871596          6917.467265477976         0.001721741335465912      01 Jan 2026 12:58:23.382   -66.90361133859646         83.06919945730958           559.3125959042591          6919.377477292195         0.001893766025204344      
01 Jan 2026 12:59:15.932   63.29525298707324          49.68866389665735           548.8804928989084          6909.978563581928         0.001786925056365055      01 Jan 2026 12:59:15.932   4.603286842706471          -114.5271536218985          539.8087005925117          6917.808338194112         0.001713889895815698      01 Jan 2026 12:59:15.932   -63.78204373191367         80.37572306970451           559.0654055749374          6920.01781122699          0.001929061426580497      
01 Jan 2026 13:00:08.716   66.44240040297474          47.06314859521662           549.4690897658447          6909.659850000063         0.001840680334522638      01 Jan 2026 13:00:08.716   1.290885153530523          -115.1843554016689          540.0284870174519          6918.154019161638         0.00168842913865346       01 Jan 2026 13:00:08.716   -60.61113846454769         78.16830657830343           558.7492420249137          6920.682031468948         0.0019538545244981        
01 Jan 2026 13:01:00.126   69.46066793780167          43.84869628570446           549.956039189341           6909.358847181707         0.001882167476890424      01 Jan 2026 13:01:00.126   -1.935158786848302         -115.8233029024652          540.3802701590566          6918.492376705813         0.001647163701497824      01 Jan 2026 13:01:00.126   -57.49805272800626         76.36188671940229           558.3847915472379          6921.345684978563         0.001968029636295464      
01 Jan 2026 13:01:52.698   72.47495997585132          39.55769487819016           550.3576024988943          6909.062821967635         0.001912676022112181      01 Jan 2026 13:01:52.698   -5.233446781181661         -116.4783115008838          540.8791928761675          6918.83896149889          0.001588978191113513      01 Jan 2026 13:01:52.698   -54.29564967100487         74.77316107605508           557.9643120081901          6922.037626496247         0.001972685127722619      
01 Jan 2026 13:02:45.442   75.38175471116278          33.65585791269337           550.6553696271239          6908.779794004561         0.001930470502275933      01 Jan 2026 13:02:45.442   -8.541486993587414         -117.1400225168683          541.5181600081241          6919.186349119298         0.001515599269403497      01 Jan 2026 13:02:45.442   -51.06765152859009         73.37776977182163           557.5046032569326          6922.741407221783         0.001967720950264368      
01 Jan 2026 13:03:36.783   78.01747663124391          25.40868544737065           550.8384630447135          6908.519465428523         0.00193492182913098       01 Jan 2026 13:03:36.783   -11.75991081479398         -117.7913772288254          542.2687569889576          6919.523462417529         0.00143143142003845       01 Jan 2026 13:03:36.783   -47.91400749854773         72.16689845265314           557.0315568786809          6923.431754875013         0.001953980059193893      
01 Jan 2026 13:04:29.319   80.35147215812681          12.7570979314445            550.9124592228327          6908.270087393099         0.001925932554022004      01 Jan 2026 13:04:29.319   -15.05126131707491         -118.4684698840057          543.162062664821           6919.866869796701         0.001334672799640846      01 Jan 2026 13:04:29.319   -44.67718620751975         71.04595489742628           556.5327939681792          6924.13957444809          0.001931191133085711      
01 Jan 2026 13:05:22.032   81.99762359824929          -6.253564361440636          550.8685136739432          6908.038477831133         0.001902898821750897      01 Jan 2026 13:05:22.032   -18.35107936685435         -119.1620668549284          544.1779019179003          6920.209520999129         0.001230125854183182      01 Jan 2026 13:05:22.032   -41.42125198289776         70.01689006816318           556.0292362688078          6924.847066633451         0.001899828006349996      
01 Jan 2026 13:06:12.660   82.48362658972698          -29.81866943973914          550.7134958550014          6907.834561497854         0.001867487624128706      01 Jan 2026 13:06:12.660   -21.51749100317981         -119.845308580468           545.2576834008514          6920.536692041821         0.001127027537617041      01 Jan 2026 13:06:12.660   -38.28748336814679         69.1012270378753            555.5537798616906          6925.520181413675         0.001862043375661931      
01 Jan 2026 13:07:05.177   81.64788298768111          -53.2476460575736           550.4359974818399          6907.642994588601         0.001817091245853515      01 Jan 2026 13:07:05.177   -24.79847589252188         -120.5760129406802          546.475351660888           6920.87410310918          0.001023610713839496      01 Jan 2026 13:07:05.177   -35.0309894483263          68.21265046706615           555.0804580274507          6926.207842139783         0.001815286967187623      
01 Jan 2026 13:07:57.883   79.7694851925789           -70.40602628823414          550.039648770261           6907.471683192312         0.001752792549615255      01 Jan 2026 13:07:57.883   -28.08716100099405         -121.3369699720272          547.7857737052091          6921.21091811396          0.000932359908161528      01 Jan 2026 13:07:57.883   -31.75757683534974         67.37221502209132           554.6371235265769          6926.883236152827         0.001761016193766669      
01 Jan 2026 13:08:47.912   77.43717146179165          -81.2604265149              549.5570984636424          6907.328716989886         0.001679450174510888      01 Jan 2026 13:08:47.912   -31.20449260152256         -122.0904403692382          549.0999229827657          6921.529257378958         0.0008680154027705615     01 Jan 2026 13:08:47.912   -28.6462379775679          66.61360612321313           554.2557291957837          6927.507141746168         0.001703095391991265      
01 Jan 2026 13:09:40.227   74.69322991879449          -88.94809696300409          548.9461818160498          6907.199675759267         0.001590523898835474      01 Jan 2026 13:09:40.227   -34.45906769366186         -122.9177138103897          550.5343711800761          6921.861141030095         0.0008360648904989626     01 Jan 2026 13:09:40.227   -25.38906560471897         65.85395880208189           553.9078432376073          6928.138113723828         0.001636340295448505      
01 Jan 2026 13:10:32.887   71.7554713777441           -94.38579984738845          548.2274508272985          6907.09063530524          0.001489151073326763      01 Jan 2026 13:10:32.887   -37.72913526347567         -123.7998506853624          552.0264936388367          6922.194732886261         0.0008497019011330113     01 Jan 2026 13:10:32.887   -22.10709311883284         65.11784776570327           553.619640576102           6928.747675168383         0.001563363800492179      
01 Jan 2026 13:11:22.769   68.87578636431481          -98.21356983930428          547.4573982347829          6907.00617235199          0.001383013051501752      01 Jan 2026 13:11:22.769   -40.82037034785584         -124.6911313339346          553.4710378530108          6922.510845664365         0.0009063955491451705     01 Jan 2026 13:11:22.769   -18.9957201782033          64.44218366053924           553.4118469506384          6929.298409993022         0.001489603511356527      
01 Jan 2026 13:12:15.131   65.78817039977814          -101.3331719818348          546.563976777381           6906.936493650859         0.001262059051468762      01 Jan 2026 13:12:15.131   -44.05779202040495         -125.6981798675267          555.0055934736902          6922.843447317669         0.001005309794114126      01 Jan 2026 13:12:15.131   -15.72742883201461         63.7512093840436            553.2691807623705          6929.845709701173         0.001408306868454918      
01 Jan 2026 13:13:07.818   62.63602142036975          -103.8426988614287          545.5868269028852          6906.885045979379         0.001131721277047957      01 Jan 2026 13:13:07.818   -47.30638077768696         -126.8028266348269          556.5534096426836          6923.179601736496         0.001135097051041339      01 Jan 2026 13:13:07.818   -12.43700065141622         63.07092383553387           553.2099389884406          6930.36180166233          0.001323866140759878      
01 Jan 2026 13:13:57.894   59.61008739965986          -105.8168250218461          544.595486711697           6906.852420816944         0.001001090669327769      01 Jan 2026 13:13:57.894   -50.38427410154635         -127.9588616186909          558.0139649491812          6923.501119871354         0.001277081142558211      01 Jan 2026 13:13:57.894   -9.308335070942814         62.43501436376318           553.236730178256           6930.817842786356         0.001242866299703681      
01 Jan 2026 13:14:50.206   56.42594206107434          -107.5685413415169          543.5061283286377          6906.833978752677         0.0008590707291550593     01 Jan 2026 13:14:50.206   -53.58746629708037         -129.3063704007531          559.5142826101892          6923.83972629048          0.001436745307172538      01 Jan 2026 13:14:50.206   -6.039144934346868         61.77873545402392           553.3548062393975          6931.256245419297         0.001159892570208985      
01 Jan 2026 13:15:42.857   53.202676627096            -109.0925639889676          542.3667390782712          6906.830056677216         0.0007120738296506671     01 Jan 2026 13:15:42.857   -56.79629189255254         -130.8484381778375          560.9835983597741          6924.183962651088         0.001602794200122401      01 Jan 2026 13:15:42.857   -2.748230465508871         61.12348374507034           553.5689141787434          6931.656437517445         0.001081419181541138      
01 Jan 2026 13:16:33.325   50.09929779737923          -110.3817567214835          541.2465825199852          6906.838546279366         0.0005691784869856567     01 Jan 2026 13:16:33.325   -59.85411260479476         -132.5561964403496          562.3403810050268          6924.517648879319         0.001762385248476353      01 Jan 2026 13:16:33.325   0.4062372876100627         60.49771025427011           553.8646799394064          6931.999913383504         0.001015059710610714      
01 Jan 2026 13:17:25.717   46.86588997502756          -111.5820055666422          540.0680222930141          6906.858346983633         0.0004211801593223303     01 Jan 2026 13:17:25.717   -63.00450839190085         -134.6486318576538          563.6824530058848          6924.868337194959         0.001924771472689069      01 Jan 2026 13:17:25.717   3.680633373679878          59.8477374735027            554.2648990399339          6932.3137625012           0.0009605961490433318     
01 Jan 2026 13:18:18.390   43.60517093879412          -112.676655283689           538.8810550137787          6906.887714278095         0.0002769717661194929     01 Jan 2026 13:18:18.390   -66.13849480937543         -137.2057627738231          564.9509158582332          6925.225596508189         0.002081560997140337      01 Jan 2026 13:18:18.390   6.971725338450789          59.19114652155791           554.7608575179229          6932.584536867684         0.0009266258350577441     
01 Jan 2026 13:19:09.651   40.42362197048697          -113.6557971942706          537.7375391527676          6906.923590807773         0.0001538865364902053     01 Jan 2026 13:19:09.651   -69.14336453856696         -140.3185386045452          566.0964151458775          6925.577960325453         0.002225466531135508      01 Jan 2026 13:19:09.651   10.17343254809682          58.54633805324899           555.3302150464178          6932.804445138015         0.0009188526802482498     
01 Jan 2026 13:20:02.162   37.15730617674697          -114.5876176750927          536.5920121217714          6906.96592797736          0.0001156206926694157     01 Jan 2026 13:20:02.162   -72.15283527834669         -144.4563021093072          567.1684607681391          6925.943695464484         0.002361901501011467      01 Jan 2026 13:20:02.162   13.45151335550162          57.87686602034234           555.9971902926727          6932.984902520178         0.0009401157853417795     
01 Jan 2026 13:20:54.853   33.87345240038005          -115.4636454750014          535.4828346445938          6907.012191646628         0.0002095208634805829     01 Jan 2026 13:20:54.853   -75.06219249042989         -150.1082449413439          568.1317270290765          6926.315365398954         0.002485850339777284      01 Jan 2026 13:20:54.853   16.73864930399298          57.19270653130862           556.7452340225891          6933.120514775009         0.0009913985600773592     
01 Jan 2026 13:21:45.588   30.70614438887875          -116.2614230750966          534.4656968665186          6907.058561245045         0.0003267152060832566     01 Jan 2026 13:21:45.588   -77.68719915371049         -157.844761300101           568.9452660954776          6926.677334494484         0.002591537653629637      01 Jan 2026 13:21:45.588   19.90138316491584          56.51875496132109           557.5328626424553          6933.208475687005         0.001066471938379865      
01 Jan 2026 13:22:38.132   27.42116456229846          -117.0487379919553          533.4775729965786          6907.106714435153         0.000446780747363175      01 Jan 2026 13:22:38.132   -80.07536996610284         -169.7624305099586          569.6634810298428          6927.055877172322         0.002685676569074961      01 Jan 2026 13:22:38.132   23.17385581643073          55.80108700130707           558.4095280673646          6933.256225632353         0.001166235438034521      
01 Jan 2026 13:23:30.848   24.12117501533232          -117.8059207051917          532.5651143986679          6907.153459430894         0.0005596359364893586     01 Jan 2026 13:23:30.848   -81.83657108725073         172.2346091802535           570.2518194104723          6927.43863823541          0.002763504205621175      01 Jan 2026 13:23:30.848   26.45349358115918          55.0562297047018            559.3414387158618          6933.260849104866         0.001283652502684505      
01 Jan 2026 13:24:21.088   20.972718893581            -118.5025465804842          531.7795048919452          6907.195080651272         0.0006575873480918741     01 Jan 2026 13:24:21.088   -82.50097420642709         149.4223775833899           570.685920713061           6927.805289749053         0.002821514950027309      01 Jan 2026 13:24:21.088   29.5753371000297           54.31809139241888           560.268276584914           6933.226124620664         0.001407172779294124      
01 Jan 2026 13:25:13.606   17.6785034796001           -119.2095304109911          531.055789897061           6907.234139873804         0.0007482733518860262     01 Jan 2026 13:25:13.606   -81.86576588424954         125.4295719238858           571.0056133160233          6928.189351001051         0.002864818885294959      01 Jan 2026 13:25:13.606   32.83418985168311          53.51068092914715           561.2661279207441          6933.150513415722         0.001544277444352104      
01 Jan 2026 13:26:06.293   14.37096702534823          -119.9013402700058          530.4387991188642          6907.267491533446         0.0008259200260634092     01 Jan 2026 13:26:06.293   -80.12591788466283         107.2838246581736           571.188124804934           6928.574082705609         0.002890193698982477      01 Jan 2026 13:26:06.293   36.09839898265667          52.65599116996984           562.2846875224604          6933.036057256441         0.00168640953645393       
01 Jan 2026 13:26:56.227   11.23424733612             -120.5443819538223          529.9619095365315          6907.292707853695         0.0008862189765106848     01 Jan 2026 13:26:56.227   -77.87766613068268         95.73925542657302           571.2342713230346          6928.936721454053         0.002897492363385083      01 Jan 2026 13:26:56.227   39.18660726531138          51.79575955292812           563.2543635075799          6932.893721581235         0.001822492172845826      
01 Jan 2026 13:27:48.700   7.936454352876072          -121.2101981856887          529.5798878470987          6907.31164892993          0.00093484841799457       01 Jan 2026 13:27:48.700   -75.17946586862328         87.55993170147292           571.1522307540145          6929.313992826154         0.002887751969090344      01 Jan 2026 13:27:48.700   42.42527674377195          50.82749486404222           564.265160729854           6932.710726938213         0.001964335053221051      
01 Jan 2026 13:28:41.397   4.623464961648226          -121.8717694458879          529.323770049843           6907.322210767164         0.0009678712360500713     01 Jan 2026 13:28:41.397   -72.27853427586827         81.83293220992732           570.9392388220685          6929.687004343801         0.002860376487744876      01 Jan 2026 13:28:41.397   45.66994864533451          49.77350182506574           565.2585467266445          6932.494779847533         0.002103219481126519      
01 Jan 2026 13:29:31.549   1.469788814877475          -122.4975795341393          529.2016340387627          6907.323975549998         0.0009841933310670401     01 Jan 2026 13:29:31.549   -69.41289552011712         77.8127706740098            570.6200316614995          6930.034593336984         0.002818464019267744      01 Jan 2026 13:29:31.549   48.74952316687723          48.67604148153313           566.1713991725628          6932.261562601426         0.002230104617520654      
01 Jan 2026 13:30:24.056   -1.832244456940002         -123.1515858875478          529.2023458742869          6907.316956660042         0.0009852864213217717     01 Jan 2026 13:30:24.056   -66.34361701627249         74.56683211665991           570.1706760346478          6930.388584676812         0.002758729288397116      01 Jan 2026 13:30:24.056   51.96329703601321          47.40302562662708           567.0803456250533          6931.990882200034         0.002355546356629361      
01 Jan 2026 13:31:16.813   -5.149658960574837         -123.8102957622951          529.3354318561906          6907.300794792589         0.000969895365874392      01 Jan 2026 13:31:16.813   -63.21217683103943         71.97337849708873           569.608617091355           6930.731661964791         0.002683298450170293      01 Jan 2026 13:31:16.813   55.17921563905198          45.96089489054261           567.9326061792117          6931.694181953359         0.002472200256317839      
01 Jan 2026 13:32:07.372   -8.328162795684694         -124.4457917127132          529.5858580886133          6907.276982978323         0.0009398192865216121     01 Jan 2026 13:32:07.372   -60.17970142617323         69.92645887857344           568.9746517869307          6931.046283199003         0.002597537602193312      01 Jan 2026 13:32:07.372   58.24583742024268          44.37952038729922           568.680410570244           6931.389028330002         0.002573664006963532      
01 Jan 2026 13:32:59.944   -11.63207295215835         -125.1139284901242          529.970547123331           6907.244067852844         0.0008930319959399986     01 Jan 2026 13:32:59.944   -57.00239793714654         68.12653623474785           568.2265273941612          6931.356258382271         0.002495598667366552      01 Jan 2026 13:32:59.944   61.41420889871365          42.46045383434158           569.3750682263553          6931.052663721489         0.002667034465865145      
01 Jan 2026 13:33:52.679   -14.94443741715803         -125.7948353463947          530.4788053985267          6907.203423992808         0.0008308296933512987     01 Jan 2026 13:33:52.679   -53.79649661380545         66.57098548391566           567.3962285547959          6931.647013380785         0.002381682185900127      01 Jan 2026 13:33:52.679   64.56455309089706          40.15218483982819           569.9761095438034          6930.698328762644         0.002746971640816812      
01 Jan 2026 13:34:43.295   -18.12167967275513         -126.4617814687282          531.0759010873235          6907.158114764773         0.0007575317045677323     01 Jan 2026 13:34:43.295   -50.70536857659427         65.25677596310697           566.5353022090276          6931.904641326045         0.002262823297049965      01 Jan 2026 13:34:43.295   67.55215857750902          37.43012884434727           570.4535234772238          6930.344656326447         0.002809703746239704      
01 Jan 2026 13:35:35.886   -21.42020440319947         -127.1724472299867          531.8019947480052          6907.105624925422         0.0006683360266921928     01 Jan 2026 13:35:35.886   -47.48187500470249         64.03514565056747           565.5867039854238          6932.147542194385         0.00213112974882883       01 Jan 2026 13:35:35.886   70.6017998128079           33.83767542893957           570.8377722342175          6929.965504321085         0.002859414187791881      
01 Jan 2026 13:36:28.660   -24.72700455807522         -127.9081787531652          532.6297664878084          6907.048743807905         0.0005668890046751734     01 Jan 2026 13:36:28.660   -44.2370822465999          62.92538997806133           564.5924300020451          6932.36336983491          0.00199246264418907       01 Jan 2026 13:36:28.660   73.57642253685952          29.04548823340948           571.1012777496262          6929.575409131317         0.002892651923344567      
01 Jan 2026 13:37:18.870   -27.86964523790349         -128.6339479293369          533.4999455415964          6906.992108379644         0.0004610740102219616     01 Jan 2026 13:37:18.870   -41.14199346893869         61.95583516444337           563.6194274276959          6932.540463582935         0.001856395710409272      01 Jan 2026 13:37:18.870   76.27674080344403          22.74217219122253           571.2326450309101          6929.197382994637         0.002908220194915107      
01 Jan 2026 13:38:11.083   -31.13342563213742         -129.421137177606           534.4793950294916          6906.932190278812         0.0003444792547752319     01 Jan 2026 13:38:11.083   -37.91640256234046         61.01975120805395           562.5925341093143          6932.693148975056         0.001712823065148849      01 Jan 2026 13:38:11.083   78.85041642152756          13.23771578169057           571.2411738603541          6928.799154386703         0.002907392523318705      
01 Jan 2026 13:39:03.783   -34.42269369404217         -130.2564579801784          535.5329471181049          6906.872407087372         0.000227481897209504      01 Jan 2026 13:39:03.783   -34.65434817229414         60.13575784725777           561.5537034489644          6932.812525600779         0.001568317972030064      01 Jan 2026 13:39:03.783   80.99862869737879          -1.278803990297375          571.1140026610001          6928.393807509308         0.002888731982437614      
01 Jan 2026 13:39:53.574   -37.5251856318223          -131.0913987199982          536.5764914934171          6906.818262565018         0.0001439895516943516     01 Jan 2026 13:39:53.574   -31.56717447875168         59.34663131307482           560.5820159511286          6932.891380219418         0.001434856175795541      01 Jan 2026 13:39:53.574   82.26693202057007          -21.0775799176842           570.8667880842831          6928.009280695135         0.002854618234910458      
01 Jan 2026 13:40:45.586   -40.75988303634454         -132.0214027092177          537.703765125716           6906.765952428121         0.0001647901153573465     01 Jan 2026 13:40:45.586   -28.3375501341838          58.56169789109713           559.5891958633738          6932.936780873323         0.00130187639853476       01 Jan 2026 13:40:45.586   82.38136019780328          -45.71052794242916          570.4763582463438          6927.607458722808         0.002802045801365387      
01 Jan 2026 13:41:38.284   -44.02978404706924         -133.0375423693193          538.8709426032574          6906.719317932443         0.0002794440332710284     01 Jan 2026 13:41:38.284   -25.06101330324515         57.80029216995218           558.6184361757851          6932.94262761857          0.001177850446257014      01 Jan 2026 13:41:38.284   81.19405819108592          -67.53266747416829          569.9442020126398          6927.201534443785         0.002731517007015261      
01 Jan 2026 13:42:28.112   -47.11369447290492         -134.0829053283879          539.9849012096602          6906.682914888574         0.0004115208252778656     01 Jan 2026 13:42:28.112   -21.95930940468439         57.1061428310836            557.7435241772855          6932.909693545813         0.001074810808649383      01 Jan 2026 13:42:28.112   79.24365106772838          -82.06213776263942          569.3170477099511          6926.819875013926         0.002649403614182626      
01 Jan 2026 13:43:20.521   -50.34742024820389         -135.2932444829121          541.1537991089881          6906.654565542595         0.0005573775162924606     01 Jan 2026 13:43:20.521   -18.69378098773429         56.3981734226457            556.8785850284585          6932.833610855376         0.0009864283853391008     01 Jan 2026 13:43:20.521   76.71369333719188          -92.26351674902216          568.5314899686091          6926.421651134076         0.00254767217620651       
01 Jan 2026 13:44:13.220   -53.58687625307655         -136.6555414056972          542.3124834618238          6906.638213175546         0.0007055022857138635     01 Jan 2026 13:44:13.220   -15.40725591239943         55.70473707276692           556.0755046914019          6932.713400592164         0.000923381799691349      01 Jan 2026 13:44:13.220   73.90299829010486          -99.22423474847403          567.6171003680884          6926.025276668242         0.002430569886110774      
01 Jan 2026 13:45:03.485   -56.66271698274971         -138.1297347237114          543.3893470228913          6906.63565720016          0.0008453081497911317     01 Jan 2026 13:45:03.485   -12.27025819916456         55.05695068966465           555.37968405022            6932.557371591069         0.0008910100140677274     01 Jan 2026 13:45:03.485   71.08084443190714          -103.9877611737713          566.63532406783            6925.651528895889         0.002306291679646645      
01 Jan 2026 13:45:55.896   -59.85151604232588         -139.9056675946489          544.4700167946703          6906.648194241019         0.0009874135476706958     01 Jan 2026 13:45:55.896   -8.997417221876377         54.39230077086319           554.7341236089387          6932.351411502            0.0008872065820199024     01 Jan 2026 13:45:55.896   68.04875986739893          -107.7284135668007          565.5059385880932          6925.266681773476         0.002165198376515347      
01 Jan 2026 13:46:48.562   -63.03127458920909         -142.0206217454891          545.5001482412081          6906.677973863957         0.001124611079145244      01 Jan 2026 13:46:48.562   -5.707082284954976         53.73233796210949           554.1735337954224          6932.100009213406         0.000911808648209596      01 Jan 2026 13:46:48.562   64.94201629871003          -110.6584160530977          564.2721492934725          6924.88514859473          0.002013524156784352      
01 Jan 2026 13:47:39.501   -66.07501672354499         -144.5022479934726          546.432117419904           6906.724486369271         0.001250426749039067      01 Jan 2026 13:47:39.501   -2.523599610648245         53.09873830829514           553.7196752156651          6931.814841519329         0.0009578239609980745     01 Jan 2026 13:47:39.501   61.89792871126669          -112.9523560973098          562.9950090961011          6924.52110679953          0.001859617941905012      
01 Jan 2026 13:48:32.032   -69.16760916106072         -147.7042663004304          547.3163362111445          6906.791867718223         0.001371669026354497      01 Jan 2026 13:48:32.032   0.7600365815087018         52.44739565337019           553.3456367882636          6931.478203641393         0.001022025804634782      01 Jan 2026 13:48:32.032   58.72954000841647          -114.9239536902648          561.6035082681174          6924.15069631492          0.001696261406413772      
01 Jan 2026 13:49:24.746   -72.20043803751136         -151.8945503393825          548.1154392852668          6906.880284764768         0.001483365835463135      01 Jan 2026 13:49:24.746   4.055299142636023          51.79308810730333           553.0678339459446          6931.098021016221         0.001097608133057803      01 Jan 2026 13:49:24.746   55.52773746890489          -116.6083791234351          560.1442568185412          6923.783856550285         0.001531104370934819      
01 Jan 2026 13:50:16.512   -75.06960090207374         -157.4938773156695          548.8058539187077          6906.988128880017         0.001582238821367804      01 Jan 2026 13:50:16.512   7.291132870222773          51.14708394276537           552.8901914768603          6930.684724578356         0.001177898306309005      01 Jan 2026 13:50:16.512   52.36643288830189          -118.0478878348722          558.6634629693772          6923.427979610518         0.001372044416155357      
01 Jan 2026 13:51:09.090   -77.79510349950851         -165.6300690411907          549.4042269009788          6907.119479709236         0.001670741238073131      01 Jan 2026 13:51:09.090   10.57707322854367          50.48454017967711           552.8048892865263          6930.226137953016         0.001261862072814602      01 Jan 2026 13:51:09.090   49.14162431512342          -119.3432903324163          557.1253913925102          6923.07048968969          0.001219348830904658      
01 Jan 2026 13:52:01.835   -80.17989471224577         -177.8943024528858          549.8944420946764          6907.273572255654         0.001746665998531726      01 Jan 2026 13:52:01.835   13.87231072558786          49.81030101870865           552.8127319371706          6929.728860545141         0.001345745551286089      01 Jan 2026 13:52:01.835   45.89495530391227          -120.5111666421592          555.5630283165838          6922.715345341697         0.001082648759026596      
01 Jan 2026 13:52:52.662   -81.85556638201589         164.4351026440644           550.2583632588758          6907.443183875667         0.001807073603992212      01 Jan 2026 13:52:52.662   17.04627118289464          49.14830575144025           552.9047394529107          6929.216598280343         0.001424340919630926      01 Jan 2026 13:52:52.662   42.7569839070313           -121.5377066659608          554.053516946502           6922.375852867645         0.0009754217852981538     
01 Jan 2026 13:53:45.132   -82.49248557224404         140.3737545728583           550.5195118459433          6907.639713936738         0.001855887495863638      01 Jan 2026 13:53:45.132   20.32082564108683          48.44867116762317           553.0811722890148          6928.656310955283         0.001501749753481334      01 Jan 2026 13:53:45.132   39.50933767184059          -122.5156901157183          552.5061399487422          6922.027618343705         0.0009001109689788641     
01 Jan 2026 13:54:37.862   -81.75748895724151         116.4883576286403           550.6633323401256          6907.858557961908         0.00189084107829954       01 Jan 2026 13:54:37.862   23.60904983735615          47.72477101358204           553.3349678525283          6928.063946920149         0.001574669434690272      01 Jan 2026 13:54:37.862   36.23827891525361          -123.4306713293043          550.9775483653439          6921.679341286099         0.0008690076060610396     
01 Jan 2026 13:55:28.203   -80.04057670131324         99.44894229228672           550.6897857013964          6908.086641723873         0.001910967629260616      01 Jan 2026 13:55:28.203   26.74554113363428          47.00970196725645           553.6413631903606          6927.473924735652         0.001639000252650852      01 Jan 2026 13:55:28.203   33.1093023194845           -124.2523596540487          549.5568946058029          6921.347868465713         0.0008828790679434217     
01 Jan 2026 13:56:20.600   -77.64362707223063         87.58240657287131           550.6038817650824          6908.342801488034         0.001918292839144602      01 Jan 2026 13:56:20.600   30.00667716204332          46.23512286135748           554.0180579335647          6926.837655758544         0.001699900772630503      01 Jan 2026 13:56:20.600   29.84699605665154          -125.0634079628611          548.1324703137916          6921.003421024617         0.0009365026963718132     
01 Jan 2026 13:57:13.321   -74.89723274508097         79.61149311214149           550.4037660747144          6908.618456822852         0.001911931687627834      01 Jan 2026 13:57:13.321   33.28383557619367          45.41785139581467           554.4467344221175          6926.178188962702         0.001754477054715461      01 Jan 2026 13:57:13.321   26.55948207028776          -125.8419961288816          546.7689744486388          6920.656975258916         0.001019503521528962      
01 Jan 2026 13:58:03.137   -72.13181201825388         74.30303958368246           550.1140488392375          6908.893921020714         0.001893683125170018      01 Jan 2026 13:58:03.137   36.37603579782512          44.60321817143926           554.8878677052344          6925.540694612483         0.001799514725188141      01 Jan 2026 13:58:03.137   23.4489888823997           -126.5492532840648          545.5569164916551          6920.329412299035         0.001113851441542098      
01 Jan 2026 13:58:55.408   -69.1247739476959          70.17280414180948           549.7105912944189          6909.196816887371         0.001862335686254486      01 Jan 2026 13:58:55.408   39.61524705606072          43.69459186192282           555.3777585375883          6924.860464212433         0.001839618530503768      01 Jan 2026 13:58:55.408   20.18150911675198          -127.2669975361606          544.376547596029           6919.985272396764         0.001220071591385626      
01 Jan 2026 13:59:48.087   -66.02490837360294         66.97566732890364           549.2080554604436          6909.51436636718          0.001818848043965318      01 Jan 2026 13:59:48.087   42.87344489809372          42.71060411806168           555.8880475495289          6924.167062119654         0.001872304701259609      01 Jan 2026 13:59:48.087   16.88505714338623          -127.969866706627           543.2926395564145          6919.637879993426         0.001327294039308105      
01 Jan 2026 14:00:38.119   -63.0376551836508          64.54399833089248           548.6493727971429          6909.825254744814         0.001767300442080887      01 Jan 2026 14:00:38.119   45.96092138796681          41.69793852276983           556.3772115582869          6923.504911849434         0.001895866286302668      01 Jan 2026 14:00:38.119   13.75163532498646          -128.6221929361141          542.370601693312           6919.307478791881         0.001424311341094644      
01 Jan 2026 14:01:30.481   -59.87940817033333         62.44103308438741           547.9888702163553          6910.157960108148         0.001703613199839051      01 Jan 2026 14:01:30.481   49.18365268769002          40.53664069439047           556.8824720297662          6922.812033483429         0.001912406927653059      01 Jan 2026 14:01:30.481   10.46993306510042          -129.2925899031005          541.5258928672501          6918.961404076809         0.001517046765493997      
01 Jan 2026 14:02:23.190   -56.67597201217261         60.65476779139899           547.2561167807253          6910.497854925265         0.001630519588527805      01 Jan 2026 14:02:23.190   52.41708012314064          39.23555972766536           557.3724768861748          6922.118686037066         0.001920340047181265      01 Jan 2026 14:02:23.190   7.164584453886473          -129.9580277926768          540.8069029148637          6918.613140374615         0.00159844132011202       
01 Jan 2026 14:03:13.440   -53.60470008840253         59.18149065602213           546.504672464027           6910.824014116122         0.001553515622136743      01 Jan 2026 14:03:13.440   55.48738166953269          37.83735309490248           557.8115426330824          6921.465251343149         0.001919444160215193      01 Jan 2026 14:03:13.440   4.012167214032829          -130.5865057195269          540.2493404725228          6918.281770363025         0.001662885737257462      
01 Jan 2026 14:04:05.825   -50.38868736464136         57.82723956208994           545.6779393065663          6911.163530706446         0.00146679241139067       01 Jan 2026 14:04:05.825   58.67215198411693          36.16600231342252           558.2293944419907          6920.795679101878         0.001909391193048155      01 Jan 2026 14:04:05.825   0.7248863024931921         -131.2383845316388          539.8048342186685          6917.937738412835         0.001714892749045592      
01 Jan 2026 14:04:58.523   -47.14159923944776         56.61015776184139           544.8141072886292          6911.501706132675         0.001374134154372819      01 Jan 2026 14:04:58.523   61.85453204639053          34.19145271211665           558.5982365707005          6920.137874079891         0.001889556336406026      01 Jan 2026 14:04:58.523   -2.582439939616594         -131.8935741164518          539.500862584945           6917.59409020876          0.00175047678034761       
01 Jan 2026 14:05:49.335   -44.00131645967928         55.54533456567528           543.9628822054083          6911.821848555283         0.001280811443561377      01 Jan 2026 14:05:49.335   64.89577199376299          31.9066726312238            558.8957103865278          6919.522044328897         0.001860902190232289      01 Jan 2026 14:05:49.335   -5.771384812470572         -132.5274564894259          539.3444251902165          6917.266164262495         0.001768197474915471      
01 Jan 2026 14:06:41.882   -40.7455744501766          54.53379670031571           543.0765434457735          6912.143981046698         0.001181371866520643      01 Jan 2026 14:06:41.882   68.00149709816449          28.98866216196837           559.1345649667601          6918.90763439433          0.0018211569510239        01 Jan 2026 14:06:41.882   -9.068738679911943         -133.1880289275065          539.3228144347213          6916.931916023624         0.001768989654165976      
01 Jan 2026 14:07:34.615   -37.47123472318147         53.59271776659359           542.1941034091051          6912.455258683381         0.001079744592832277      01 Jan 2026 14:07:34.615   71.05898867392054          25.22898599054691           559.2960547674957          6918.317310185294         0.0017707066215232        01 Jan 2026 14:07:34.615   -12.37662600198537         -133.8590955773157          539.4417792661352          6916.603042599894         0.001751741147553509      
01 Jan 2026 14:08:25.566   -34.30157774334641         52.74075029823818           541.3605448218123          6912.741982001357         0.0009808246908655734     01 Jan 2026 14:08:25.566   73.92595457463509          20.38834563692621           559.3712110886918          6917.774806284276         0.001711747991238086      01 Jan 2026 14:08:25.566   -15.57132170828451         -134.5183671469465          539.6865499275682          6916.293160809862         0.001718037449506149      
01 Jan 2026 14:09:18.163   -31.02422883886717         51.90966496785965           540.5321998002628          6913.020876300875         0.0008789130427407739     01 Jan 2026 14:09:18.163   76.73657235455038          13.40279439955582           559.3599459201678          6917.2462722866           0.001640270040418088      01 Jan 2026 14:09:18.163   -18.86719803865784         -135.2136365789358          540.0674172580557          6915.983262819251         0.001666050776546723      
01 Jan 2026 14:10:10.919   -27.73222889533422         51.11666051422942           539.7463678747426          6913.280640321917         0.0007777367880316467     01 Jan 2026 14:10:10.919   79.28534039250076          3.04776762667586            559.2537052970483          6916.750802120013         0.001557747126575551      01 Jan 2026 14:10:10.919   -22.17047667698803         -135.9300136427159          540.5730336990609          6915.684676286583         0.001596957879501405      
01 Jan 2026 14:11:01.081   -24.59821999016232         50.39366964214412           539.0516637055489          6913.506890002345         0.000683131810072311      01 Jan 2026 14:11:01.081   81.23988794485419          -11.7605057150967           559.0618089119907          6916.313945052095         0.001469321486552156      01 Jan 2026 14:11:01.081   -25.30848961141277         -136.6330459254254          541.1606957050271          6915.414157303208         0.0015162538844191        
01 Jan 2026 14:11:53.592   -21.31405100181894         49.66343594713871           538.3896153548358          6913.719960964739         0.0005862523771834774     01 Jan 2026 14:11:53.592   82.39582842727771          -33.73765380612635          558.7645869658172          6915.894262670743         0.001366570326465971      01 Jan 2026 14:11:53.592   -28.58982205476434         -137.3969476811928          541.878075309045           6915.147159983108         0.001417042831900474      
01 Jan 2026 14:12:46.359   -18.01078853181941         48.95196671450847           537.8011749270381          6913.907626520378         0.0004914321233111491     01 Jan 2026 14:12:46.359   82.22940816334859          -58.76815580552023          558.366607248412           6915.512876021509         0.001253164273553742      01 Jan 2026 14:12:46.359   -31.88290627903168         -138.1996466727942          542.6934875358829          6914.897880406027         0.001303303867411903      
01 Jan 2026 14:13:36.278   -14.88345100230274         48.29545976698327           537.3233177219417          6914.059172540426         0.0004041890027419256     01 Jan 2026 14:13:36.278   80.90546464559007          -78.39117894749687          557.8997645808422          6915.190456504831         0.001136943088480292      01 Jan 2026 14:13:36.278   -34.99369876837869         -138.9983024786387          543.541338291705           6914.681816109128         0.001183920408039108      
01 Jan 2026 14:14:28.707   -11.59681351118283         47.61955028027035           536.911046957116           6914.189715293871         0.0003151200376135694     01 Jan 2026 14:14:28.707   78.72987598717334          -92.58926471037431          557.3176128350533          6914.892885958088         0.001006101577146813      01 Jan 2026 14:14:28.707   -38.25546138687093         -139.8871140936352          544.4998517201802          6914.477904874728         0.001047548415631445      
01 Jan 2026 14:15:21.489   -8.286455616011077         46.94972855197797           536.594775520959           6914.290315035065         0.0002280702032586448     01 Jan 2026 14:15:21.489   76.09965634152771          -102.0197863335739          556.6407805519193          6914.63639139129          0.0008660315814722987     01 Jan 2026 14:15:21.489   -41.53262057375499         -140.8450608154183          545.5221841459042          6914.298853198226         0.0009004019616652198     
01 Jan 2026 14:16:11.407   -5.154634643092636         46.32313402462559           536.391123723497           6914.356155968849         0.0001485730312079533     01 Jan 2026 14:16:11.407   73.39289605427355          -108.1718059707617          555.922077464098           6914.433813058988         0.0007266507158037197     01 Jan 2026 14:16:11.407   -44.62498409257279         -141.8226520272592          546.5296125817185          6914.155920111006         0.0007536296924437652     
01 Jan 2026 14:17:03.779   -1.868193476113757         45.67006190599217           536.2802598505914          6914.394011347186         7.256926355795191e-05     01 Jan 2026 14:17:03.779   70.42137303041184          -112.8589634548887          555.0926270400596          6914.263004577562         0.0005741552841918877     01 Jan 2026 14:17:03.779   -47.86080830923571         -142.9410518995467          547.6157596873618          6914.035771803654         0.0005933705592084837     
01 Jan 2026 14:17:56.523   1.441844706834642          45.0139654761877            536.2766304606275          6914.399497499239         5.502234187163799e-05     01 Jan 2026 14:17:56.523   67.34455297957831          -116.4183591545876          554.1874152287019          6914.133778835852         0.0004152173231084967     01 Jan 2026 14:17:56.523   -51.10913679819816         -144.18775931928            548.7261325768568          6913.947816951022         0.0004274665805143102     
01 Jan 2026 14:18:46.759   4.59429931062654           44.38793970560177           536.3740727796103          6914.374242805013         0.000121028577079261      01 Jan 2026 14:18:46.759   64.36251847303835          -119.0920092248231          553.2687720201084          6914.049988923491         0.0002600370651226077     01 Jan 2026 14:18:46.759   -54.19119043453818         -145.5179669894711          549.7863951896315          6913.896811071333         0.0002679329210691986     
01 Jan 2026 14:19:39.181   7.883377768528951          43.73071274026911           536.5793300464293          6914.316448150633         0.0002039647489408527     01 Jan 2026 14:19:39.181   61.21350447169852          -121.3684178010959          552.2614730368414          6914.002479486835         9.598315410493727e-05     01 Jan 2026 14:19:39.181   -57.39224668490578         -147.0981955223146          550.8826599553158          6913.879522182809         0.0001101264539038277     
01 Jan 2026 14:20:31.886   11.18901669022488          43.06293804752472           536.8893631055653          6914.226549083428         0.0002914391036333481     01 Jan 2026 14:20:31.886   58.01979457308776          -123.2792787404976          551.2099834059518          6913.994583983057         7.44361653306647e-05      01 Jan 2026 14:20:31.886   -60.59061646995111         -148.9480198933289          551.9614615529626          6913.900852727842         0.0001074992062357031     
01 Jan 2026 14:21:22.604   14.36857435211193          42.41070927863905           537.2816502956903          6914.110761578831         0.000378485429801148      01 Jan 2026 14:21:22.604   54.92661800461033          -124.8553956963725          550.1729054332445          6914.023323308834         0.0002341914952027433     01 Jan 2026 14:21:22.604   -63.64369990657724         -151.0625073896929          552.9658234593016          6913.959447093484         0.0002584290035805222     
01 Jan 2026 14:22:15.102   17.65776792375621          41.72229104233558           537.779006746815           6913.961793302616         0.0004714414152730886     01 Jan 2026 14:22:15.102   51.70884093467217          -126.2823633262206          549.0858743844574          6914.088939125014         0.0003990852815370375     01 Jan 2026 14:22:15.102   -66.76905708628509         -153.7324314587017          553.9592336846781          6914.06064859004          0.0004232042906364171     
01 Jan 2026 14:23:07.875   20.96163918246024          41.01282771757245           538.3653170012749          6913.783626004256         0.00056775294260652       01 Jan 2026 14:23:07.875   48.46105001031627          -127.5554351585621          547.9925972120127          6914.189761946997         0.0005618711287686798     01 Jan 2026 14:23:07.875   -69.85953670919947         -157.1280697844711          554.8997521567371          6914.204935771149         0.0005866455396211824     
01 Jan 2026 14:23:58.269   24.11375657208999          40.31497923164604           538.9980844902757          6913.588466739188         0.000662239709861179      01 Jan 2026 14:23:58.269   45.34950501720706          -128.6528348029747          546.9608174356499          6914.316729242863         0.0007129678845724171     01 Jan 2026 14:23:58.269   -72.7385331086066          -161.3685684542698          555.7344657737867          6914.383191220733         0.0007382353351330598     
01 Jan 2026 14:24:50.480   27.37617056025647          39.56616928481491           539.7195469059934          6913.362327758151         0.0007623880525053235     01 Jan 2026 14:24:50.480   42.11693537751079          -129.6928846499334          545.9176525814501          6914.477775200338         0.0008634829011048203     01 Jan 2026 14:24:50.480   -75.60231693225923         -167.3709918937786          556.5257343456906          6914.609948166414         0.0008891874365179862     
01 Jan 2026 14:25:43.213   30.66715373625025          38.77739018503834           540.5057469699932          6913.111314120854         0.0008653348117335675     01 Jan 2026 14:25:43.213   38.84429567335851          -130.6627234188625          544.9043889833974          6914.668604862842         0.001007710121518775      01 Jan 2026 14:25:43.213   -78.28338592472359         -176.1419894494826          557.2416715307127          6914.882491982388         0.001034151699222585      
01 Jan 2026 14:26:33.078   33.77482653791682          37.99506658145388           541.2918976025885          6912.855172218693         0.0009636991214432144     01 Jan 2026 14:26:33.078   35.74350235632911          -131.5192312429494          543.9959147938398          6914.872911279843         0.001135491891415659      01 Jan 2026 14:26:33.078   -80.46178899595883         171.4732220996994           557.8362011303825          6915.180193645752         0.001163389670174496      
01 Jan 2026 14:27:24.970   37.00379647774727          37.1352708613875            542.1426795041389          6912.571569365894         0.001066306927201444      01 Jan 2026 14:27:24.970   32.51109942485172          -132.3593617464726          543.1141644887139          6915.107852051799         0.001258216754600241      01 Jan 2026 14:27:24.970   -82.04282169737691         152.4783983490874           558.3654038062386          6915.530691821553         0.001289010029364428      
01 Jan 2026 14:28:17.674   40.27722344322806          36.20398199453145           543.0284315621075          6912.268310019294         0.001169805984521807      01 Jan 2026 14:28:17.674   29.22311534024031          -133.1686433984006          542.2974713911299          6915.367364428765         0.001370804892903751      01 Jan 2026 14:28:17.674   -82.4744410168787          127.8286684096297           558.8062552312704          6915.928214755092         0.001406669254594112      
01 Jan 2026 14:29:07.441   43.36177904549005          35.25888456009985           543.8730396564561          6911.970347230113         0.00126588867234079       01 Jan 2026 14:29:07.441   26.11434434317007          -133.8992772387376          541.6100323816436          6915.629527197837         0.001464808616885111      01 Jan 2026 14:29:07.441   -81.62611913351785         105.8308576303985           559.1314891446809          6916.340838132791         0.001508106038668248      
01 Jan 2026 14:29:59.806   46.59954558255985          34.17937171303024           544.7577615577193          6911.64733258505          0.001364146975084553      01 Jan 2026 14:29:59.806   22.83960976244583          -134.639108475261           540.9850263912076          6915.9210332184           0.001549713319072858      01 Jan 2026 14:29:59.806   -79.74945106245588         88.90762114575305           559.3778540782341          6916.812518580522         0.001604327982387465      
01 Jan 2026 14:30:52.593   49.85380511422514          32.98099596809578           545.6323757878972          6911.314684254939         0.001459042976441334      01 Jan 2026 14:30:52.593   19.53527491668421          -135.3602950607458          540.4669076053078          6916.228823487787         0.001619768195876635      01 Jan 2026 14:30:52.593   -77.27773524483739         77.6401759106585            559.5277798522402          6917.324986700055         0.00169015722801006       
01 Jan 2026 14:31:42.822   52.93960222748516          31.71088711307928           546.4364369455443          6910.994255120752         0.001544318654877941      01 Jan 2026 14:31:42.822   16.38860656983017          -136.027953019848           540.086379147655           6916.532610841311         0.001671166096038002      01 Jan 2026 14:31:42.822   -74.63829985782986         70.39427979564317           559.5809757813422          6917.844984294184         0.001761286277190847      
01 Jan 2026 14:32:35.345   56.15266173653913          30.20879641616846           547.2355663884073          6910.65786120281          0.001627056969597278      01 Jan 2026 14:32:35.345   13.09607151717618          -136.7107161684768          539.8130093313739          6916.859611253376         0.001708357464959078      01 Jan 2026 14:32:35.345   -71.71151905098428         65.01679619951004           559.5470131840202          6918.420005250156         0.001824645367007067      
01 Jan 2026 14:33:28.098   59.36195431607304          28.46571648039793           547.9831618695052          6910.321410597769         0.001702331831813416      01 Jan 2026 14:33:28.098   9.787507052758723          -137.3842451416655          539.6726246271628          6917.195671641713         0.001728223849012652      01 Jan 2026 14:33:28.098   -68.66954909792312         61.02502555007105           559.4258537007372          6919.026859988494         0.00187701358540086       
01 Jan 2026 14:34:18.779   62.42330147962296          26.49467135258237           548.6385739559555          6910.002063164799         0.001766170424314191      01 Jan 2026 14:34:18.779   6.607857796658696          -138.0229014320574          539.6686852574321          6917.524011512997         0.001730586451233536      01 Jan 2026 14:34:18.779   -65.68568926373311         58.05200671597593           559.2333161488705          6919.634605906402         0.001916837633716574      
01 Jan 2026 14:35:11.289   65.56471107410742          24.03054862623008           549.2422869467673          6909.677726344913         0.001822491008910603      01 Jan 2026 14:35:11.289   3.312771160107108          -138.678918535388           539.8028156534792          6917.868266295094         0.001715766896303304      01 Jan 2026 14:35:11.289   -62.55134051673066         55.57463579944971           558.9624704766657          6920.286593328239         0.001947483507159083      
01 Jan 2026 14:36:04.068   68.67820441221204          20.93817235317403           549.7620592217381          6909.360885398673         0.001868033263914905      01 Jan 2026 14:36:04.068   0.0006331258581142275      -139.3353731094982          540.0806866363437          6918.216986633785         0.00168346027351773       01 Jan 2026 14:36:04.068   -59.36988770458656         53.51949982956078           558.6256281327533          6920.961231524821         0.001967685070968541      
01 Jan 2026 14:36:55.688   71.65998754826079          17.03013166333021           550.1775593562652          6909.062114599618         0.001900982246951344      01 Jan 2026 14:36:55.688   -3.238425610533864         -139.977344430878           540.4908368637771          6918.559428527056         0.001635575848737986      01 Jan 2026 14:36:55.688   -56.23616261430885         51.81507865116534           558.242781632026           6921.636130313199         0.001977481931402233      
01 Jan 2026 14:37:48.330   74.59929978771456          11.65284981525559           550.499307302086           6908.770822533187         0.001922027654744754      01 Jan 2026 14:37:48.330   -6.54082474179372          -140.634791934577           541.048027089746           6918.90900065256          0.001571130857290842      01 Jan 2026 14:37:48.330   -53.02314317439046         50.30861799697271           557.8081700589264          6922.335896572935         0.001977682406620363      
01 Jan 2026 14:38:41.082   77.37134849094647          3.985295615882445           550.7122346389451          6908.494383400303         0.00192978338777246       01 Jan 2026 14:38:41.082   -9.848819982559823         -141.2993462191483          541.7433778491877          6919.258790651073         0.001492175898778985      01 Jan 2026 14:38:41.082   -49.78965678277103         48.97788750961063           557.3388699595407          6923.044757924384         0.001968341415951734      
01 Jan 2026 14:39:32.197   79.7587401948922           -7.03883488732323           550.8094275665408          6908.242874474775         0.001924128663167004      01 Jan 2026 14:39:32.197   -13.05236368476558         -141.9516704867515          542.5428606781761          6919.596598420553         0.001403855863082619      01 Jan 2026 14:39:32.197   -46.64597154097707         47.821242647386             556.8627895159698          6923.734996121507         0.001950543067036731      
01 Jan 2026 14:40:24.681   81.63381973956191          -24.07765564515286          550.7942192972632          6908.002737546884         0.001904548303537397      01 Jan 2026 14:40:24.681   -16.33955664462246         -142.6333288662912          543.4858105894209          6919.941869664388         0.001303756973161366      01 Jan 2026 14:40:24.681   -43.40901041266036         46.74099849977405           556.3635326467092          6924.443189092519         0.001923681796299213      
01 Jan 2026 14:41:17.449   82.48108187196317          -47.58090669546868          550.6596389431179          6907.78095285815          0.001870672380217844      01 Jan 2026 14:41:17.449   -19.64171955513719         -143.3344058411842          544.5501502064772          6920.287114599144         0.001197305932635126      01 Jan 2026 14:41:17.449   -40.14683928568469         45.74274643319843           555.8627912651882          6925.150530646413         0.001888285060845196      
01 Jan 2026 14:42:07.808   82.00591910149328          -71.03801411589616          550.4193860227087          6907.588490666984         0.001825126391037724      01 Jan 2026 14:42:07.808   -22.78998195976729         -144.0219787472857          545.6655821991289          6920.614745125957         0.001095198693833116      01 Jan 2026 14:42:07.808   -37.02750573872704         44.85656435003352           555.3970520992316          6925.817394678838         0.00184701383629178       
01 Jan 2026 14:43:00.087   80.38487057074033          -89.98162663317227          550.0556170232048          6907.4091026156           0.001764409980204865      01 Jan 2026 14:43:00.087   -26.05465602988187         -144.7594094703152          546.9160594938794          6920.953048497471         0.000995735679445299      01 Jan 2026 14:43:00.087   -33.78370589120874         43.99264466287828           554.9372371369591          6926.497402385921         0.001796802700075513      
01 Jan 2026 14:43:52.784   78.05104730366965          -102.7584127252469          549.5737770220576          6907.249661336186         0.001689765343552829      01 Jan 2026 14:43:52.784   -29.34110488568984         -145.5325124816442          548.2599578593999          6921.292411715907         0.0009121053384345431     01 Jan 2026 14:43:52.784   -30.50907618725174         43.16927658321867           554.5092976074029          6927.166305624291         0.001739006607229267      
01 Jan 2026 14:44:42.671   75.49566385005562          -110.8583698586019          549.0149758246125          6907.118569196281         0.001607200197205396      01 Jan 2026 14:44:42.671   -32.44769413798126         -146.297834362621           549.5974562155288          6921.612486675914         0.0008595170091009831     01 Jan 2026 14:44:42.671   -27.40521473189989         42.42599996160923           554.146858018973           6927.780777422057         0.001678070139742355      
01 Jan 2026 14:45:34.942   72.62033078121215          -116.8011023445169          548.3277570392065          6907.00173336301          0.001508987901191167      01 Jan 2026 14:45:34.942   -35.69741224848769         -147.1420987483958          551.0538504383994          6921.947082875324         0.0008436050422519475     01 Jan 2026 14:45:34.942   -24.14947177847856         41.67829640871322           553.8211703856923          6928.40161860576          0.001608244480300549      
01 Jan 2026 14:46:27.664   69.59996928344741          -121.1681382695355          547.5361798349895          6906.904723032872         0.001398709215135281      01 Jan 2026 14:46:27.664   -38.96882402752456         -148.0470213457376          552.5654899139136          6922.284317749909         0.0008749111381845361     01 Jan 2026 14:46:27.664   -20.86258062323924         40.95063787199217           553.557804397773           6929.0005908172           0.001532285168182476      
01 Jan 2026 14:47:17.501   66.67531285910495          -124.333747521238           546.7046575799286          6906.831630584979         0.001285085189657124      01 Jan 2026 14:47:17.501   -42.05460514200617         -148.9625977245454          554.0202443386534          6922.603452495811         0.0009466043517648639     01 Jan 2026 14:47:17.501   -17.75315928003            40.2827277669               553.3764779752             6929.538742400507         0.001456158410261209      
01 Jan 2026 14:48:09.887   63.5524909437547           -126.9863163914642          545.7525324249718          6906.773423046507         0.001156993369488585      01 Jan 2026 14:48:09.887   -45.29028383339291         -150.0025173104495          555.5619538048722          6922.939927303451         0.001057783449747484      01 Jan 2026 14:48:09.887   -14.48265348484908         39.5974272990151            553.2635311585609          6930.072221021443         0.001372694236956925      
01 Jan 2026 14:49:02.529   60.37916815637361          -129.1662352919774          544.7256947177757          6906.733051243244         0.001020690602448085      01 Jan 2026 14:49:02.529   -48.53226827700214         -151.1468425104543          557.1090612182388          6923.27977581933          0.001195839552393406      01 Jan 2026 14:49:02.529   -11.19453393941721         38.92235861693482           553.2360245454101          6930.572420793912         0.001286778006450671      
01 Jan 2026 14:49:52.523   57.34142468044514          -130.9122629891391          543.696151640469           6906.71032661005          0.000885590079579347      01 Jan 2026 14:49:52.523   -51.60083766528015         -152.3493429526565          558.5624424774824          6923.604761084926         0.001342514390573375      01 Jan 2026 14:49:52.523   -8.070674063253334         38.29071271297826           553.2939279089187          6931.011970853911         0.001205185422307585      
01 Jan 2026 14:50:44.933   54.13770420769266          -132.4914967008458          542.5719809432239          6906.701424063839         0.0007396562605945137     01 Jan 2026 14:50:44.933   -54.80467856683573         -153.7641436903299          560.0550703986428          6923.948397801451         0.001505211493283509      01 Jan 2026 14:50:44.933   -4.795117934160964         37.63543915017382           553.4456050403924          6931.433639870591         0.001122351007476709      
01 Jan 2026 14:51:37.604   50.90237969772861          -133.882064581801           541.4089489775679          6906.706265764986         0.0005904449590677162     01 Jan 2026 14:51:37.604   -58.0079787490247          -155.3921695842336          561.5088228884306          6924.297359989606         0.001672144168188336      01 Jan 2026 14:51:37.604   -1.502889110715486         36.9810874612344            553.6936170291565          6931.815322580163         0.0010456145158583        
01 Jan 2026 14:52:28.144   47.78604419546649          -135.0731804608816          540.2744531660892          6906.722289262773         0.0004470921459013675     01 Jan 2026 14:52:28.144   -61.06188007465992         -157.2115742578237          562.8470456563591          6924.636062253376         0.001831309083248372      01 Jan 2026 14:52:28.144   1.656010188276707          36.35450531610217           554.0219639012666          6932.140544904334         0.0009826567158279799     
01 Jan 2026 14:53:20.502   44.54743711722502          -136.1908424062445          539.0936070202506          6906.748885496791         0.0003020582647521757     01 Jan 2026 14:53:20.502   -64.19873177479437         -159.4570509561478          564.1620767252816          6924.991294873081         0.00199168703257229       01 Jan 2026 14:53:20.502   4.927945320056947          35.70401667956103           554.4543073253817          6932.434034260177         0.0009340832150853465     
01 Jan 2026 14:54:13.144   41.28229538317562          -137.2194469128238          537.9147209397297          6906.784025772366         0.0001703383465369292     01 Jan 2026 14:54:13.144   -67.31495933842072         -162.2323188112594          565.3989359181041          6925.353172045098         0.002145428568905297      01 Jan 2026 14:54:13.144   8.216727994714443          35.04575015354927           554.9809438080238          6932.683813270327         0.000908384733656591      
01 Jan 2026 14:55:04.283   38.10309964779186          -138.1450639594574          536.7911637270199          6906.824408778608         0.0001104192611077118     01 Jan 2026 14:55:04.283   -70.29015154577662         -165.6484593501397          566.5077651758211          6925.709321597305         0.002285264926132243      01 Jan 2026 14:55:04.283   11.41020304823505          34.39940319371802           555.5768674663532          6932.88254687749          0.0009104552580874331     
01 Jan 2026 14:55:56.805   34.83143076778551          -139.034336287608           535.6732226999893          6906.87042466647          0.0001902850358755496     01 Jan 2026 14:55:56.805   -73.26471552203026         -170.2727653439055          567.5415659326563          6926.079752271212         0.002417149189292668      01 Jan 2026 14:55:56.805   14.68818981807514          33.72543854361377           556.2699703779945          6933.041522827652         0.0009426472670355739     
01 Jan 2026 14:56:49.492   31.54366450061991          -139.8752912890002          534.6020763002425          6906.919336972516         0.0003115737585277638     01 Jan 2026 14:56:49.492   -76.11482656621079         -176.7060944581052          568.4628815375636          6926.45582234389          0.002535826486161493      01 Jan 2026 14:56:49.492   17.97419161828412          33.03560844304048           557.0408988853178          6933.155293435839         0.001004510702823695      
01 Jan 2026 14:57:39.933   28.39125430150989          -140.6409819519916          533.6360657975465          6906.967051570849         0.0004284703341121549     01 Jan 2026 14:57:39.933   -78.62591792817538         174.3844463839054           569.229323288263           6926.819634582685         0.002635366752592072      01 Jan 2026 14:57:39.933   21.11756110973319          32.35873193901109           557.8423495375619          6933.221845492725         0.001087959970627541      
01 Jan 2026 14:58:32.424   25.10645112398622          -141.4040854311988          532.7046405203946          6907.015947697567         0.0005434245454575374     01 Jan 2026 14:58:32.424   -80.82182100456664         160.4731935098385           569.9009520271165          6927.201499489019         0.002723242014358427      01 Jan 2026 14:58:32.424   24.38548891230348          31.63309355646676           558.7331638407632          6933.247933687101         0.001194996598732095      
01 Jan 2026 14:59:25.153   21.80292910739465          -142.1422347967118          531.8563071248991          6907.062675205942         0.000649037082126313      01 Jan 2026 14:59:25.153   -82.23359898988852         139.9539251640648           570.4417411923605          6927.587583672033         0.002794520322502588      01 Jan 2026 14:59:25.153   27.66448537774206          30.87736881080379           559.6760386748556          6933.230964669711         0.001318045483413475      
01 Jan 2026 15:00:15.090   18.67124493017663          -142.8198847430679          531.1432142321582          6907.10335787536          0.0007382414441478096     01 Jan 2026 15:00:15.090   -82.42142479434293         116.3347038598391           570.827387546512           6927.954538313875         0.002845743219598739      01 Jan 2026 15:00:15.090   30.76596465805499          30.13150930098015           560.6030758164961          6933.17630235357          0.0014445884546825        
01 Jan 2026 15:01:07.607   15.37503594592737          -143.5144325980869          530.4970757138117          6907.141116245189         0.0008193660838444309     01 Jan 2026 15:01:07.607   -81.33119567635887         94.11674565445863           571.0987410052139          6928.340588150504         0.002882141998497953      01 Jan 2026 15:01:07.607   34.02303370797246          29.30871873337934           561.6022427460202          6933.079922511012         0.001584262879592565      
01 Jan 2026 15:02:00.323   12.06406478327407          -144.1968738041834          529.963501581482           6907.172693409096         0.0008866174856355918     01 Jan 2026 15:02:00.323   -79.30816427853121         78.39367358585275           571.2327981849203          6928.726755524483         0.002900493798260281      01 Jan 2026 15:02:00.323   37.28697169803882          28.43475800805819           562.6176822291527          6932.94496058014          0.001727839339848696      
01 Jan 2026 15:02:50.349   8.920345813065804          -144.8341213030853          529.5698361919376          6907.195918903982         0.0009364857284761669     01 Jan 2026 15:02:50.349   -76.91164451172992         68.46399625052668           571.2333193045597          6929.090426422322         0.002901098453618366      01 Jan 2026 15:02:50.349   40.37864345919662          27.55116795599751           563.58091839385            6932.783399865106         0.001864489831072007      
01 Jan 2026 15:03:42.841   5.620419088300605          -145.495042231972           529.2797267418309          6907.212510910736         0.0009735499335984411     01 Jan 2026 15:03:42.841   -74.12965510571148         61.34059978053101           571.1042081625783          6929.467294413262         0.002884372824913796      01 Jan 2026 15:03:42.841   43.61579468306319          26.55450978314379           564.5784208879304          6932.580998983648         0.002005802207093985      
01 Jan 2026 15:04:35.518   2.308023093821184          -146.1533476859142          529.1187409601926          6907.220631930857         0.0009945597080390966     01 Jan 2026 15:04:35.518   -71.18218498914599         56.26129362001831           570.8457028768462          6929.838607502278         0.002850163439417058      01 Jan 2026 15:04:35.518   46.85615557067876          25.46595761887851           565.5525913852725          6932.346422073767         0.002143202430344205      
01 Jan 2026 15:05:25.579   -0.8402319726586516        -146.7770559990742          529.0884175610072          6907.220155201421         0.0009992433848171171     01 Jan 2026 15:05:25.579   -68.29373047384094         52.63860746907256           570.4858252261738          6930.183081362732         0.002802065152527118      01 Jan 2026 15:05:25.579   49.92668131966223          24.32911869457459           566.4412270230187          6932.096600028074         0.002267778997911743      
01 Jan 2026 15:06:18.022   -4.138120588029783         -147.431186038105           529.1852104180516          6907.211028729754         0.0009881029893592126     01 Jan 2026 15:06:18.022   -65.20895326529576         49.66844126095913           569.9964827450685          6930.53293150201          0.002736178485160024      01 Jan 2026 15:06:18.022   53.13208535135136          23.00304753859519           567.3207406255906          6931.809286590865         0.00239019880819495       
01 Jan 2026 15:07:10.764   -7.454238095008568         -148.092688885159           529.4139539769976          6907.193117851841         0.0009604656027278682     01 Jan 2026 15:07:10.764   -62.06499880936239         47.26318486129011           569.3968772408352          6930.871010940343         0.002654907773206851      01 Jan 2026 15:07:10.764   56.34167306261244          21.49028713483078           568.1396977186241          6931.496536236948         0.002503273831795541      
01 Jan 2026 15:08:01.319   -10.63175659939538         -148.7329595967992          529.7541764233038          6907.168110114852         0.0009188172969907777     01 Jan 2026 15:08:01.319   -59.02348471217401         45.34510011172128           568.7300325767765          6931.179754164792         0.002563968288288922      01 Jan 2026 15:08:01.319   59.40138285694276          19.81961123449394           568.8516425805392          6931.17686607458          0.00260074116245079       
01 Jan 2026 15:08:53.987   -13.94061096082836         -149.4095485846801          530.230175362617           6907.134516135518         0.0008601757280277544     01 Jan 2026 15:08:53.987   -55.83303576391606         43.64107439207751           567.9498142272223          6931.482963476039         0.002456936428986423      01 Jan 2026 15:08:53.987   62.56642087185749          17.77129006433235           569.5062538532447          6930.825718433391         0.002689546079796626      
01 Jan 2026 15:09:46.729   -17.25203516568322         -150.1002561785794          530.8251231033983          6907.094021669973         0.0007866099190181722     01 Jan 2026 15:09:46.729   -52.62090324438208         42.16017686895993           567.0925923922277          6931.765143873254         0.002338655340714138      01 Jan 2026 15:09:46.729   65.70468392352083          15.28669389932217           570.0622679372109          6930.458182467624         0.002764201778974914      
01 Jan 2026 15:10:37.275   -20.42311073584076         -150.7781056625793          531.4993642016134          6907.049778950144         0.0007030930126613878     01 Jan 2026 15:10:37.275   -49.52967214217955         40.90309767565157           566.2112724151029          6932.012990125194         0.002216398527843594      01 Jan 2026 15:10:37.275   68.6709943521065           12.32751981439669           570.4928166342625          6930.093430998563         0.002821324586868101      
01 Jan 2026 15:11:29.761   -23.71292641778973         -151.5026109509731          532.2987490677506          6906.999432289856         0.0006041058045122455     01 Jan 2026 15:11:29.761   -46.30881105039397         39.7288016085971            565.2465900418165          6932.244472917173         0.00208195210802697       01 Jan 2026 15:11:29.761   71.68804335617578          8.371669513058814           570.8258692182326          6929.704099054487         0.00286481165212719       
01 Jan 2026 15:12:22.528   -27.01673430858974         -152.2571017720361          533.1943570864141          6906.945724933906         0.0004936390915192455     01 Jan 2026 15:12:22.528   -43.06127515858761         38.65488444819379           564.2390290857811          6932.448118489001         0.001941031984150711      01 Jan 2026 15:12:22.528   74.61954024712715          2.997715815379123           571.0365683420523          6929.304165733098         0.002891540601294104      
01 Jan 2026 15:13:12.581   -30.14680500614263         -153.0023186498215          534.1188940470092          6906.893379317777         0.0003809507733307309     01 Jan 2026 15:13:12.581   -39.97324148055696         37.71552699220735           563.2606754671824          6932.612123054082         0.001804004572068615      01 Jan 2026 15:13:12.581   77.2430038105601           -4.173869294226137          571.1161311195046          6928.918943608513         0.002900643093342621      
01 Jan 2026 15:14:04.776   -33.40610400386905         -153.8165860960961          535.1492303785399          6906.838985055411         0.0002598910163829285     01 Jan 2026 15:14:04.776   -36.74646368294297         36.8027565603213            562.229896533484           6932.75069907072          0.001659927364001259      01 Jan 2026 15:14:04.776   79.68699126531446          -15.18334362164279          571.0702421687438          6928.513148157659         0.002892943290994586      
01 Jan 2026 15:14:57.481   -36.69190726238405         -154.6856349325804          536.2456671591353          6906.786056467844         0.0001509069416017352     01 Jan 2026 15:14:57.481   -33.48197027580003         35.93759182453682           561.1912114932402          6932.854899415729         0.001515889461667113      01 Jan 2026 15:14:57.481   81.58906556635547          -31.98675381732647          570.8876216972312          6928.100989674546         0.002867207682369491      
01 Jan 2026 15:15:47.162   -39.78336104717051         -155.557193147678           537.3185219099969          6906.73972852245          0.0001309175257073971     01 Jan 2026 15:15:47.162   -30.39995112198432         35.16487185337148           560.2260059174387          6932.91844696208          0.001384301080483434      01 Jan 2026 15:15:47.162   82.46437855937715          -53.74232306660649          570.5889051282475          6927.711844141968         0.002826476007302628      
01 Jan 2026 15:16:39.097   -43.00836506790154         -156.5348176710077          538.4679211497169          6906.696822783288         0.0002313957883572343     01 Jan 2026 15:16:39.097   -27.17348339454839         34.39367719517078           559.2431725894139          6932.947234124616         0.001254541116151441      01 Jan 2026 15:16:39.097   82.09153285382963          -78.05128581380266          570.1455016811951          6927.30577829351          0.00276705745619281       
01 Jan 2026 15:17:31.789   -46.27208309651856         -157.6123062029884          539.6492898210336          6906.660993063251         0.0003706245321331214     01 Jan 2026 15:17:31.789   -23.89588822470745         33.64280275368912           558.2851365318211          6932.935586833699         0.001135325032880606      01 Jan 2026 15:17:31.789   80.5314373355868           -97.55263650814518          569.5604111016555          6926.895868806094         0.002689668988093934      
01 Jan 2026 15:18:21.608   -49.34889548682774         -158.729782026017           540.7674493541308          6906.636026633893         0.0005106062709564764     01 Jan 2026 15:18:21.608   -20.79364315898781         32.95688075446355           557.42575589223            6932.885534955998         0.001038716147133878      01 Jan 2026 15:18:21.608   78.38100036870026          -110.0793862627286          568.8849597133958          6926.511235830932         0.002601310112813464      
01 Jan 2026 15:19:14.016   -52.57449410804129         -160.0360336136482          541.9315229913764          6906.620935963412         0.0006598993184371897     01 Jan 2026 15:19:14.016   -17.52704272930806         32.25580675661265           556.5802324016367          6932.790922192701         0.000959191700293698      01 Jan 2026 15:19:14.016   75.73774774556738          -118.9199732892364          568.0507479065027          6926.110539351332         0.002493338091319217      
01 Jan 2026 15:20:06.723   -55.80441886755227         -161.5229061539026          543.075920860696           6906.619129379171         0.0008089131044411469     01 Jan 2026 15:20:06.723   -14.23909633931084         31.56774770226104           555.7995552068924          6932.651624942565         0.0009069951265597049     01 Jan 2026 15:20:06.723   72.86366258288366          -125.0575127528612          567.0901649471598          6925.712318677731         0.002370414644605484      
01 Jan 2026 15:20:57.153   -58.87828219345496         -163.1578058048104          544.1336842756491          6906.631566280797         0.0009482982439152393     01 Jan 2026 15:20:57.153   -11.09108170243167         30.92189082241845           555.125539722716           6932.476470618512         0.0008859963628694507     01 Jan 2026 15:20:57.153   69.99602033186204          -129.3438309641229          566.0641218483124          6925.336244816227         0.002240720629633373      
01 Jan 2026 15:21:49.632   -62.05495655508254         -165.1534714122072          545.1834337518058          6906.660763353053         0.001088207266901485      01 Jan 2026 15:21:49.632   -7.813360874278076         30.25946480278349           554.5064442979865          6932.250572663944         0.0008939854733358311     01 Jan 2026 15:21:49.632   66.93558947430056          -132.7534086870116          564.8941135631749          6924.950325702413         0.002094932196243702      
01 Jan 2026 15:22:42.341   -65.21514607903022         -167.5723326736917          546.173454862309           6906.708201235549         0.001221796965710345      01 Jan 2026 15:22:42.341   -4.519944847380044         29.60098462731197           553.9745474694446          6931.97907718861          0.000928974642339356      01 Jan 2026 15:22:42.341   63.80976791940306          -135.4581317045276          563.6242886624213          6924.568442426276         0.001939509942334419      
01 Jan 2026 15:23:33.458   -68.23937201760484         -170.4802258849664          547.061393963133           6906.772739501282         0.001343294929464162      01 Jan 2026 15:23:33.458   -1.325040139619779         28.96611914989045           553.5486014349171          6931.67355619982          0.0009830956275848019     01 Jan 2026 15:23:33.458   60.74346217182385          -137.6042452040158          562.3131098221256          6924.203540894961         0.001782606818851493      
01 Jan 2026 15:24:26.018   -71.28784793495159         -174.3191996929286          547.8903750427307          6906.859147273528         0.001458642072542166      01 Jan 2026 15:24:26.018   1.960578223758568          28.31437818605113           553.205417094855           6931.316883835811         0.001053220692639732      01 Jan 2026 15:24:26.018   57.56434362249274          -139.4599716457499          560.895370413059           6923.833767932408         0.001617991176770131      
01 Jan 2026 15:25:18.765   -74.25007999500738         -179.5011808160475          548.6277082264996          6906.967101933861         0.001563460407100622      01 Jan 2026 15:25:18.765   5.257902274420147          27.65858644961341           552.9586657985601          6930.916783355148         0.001132690621445585      01 Jan 2026 15:25:18.765   54.35355270767284          -141.0582064147602          559.4151412893652          6923.467922434032         0.001453330113397679      
01 Jan 2026 15:26:10.255   -76.98565603795446         173.3778605718903           549.2486637505881          6907.093551824751         0.001654241495157623      01 Jan 2026 15:26:10.255   8.47635399576              27.01395658297447           552.8116866886985          6930.486932400513         0.001214687855395348      01 Jan 2026 15:26:10.255   51.20363819720044          -142.4256072638705          557.9283266855427          6923.115453216561         0.001297912049447136      
01 Jan 2026 15:27:02.852   -79.49501155272472         162.6252792237667           549.7759271852929          6907.24449835301          0.001734379799888047      01 Jan 2026 15:27:02.852   11.76315433516792          26.34798919681278           552.7553831490368          6930.009600955127         0.001299604906742774      01 Jan 2026 15:27:02.852   47.97311814762957          -143.6707193137788          556.3814415022143          6922.75968026869          0.001150977025468803      
01 Jan 2026 15:27:55.537   -81.46440732613094         146.2791791955251           550.1907449422461          6907.417784671325         0.001801241090585591      01 Jan 2026 15:27:55.537   15.05416671808379          25.6701431430161            552.7906316453264          6929.494887041574         0.001383358001465993      01 Jan 2026 15:27:55.537   44.72629364105619          -144.7972979497897          554.8186184531341          6922.407081988387         0.001024178252263425      
01 Jan 2026 15:28:46.323   -82.43856003529845         124.2944015090367           550.480036867637           6907.605511278545         0.001852545331896168      01 Jan 2026 15:28:46.323   18.22495144765503          25.00324398997178           552.9069037859035          6928.966382020847         0.001461161525306242      01 Jan 2026 15:28:46.323   41.58766607170143          -145.792254041626           553.3139407145736          6922.0701964199           0.0009308680253457137     
01 Jan 2026 15:29:38.748   -82.12261486114242         99.58068876727476           550.6629671570599          6907.820070918027         0.001891690936201883      01 Jan 2026 15:29:38.748   21.49588210637686          24.29718985933267           553.1057347017104          6928.390196011084         0.001537195314252732      01 Jan 2026 15:29:38.748   38.33995175789841          -146.7437539070505          551.7775439609777          6921.724946084955         0.0008742460695161183     
01 Jan 2026 15:30:31.434   -80.5918960048436          79.76255515219171           550.7280406880918          6908.056153075553         0.001916794169344591      01 Jan 2026 15:30:31.434   24.78043647653306          23.5651770311258            553.3789486720761          6927.782780564            0.001608286720937161      01 Jan 2026 15:30:31.434   35.06903776503507          -147.6370912990227          550.2658521718486          6921.379939936927         0.0008641081044910255     
01 Jan 2026 15:31:21.687   -78.42885687232203         66.92421782578899           550.6802293035771          6908.299434613169         0.001927511859854307      01 Jan 2026 15:31:21.687   27.91037250606011          22.84127090146128           553.7003428232138          6927.179926534913         0.001670473294670771      01 Jan 2026 15:31:21.687   31.94336149031331          -148.4410524959414          548.867983127664           6921.052173134151         0.0008965141462409025     
01 Jan 2026 15:32:13.906   -75.79123614171873         58.00344425392471           550.519427934536           6908.569655930244         0.001925209815429513      01 Jan 2026 15:32:13.906   31.15908336694034          22.05672688585779           554.0882502615468          6926.532525274873         0.001728760785401707      01 Jan 2026 15:32:13.906   28.69018697732867          -149.2354865273752          547.4747748494992          6920.712460230578         0.0009648669056156187     
01 Jan 2026 15:33:06.591   -72.91077839465119         51.80091909760253           550.2464830325152          6908.858707396695         0.00190942189518756       01 Jan 2026 15:33:06.591   34.43251468716468          21.22463133379304           554.525306358787           6925.861278571811         0.00178060602953794       01 Jan 2026 15:33:06.591   25.40310095767141          -150.0021623253228          546.1439316668084          6920.370185568949         0.001057556562019466      
01 Jan 2026 15:33:56.479   -70.06567828475684         47.51691849420112           549.8905626234518          6909.145927197234         0.001882530319844051      01 Jan 2026 15:33:56.479   37.52748537600883          20.39116642243436           554.9715715013472          6925.212432979726         0.001822918201442724      01 Jan 2026 15:33:56.479   22.2866347138693           -150.7015774155683          544.9647889298021          6920.046228447578         0.001157013391254935      
01 Jan 2026 15:34:48.858   -67.00205949645076         44.07972731480706           549.421382232259           6909.459671179083         0.001842482771418482      01 Jan 2026 15:34:48.858   40.77139360399578          19.4579741439422            555.4632222279452          6924.521082350831         0.001859930956792207      01 Jan 2026 15:34:48.858   19.01094876541587          -151.4132006167298          543.8229436527181          6919.706045911381         0.001265250339078892      
01 Jan 2026 15:35:41.556   -63.86757902671103         41.35269839329633           548.8586435740426          6909.78568269744          0.001790819974272505      01 Jan 2026 15:35:41.556   44.02825870085776          18.44546220010748           555.9701999004046          6923.81906237729          0.001889194233574591      01 Jan 2026 15:35:41.556   15.71215859160973          -152.110171613245           542.7841863715284          6919.363681672913         0.001371697159829504      
01 Jan 2026 15:36:31.515   -60.86231007508541         39.23630318135213           548.249577999637           6910.102125193701         0.001732189726719415      01 Jan 2026 15:36:31.515   47.10853964895986          17.40125047110366           556.4514101074155          6923.151265199465         0.001909261857228241      01 Jan 2026 15:36:31.515   12.58228373960163          -152.7570135193542          541.9099794613649          6919.039082606297         0.001466036639755454      
01 Jan 2026 15:37:23.815   -57.69068308366766         37.37150943446313           547.5429563148627          6910.438617909717         0.001661757111406643      01 Jan 2026 15:37:23.815   50.32399728801173          16.19827168533667           556.944446723548           6922.453743313561         0.00192195806764196       01 Jan 2026 15:37:23.815   9.303655969653878          -153.4230590893593          541.1178259452181          6918.699497640306         0.001554658174991556      
01 Jan 2026 15:38:16.501   -54.47563674005202         35.76099349178924           546.7707312472967          6910.78033178726          0.001582558420369092      01 Jan 2026 15:38:16.501   53.55172186644764          14.84253798104455           557.4184908674215          6921.756721171108         0.001925824921960938      01 Jan 2026 15:38:16.501   5.999145303982843          -154.0857512430584          540.4535394342729          6918.358071035916         0.00163094682136031       
01 Jan 2026 15:39:06.734   -51.39554989046741         34.41484037398504           545.9889653755845          6911.10612687291          0.001500434878117529      01 Jan 2026 15:39:06.734   56.61600179691218          13.37682514117694           557.8388160127479          6921.101133154786         0.001920860628724092      01 Jan 2026 15:39:06.734   2.847266511851173          -154.7126908358196          539.949782553439           6918.03373060431          0.001689810282380846      
01 Jan 2026 15:39:58.954   -48.1814505141343          33.16679083373471           545.141139422687           6911.442061728157         0.001409390011800152      01 Jan 2026 15:39:58.954   59.78403388509182          11.61817219606412           558.2325957877783          6920.432699557009         0.001906427731572623      01 Jan 2026 15:39:58.954   -0.4299643603881085        -155.3621128545462          539.5634837198095          6917.698588954639         0.001735335232968322      
01 Jan 2026 15:40:51.674   -44.9261813843958          32.02974453726483           544.2616059126422          6911.775523936708         0.001312822945349319      01 Jan 2026 15:40:51.674   62.95873717085791          9.516280662308013           558.5753795284591          6919.775170167542         0.00188195041052677       01 Jan 2026 15:40:51.674   -3.738798517823909         -156.018170606935           539.3172584045233          6917.36334157127          0.001764153120183013      
01 Jan 2026 15:41:42.614   -41.77240055201001         31.02443989979417           543.4016929414038          6912.089574543804         0.001216226346153064      01 Jan 2026 15:41:42.614   65.99559696138608          7.054797225065524           558.8453564918873          6919.159811809116         0.001848562475951934      01 Jan 2026 15:41:42.614   -6.935745909666165         -156.6551990691272          539.2166299837627          6917.043516606292         0.001775062470646756      
01 Jan 2026 15:42:35.111   -38.51490014273668         30.06569028075916           542.5180751696025          6912.40205044824          0.001114442203157467      01 Jan 2026 15:42:35.111   69.08035762572126          3.885303512066173           559.0522694648171          6918.549588071385         0.001803890698848666      01 Jan 2026 15:42:35.111   -10.22967070638575         -157.3177630967543          539.2525407056164          6916.719516495996         0.001768599351184309      
01 Jan 2026 15:43:27.871   -35.23456902925564         29.16633067895817           541.6457730969805          6912.701887146377         0.001010965667699294      01 Jan 2026 15:43:27.871   72.11188845391305          -0.2622296384536676         559.1798042706223          6917.964034459614         0.001748296734444456      01 Jan 2026 15:43:27.871   -13.53888911143857         -157.9929578623778          539.4281736288413          6916.401205496163         0.00174397753975526       
01 Jan 2026 15:44:18.730   -32.06705841301593         28.34919230325097           540.8320239732639          6912.97489068701          0.0009110551693778855     01 Jan 2026 15:44:18.730   74.93089663733217          -5.676013296316052          559.220420112013           6917.428742505687         0.001684428394299034      01 Jan 2026 15:44:18.730   -16.72724168779953         -158.6558360741236          539.7253365566912          6916.102974354363         0.001703262195860368      
01 Jan 2026 15:45:11.323   -28.78669609871771         27.54642880227142           540.0306730307993          6913.238141716667         0.000808444632283045      01 Jan 2026 15:45:11.323   77.66505724806817          -13.64088526294918          559.1724391990692          6916.907986734261         0.001607725347589951      01 Jan 2026 15:45:11.323   -20.02212459298731         -159.3573451159293          540.1584455379407          6915.805346706538         0.00164408321810605       
01 Jan 2026 15:46:04.106   -25.49020043078082         26.77629142706903           539.2792661961166          6913.480440129752         0.0007069367877596528     01 Jan 2026 15:46:04.106   80.07233753334847          -25.62883055652087          559.0285320448402          6916.421321250948         0.001519903527929771      01 Jan 2026 15:46:04.106   -23.32610727755129         -160.0819506097732          540.7139805124762          6915.519726993212         0.001567916862806548      
01 Jan 2026 15:46:54.373   -22.34733755903893         26.07003608416071           538.6230919720019          6913.688718180009         0.0006121824096367918     01 Jan 2026 15:46:54.373   81.77603906931529          -42.70054068476896          558.800087976243           6915.993333179232         0.001426318955325651      01 Jan 2026 15:46:54.373   -26.46952182170448         -160.7956375648366          541.3472170722789          6915.261931937625         0.001480571249982185      
01 Jan 2026 15:47:46.834   -19.06421322000839         25.35605854764295           538.0098169964813          6913.880746052429         0.0005156782670579568     01 Jan 2026 15:47:46.834   82.49787481654339          -66.48107901738454          558.4656608124596          6915.585335462751         0.001318570645772021      01 Jan 2026 15:47:46.834   -29.74632953328278         -161.5704720001159          542.1066303342104          6915.009876427317         0.001375022900011803      
01 Jan 2026 15:48:39.589   -15.75991839062027         24.65728100427414           537.4757042817291          6914.045962667743         0.0004213096550568764     01 Jan 2026 15:48:39.589   81.85013869169123          -90.63331049615721          558.0309525895691          6915.216342932202         0.001200238743813165      01 Jan 2026 15:48:39.589   -33.03705027856634         -162.387235616514           542.960659158437           6914.776243259044         0.001255263960303429      
01 Jan 2026 15:49:29.445   -12.63515512393038         24.01093044207061           537.0542093498252          6914.174969155489         0.0003346500882372489     01 Jan 2026 15:49:29.445   80.20839011222255          -107.9619128341485          557.5312105665671          6914.906740471958         0.001079704303336708      01 Jan 2026 15:49:29.445   -36.14213973339465         -163.2011517177826          543.8399866874825          6914.5759265861           0.001130772936234575      
01 Jan 2026 15:50:21.850   -9.348918484110492         23.34278344195525           536.7046005254388          6914.280911677978         0.000246174894760258      01 Jan 2026 15:50:21.850   77.84798687019274          -120.2106392904298          556.9160031645006          6914.623051365275         0.0009445294502188734     01 Jan 2026 15:50:21.850   -39.40022409537181         -164.110270552381           544.8277121943265          6914.389127778945         0.000989482197710547      
01 Jan 2026 15:51:14.627   -6.038111310588854         22.67831359696538           536.454350893192           6914.355873688323         0.0001599743602012483     01 Jan 2026 15:51:14.627   75.11925481491284          -128.4234120224795          556.2080655105783          6914.381055682338         0.0008004152385834469     01 Jan 2026 15:51:14.627   -42.67448285034997         -165.0937241959677          545.8749460239023          6914.227994313177         0.0008379683234195724     
01 Jan 2026 15:52:04.504   -2.908374164697519         22.05530213967009           536.3151052243275          6914.396784103374         8.338096080720985e-05     01 Jan 2026 15:52:04.504   72.36196150359223          -133.8717833705157          555.4631297025571          6914.192785370933         0.0006577133227446059     01 Jan 2026 15:52:04.504   -45.76151439614374         -166.1003006547087          546.9006016259264          6914.102752563002         0.0006878487954197228     
01 Jan 2026 15:52:56.895   0.3795267071972568         21.40328466362496           536.2726503255526          6914.408019426058         4.28071523193884e-05      01 Jan 2026 15:52:56.895   69.35555341434879          -138.0989800668426          554.6083701944608          6914.037154239876         0.0005020442245299878     01 Jan 2026 15:52:56.895   -48.99510339532549         -167.2580461911382          548.0023319586908          6914.001666457572         0.0005247552708029467     
01 Jan 2026 15:53:49.589   3.686346266732113          20.74716903461876           536.3378017873192          6914.386395378668         0.0001068070885195201     01 Jan 2026 15:53:49.589   66.25984120392395          -141.3536913178989          553.6825786646805          6913.923666653497         0.0003407471347591448     01 Jan 2026 15:53:49.589   -52.23617108206593         -168.5531934475127          549.1219200298319          6913.933617920109         0.000357573815957009      
01 Jan 2026 15:54:39.759   6.834281747058322          20.1195324196236            536.4994542604454          6914.335286633501         0.0001857186193950371     01 Jan 2026 15:54:39.759   63.26753264822109          -143.82861228519            552.7485822426579          6913.854989680936         0.0001843001154641046     01 Jan 2026 15:54:39.759   -55.30929757212131         -169.9420234115537          550.18597359865            6913.902021076939         0.0002001797821607577     
01 Jan 2026 15:55:32.192   10.1233229659211           19.4576683081206            536.7698390950427          6914.250519499436         0.0002718056614643058     01 Jan 2026 15:55:32.192   60.10720168372941          -145.9609790772143          551.7280677157705          6913.823218258757         2.955354898134903e-05     01 Jan 2026 15:55:32.192   -58.5046008671034          -171.6048568703888          551.283228991917           6913.905369150291         7.773859713884193e-05     
01 Jan 2026 15:56:24.906   13.42854577018874          18.78310077351999           537.1421954837806          6914.133774544416         0.0003609822080034396     01 Jan 2026 15:56:24.906   56.90488834426601          -147.766690411516           550.6679825905212          6913.831159493398         0.000154142207058871      01 Jan 2026 15:56:24.906   -61.6951735064301          -173.5663430090012          552.3583850479599          6913.947826037997         0.000178870445766873      
01 Jan 2026 15:57:15.660   16.60911887614817          18.12177421175321           537.5908053906323          6913.992514881909         0.0004493250731308154     01 Jan 2026 15:57:15.660   53.80346645164349          -149.2677922809108          549.626725397904           6913.875101944561         0.0003144900763271135     01 Jan 2026 15:57:15.660   -64.73961229704766         -175.8298986167301          553.3556042908094          6914.027063154695         0.000335589527779743      
01 Jan 2026 15:58:08.224   19.90080919941946          17.42101951320842           538.1419142585937          6913.817701413726         0.0005434451412691018     01 Jan 2026 15:58:08.224   50.57663147661087          -150.6359569382507          548.5397842325592          6913.956396558642         0.0004791285418640696     01 Jan 2026 15:58:08.224   -67.85311882040209         -178.7207305802856          554.3380420989733          6914.149910049626         0.00050028931098125       
01 Jan 2026 15:59:01.011   23.20354564089308          16.69691805350567           538.7758055666891          6913.61457412731          0.0006405866082428169     01 Jan 2026 15:59:01.011   47.32387519009458          -151.8619968731269          547.4529729456872          6914.072696243994         0.0006408531620829443     01 Jan 2026 15:59:01.011   -70.92083542189131         177.5576304108839           555.2626784332397          6914.315896979928         0.0006623998227166915     
01 Jan 2026 15:59:51.275   26.34539902024893          15.98397378911308           539.445748846113           6913.397200655425         0.0007353042189411934     01 Jan 2026 15:59:51.275   44.21698712028731          -152.9209629078978          546.435219985221           6914.213741840533         0.0007899168432504359     01 Jan 2026 15:59:51.275   -73.75765841531985         172.8541919404408           556.0767742204707          6914.514176144506         0.0008116785837268295     
01 Jan 2026 16:00:43.622   29.61362419055255          15.21182491167206           540.2023117235976          6913.148006985082         0.0008358215094473708     01 Jan 2026 16:00:43.622   40.97309503422603          -153.933898896131           545.4063786005754          6914.38987203626          0.0009384855536099386     01 Jan 2026 16:00:43.622   -76.56851918338847         166.0453933229226           556.847906275083           6914.762610139263         0.0009604703465201217     
01 Jan 2026 16:01:36.358   32.90171872981714          14.39670448311193           541.0141375112125          6912.875700854455         0.0009384041504627304     01 Jan 2026 16:01:36.358   37.69770826891102          -154.8794457207142          544.4155360796285          6914.595138590459         0.001079730789248992      01 Jan 2026 16:01:36.358   -79.13949031634037         155.9457761134109           557.5388187513463          6915.056080055503         0.001102355223609871      
01 Jan 2026 16:02:26.173   36.0029908623805           13.58508226862707           541.8158781971206          6912.601138929376         0.0010357986236612        01 Jan 2026 16:02:26.173   34.5978865369698           -155.7163256212478          543.5339223004075          6914.812470531148         0.001204010528483655      01 Jan 2026 16:02:26.173   -81.12178632056003         141.6224873156811           558.1071310378966          6915.372723895019         0.001228134460232468      
01 Jan 2026 16:03:18.075   39.22867020755913          12.68711460397879           542.6755218929238          6912.299619664655         0.001136906130168426      01 Jan 2026 16:03:18.075   31.36290886633834          -156.5405375741671          542.6837361958733          6915.060809307081         0.001322706443884631      01 Jan 2026 16:03:18.075   -82.34704398909795         120.3416766613716           558.6081649807629          6915.742668488195         0.001349935943264659      
01 Jan 2026 16:04:10.775   42.49721315646286          11.70858771930439           543.5610886303703          6911.980029052605         0.001238147493019171      01 Jan 2026 16:04:10.775   28.07349316884995          -157.3363418630157          541.9040162492374          6915.333398444676         0.00143064407357943       01 Jan 2026 16:04:10.775   -82.29241461575106         95.29516609184684           559.0190628416312          6916.159008124432         0.001463344891892969      
01 Jan 2026 16:05:00.589   45.5796571369574           10.70753559543105           544.3980276515076          6911.668056140021         0.00133149224462394       01 Jan 2026 16:05:00.589   24.96034811684368          -158.0572220531832          541.2548808660922          6915.607765060254         0.001519901899082957      01 Jan 2026 16:05:00.589   -81.05447001964627         75.21641200295572           559.3156219600332          6916.588962144989         0.001560607781340187      
01 Jan 2026 16:05:52.925   48.80943028027095          9.556757767835164           545.2646200229519          6911.332694698494         0.001425948521964636      01 Jan 2026 16:05:52.925   21.68611157239248          -158.7876313069392          540.675033390823           6915.9112157172           0.001599263819628753      01 Jan 2026 16:05:52.925   -78.93502697963935         60.54764706127562           559.5311540778166          6917.077116521034         0.00165207367913055       
01 Jan 2026 16:06:45.678   52.05403106169981          8.267590498483559           546.1119637883376          6910.989677138336         0.00151617722226961       01 Jan 2026 16:06:45.678   18.38283929498719          -159.5010072259689          540.2059413137513          6916.230522212174         0.001663371437831679      01 Jan 2026 16:06:45.678   -76.3360002076916          50.79696802886015           559.6503449403181          6917.604849706301         0.001732945051730959      
01 Jan 2026 16:07:35.853   55.12779525627742          6.887638940601844           546.8817398322481          6910.661451318172         0.001596204710936185      01 Jan 2026 16:07:35.853   15.23866299921041          -160.1623881413227          539.8749146370956          6916.544687656379         0.0017088295274132        01 Jan 2026 16:07:35.853   -73.63247416803534         44.4293262190839            559.6750909212469          6918.137833769003         0.00179923761572603       
01 Jan 2026 16:08:28.275   58.32320116002888          5.237609585235604           547.6364470537637          6910.31923016881          0.001672598038815687      01 Jan 2026 16:08:28.275   11.95179585179563          -160.8393200509558          539.6556680839558          6916.881783292649         0.001739597367816014      01 Jan 2026 16:08:28.275   -70.67051484613704         39.62203136948214           559.6128027643872          6918.724412839144         0.001857451091759358      
01 Jan 2026 16:09:21.028   61.51752846520369          3.291563419928649           548.333176342262           6909.978339635883         0.001740848663413174      01 Jan 2026 16:09:21.028   8.642744077921058          -161.5095069666187          539.5710861338339          6917.228194452811         0.001752931566358263      01 Jan 2026 16:09:21.028   -67.60319820528301         35.98764467161147           559.4647640853655          6919.342415047783         0.001904749897815423      
01 Jan 2026 16:10:11.910   64.57173134380118          1.044104113783266           548.9351973219991          6909.655388785256         0.001797420899410355      01 Jan 2026 16:10:11.910   5.450078827470036          -162.1485234918493          539.6225516053164          6917.567447330592         0.001748902557171416      01 Jan 2026 16:10:11.910   -64.5911479108988          33.23462473631116           559.2473024632236          6919.961817586845         0.001939834713118659      
01 Jan 2026 16:11:04.465   67.68780000348814          -1.814682814849106          549.4750126024228          6909.330349715387         0.001845298734037222      01 Jan 2026 16:11:04.465   2.152033208955374          -162.803845606694           539.8151531944486          6917.921535770713         0.001727443166011363      01 Jan 2026 16:11:04.465   -61.44232866680947         30.9232851582613            558.9534703137579          6920.622247367433         0.001965465420275829      
01 Jan 2026 16:11:57.181   70.756198874093            -5.483407937278531          549.9238210975373          6909.015387048541         0.001881630211326558      01 Jan 2026 16:11:57.181   -1.156172801682825         -163.4592819413776          540.1513826639639          6918.279044652813         0.001688668699651261      01 Jan 2026 16:11:57.181   -58.25607206596551         28.99132942786076           558.5969760641292          6921.302202020341         0.001980658967370239      
01 Jan 2026 16:12:48.810   73.67543824187386          -10.2615264029587           550.2657818766456          6908.719819523751         0.001905084665681063      01 Jan 2026 16:12:48.810   -4.395571840870619         -164.1020960535308          540.6185529432432          6918.630222375399         0.001634677767147238      01 Jan 2026 16:12:48.810   -55.1155308510987          27.37389477021992           558.1974360961331          6921.981406146094         0.001985670815299002      
01 Jan 2026 16:13:41.397   76.50512882025194          -17.05049988286235          550.5083379905218          6908.433837081512         0.001915990562166241      01 Jan 2026 16:13:41.397   -7.694194767195245         -164.7606227071716          541.2320363707377          6918.98797063105          0.001564524405380383      01 Jan 2026 16:13:41.397   -51.90083965740778         25.93625236922921           557.7496256007007          6922.682877659116         0.00198110742321837       
01 Jan 2026 16:14:34.144   79.08518189760089          -27.07645985459856          550.6391985777727          6908.16403867017          0.001913265276059097      01 Jan 2026 16:14:34.144   -11.00126543442624         -165.4279253200019          541.9825529624304          6919.346008536513         0.001480438615350715      01 Jan 2026 16:14:34.144   -48.6637413816967          24.65758814994011           557.2702264187737          6923.392211158355         0.001967117704894859      
01 Jan 2026 16:15:25.006   81.11573050484351          -41.65520714300857          550.6551841661503          6907.921475042787         0.001897360290373095      01 Jan 2026 16:15:25.006   -14.1882985910904          -166.0808039988969          542.8288682736347          6919.689914995813         0.001388493640353205      01 Jan 2026 16:15:25.006   -45.53246006306131         23.54577086094517           556.790211548031           6924.077794855938         0.001945071938810732      
01 Jan 2026 16:16:17.472   82.34719070776661          -63.21391635005886          550.5560835770684          6907.690575215101         0.001867136317977603      01 Jan 2026 16:16:17.472   -17.4734650156179          -166.7672896804553          543.8207756038846          6920.042881237625         0.001285513466743793      01 Jan 2026 16:16:17.472   -42.29396287423861         22.49786743169109           556.2882883133052          6924.78265714631          0.001913910544510952      
01 Jan 2026 16:17:10.137   82.27488846404192          -88.24804618146965          550.3378022251991          6907.479504335587         0.001822701524642813      01 Jan 2026 16:17:10.137   -20.7680752453598          -167.4734151470805          544.9290240868841          6920.395122866656         0.001178131886818717      01 Jan 2026 16:17:10.137   -39.03595558552105         21.52729711147975           555.7893715305618          6925.483717224799         0.001874420885260192      
01 Jan 2026 16:18:00.332   81.0088963522643           -108.3891434109596          550.0196668393774          6907.298288754164         0.00176738248922398       01 Jan 2026 16:18:00.332   -23.90495749742223         -168.1662742076053          546.0808927838443          6920.72888061936          0.001077575776611031      01 Jan 2026 16:18:00.332   -35.92491336477927         20.66381151539209           555.329305828961           6926.142142963497         0.001829490399081151      
01 Jan 2026 16:18:52.421   78.88443192635805          -122.8882546420494          549.5780930320389          6907.131243218963         0.001696946926316087      01 Jan 2026 16:18:52.421   -27.15634211618831         -168.9104397796257          547.3640374734468          6921.07330971431          0.0009829278265383057     01 Jan 2026 16:18:52.421   -32.69132626079709         19.81975951595454           554.8787898989931          6926.811570874955         0.001775726579908062      
01 Jan 2026 16:19:45.150   76.27614695669735          -132.5788472185638          549.0192320481701          6906.984095497593         0.00161266942462136       01 Jan 2026 16:19:45.150   -30.44312971435055         -169.6955681227591          548.7417743437936          6921.420237823125         0.0009078948310257476     01 Jan 2026 16:19:45.150   -29.41336738639426         19.00971757346731           554.4615999913212          6927.471068406613         0.001714329188566856      
01 Jan 2026 16:20:34.939   73.58533035119831          -138.8734459098634          548.3929806949327          6906.865329318593         0.001521758102296499      01 Jan 2026 16:20:34.939   -33.54191209517251         -170.4725776860985          550.1033785543605          6921.746577807728         0.0008675665293069063     01 Jan 2026 16:20:34.939   -26.31446426281121         18.27863050523212           554.1131148259346          6928.073657921443         0.001650363539394759      
01 Jan 2026 16:21:27.185   70.62539514195772          -143.6570082513148          547.6392036076095          6906.761430642685         0.001415362254268004      01 Jan 2026 16:21:27.185   -36.78803281560764         -171.3331291640943          551.582193022773           6922.08819726176          0.0008672427945941005     01 Jan 2026 16:21:27.185   -23.05928566687404         17.540526592682             553.804175777911           6928.68159669194          0.001577539972396264      
01 Jan 2026 16:22:19.789   67.55847055580369          -147.2792293253938          546.788152150928           6906.67766961624          0.001297884677805874      01 Jan 2026 16:22:19.789   -40.04977108558973         -172.2564604560084          553.1084636487321          6922.431866331987         0.000914221817122762      01 Jan 2026 16:22:19.789   -19.77894294978361         16.8220394430639            553.5605558517491          6929.26517835118          0.001499038100920229      
01 Jan 2026 16:23:09.496   64.60810340055738          -149.9748795279501          545.9073583928584          6906.616983536547         0.001178408141424385      01 Jan 2026 16:23:09.496   -43.12500341122089         -173.1930972629602          554.5715102951208          6922.756926289212         0.0009981937445886935     01 Jan 2026 16:23:09.496   -16.67700367060174         16.16158031414663           553.3996468194073          6929.787519908679         0.001420934890085386      
01 Jan 2026 16:24:01.783   61.46664074299804          -152.2856572680714          544.910331936816           6906.571506158662         0.001045121860745871      01 Jan 2026 16:24:01.783   -46.35156545080883         -174.2612619540827          556.1178477138155          6923.099828811924         0.001118783735119936      01 Jan 2026 16:24:01.783   -13.41215994497842         15.48229238212964           553.3094371633551          6930.303742456877         0.001335850374284515      
01 Jan 2026 16:24:54.400   58.27682855759093          -154.2234525461849          543.8451861424692          6906.543513519817         0.0009045824824456535     01 Jan 2026 16:24:54.400   -49.58852978758881         -175.4430387100933          557.6665278576938          6923.446569308944         0.001263152758690553      01 Jan 2026 16:24:54.400   -10.12517653215564         14.81111502384262           553.3058598892831          6930.786293208741         0.001248861423502648      
01 Jan 2026 16:25:44.392   55.22624626841404          -155.800167398177           542.7869462012923          6906.53213135139          0.0007666158055512644     01 Jan 2026 16:25:44.392   -52.65295319423318         -176.691035194918           559.1171358353085          6923.778159800737         0.001413445169861087      01 Jan 2026 16:25:44.392   -7.001254974965839         14.18192837525409           553.3873009231011          6931.208339670986         0.001167045230036325      
01 Jan 2026 16:26:36.671   52.01978651360768          -157.2415312729693          541.6444306221565          6906.534584812227         0.0006195123955738634     01 Jan 2026 16:26:36.671   -55.84377069544662         -178.1632310494464          560.5983108731243          6924.127756476415         0.001577572970744286      01 Jan 2026 16:26:36.671   -3.733753151695498         13.5298697245068            553.5635234165857          6931.609848427086         0.001085323754580155      
01 Jan 2026 16:27:29.321   48.77712888333742          -158.5280977104822          540.4701559208916          6906.550215423939         0.0004707779685918238     01 Jan 2026 16:27:29.321   -59.03935768897651         -179.8710499365322          562.0387811496794          6924.483280688295         0.001744711834005087      01 Jan 2026 16:27:29.321   -0.4429530828434869        12.87645298323458           553.836349148416           6931.971381093217         0.001011082483080969      
01 Jan 2026 16:28:19.870   45.65328957794768          -159.6414914676051          539.3333981667611          6906.575971915243         0.0003308247538753089     01 Jan 2026 16:28:19.870   -62.08592442068319         178.2055914298238           563.3606379094144          6924.828299721448         0.001902979068541746      01 Jan 2026 16:28:19.870   2.716353727130584          12.24953115892002           554.1881720395859          6932.276819487932         0.0009523304655616382     
01 Jan 2026 16:29:12.266   42.40615634325785          -160.6955465588672          538.1591888445992          6906.61198063861          0.0001975820728167981     01 Jan 2026 16:29:12.266   -65.21413656810344         175.8101518403105           564.6550537744197          6925.190037108055         0.002061484873069563      01 Jan 2026 16:29:12.266   5.990432906567019          11.5974288675362            554.6441700776795          6932.549369070657         0.0009103038633559388     
01 Jan 2026 16:30:04.932   39.13429375150609          -161.6725629376638          536.9972662715072          6906.655834075211         0.0001193287437979429     01 Jan 2026 16:30:04.932   -68.31613100024066         172.8195194572578           565.8665410953536          6925.558031601026         0.002212385128949729      01 Jan 2026 16:30:04.932   9.280234924413268          10.93679064077829           555.1930616121936          6932.77749159128          0.0008934051770438555     
01 Jan 2026 16:30:56.162   35.94497112369027          -162.558648023755           535.8981953855309          6906.704019503612         0.0001772473684671348     01 Jan 2026 16:30:56.162   -71.27404986890004         169.0871948242464           566.9483522478276          6925.920240837268         0.002348879618854571      01 Jan 2026 16:30:56.162   12.47883510361582          10.28630084240237           555.8096852515318          6932.955014703401         0.00090552767883395       
01 Jan 2026 16:31:48.673   32.6699679464009           -163.4131662736022          534.8171160980546          6906.757197977343         0.0002941702746309041     01 Jan 2026 16:31:48.673   -74.21151105911873         163.9703036100112           567.9487520294979          6926.295700401966         0.00247638496469797       01 Jan 2026 16:31:48.673   15.75542782317516          9.608335974341243           556.5204829596332          6933.091586810694         0.0009483638805614028     
01 Jan 2026 16:32:41.410   29.37557053516505          -164.2264623079583          533.7910488575317          6906.812605030962         0.0004167812449475457     01 Jan 2026 16:32:41.410   -77.00198584401826         156.7233208904358           568.8345258186991          6926.676704018505         0.002590224182284039      01 Jan 2026 16:32:41.410   19.0436639330797           8.912490418702918           557.3072676370075          6933.182865639783         0.001020140872644668      
01 Jan 2026 16:33:31.842   26.2207680978722           -164.9695972025001          532.8775677246886          6906.865797971842         0.0005289316472814416     01 Jan 2026 16:33:31.842   -79.40529328731429         146.5463236504986           569.5635337822541          6927.044235519249         0.002684559094499286      01 Jan 2026 16:33:31.842   22.18549684177083          8.229328151712833           558.1200794509587          6933.227784111418         0.001111504574942125      
01 Jan 2026 16:34:24.356   22.93183494671461          -165.7138331158401          532.0082643210881          6906.919764091076         0.0006368329376860684     01 Jan 2026 16:34:24.356   -81.39277284551167         130.6184193037868           570.1945361819808          6927.42950734279          0.002766695789491524      01 Jan 2026 16:34:24.356   25.45369546702879          7.495176624462345           559.0198456453345          6933.231490287039         0.001225042235156243      
01 Jan 2026 16:35:17.057   19.62768728590466          -166.4359203988651          531.230624639551           6906.970909272739         0.0007339228755654772     01 Jan 2026 16:35:17.057   -82.43835015456429         108.0925466207146           570.6923511862051          6927.817839591723         0.002831850975108346      01 Jan 2026 16:35:17.057   28.72967676303453          6.729793119861584           559.9670318466142          6933.192308452255         0.001352731712233057      
01 Jan 2026 16:36:07.068   16.48941242774708          -167.1025534356557          530.5893940817214          6907.015350197869         0.0008142836878210342     01 Jan 2026 16:36:07.068   -82.19339830093651         84.50387612860843           571.0369467817472          6928.186847610793         0.0028771840856896        01 Jan 2026 16:36:07.068   31.83439736142055          5.971249432646174           560.8963004537636          6933.116799914678         0.001482479462649635      
01 Jan 2026 16:36:59.537   13.1945484677741           -167.7864545517224          530.0260413181568          6907.056487888493         0.0008851090503082344     01 Jan 2026 16:36:59.537   -80.74683424976814         64.36670355972431           571.2637270483365          6928.573188423556         0.002907179952524109      01 Jan 2026 16:36:59.537   35.0868309813924           5.134515604830915           561.8913721846775          6932.99918125254          0.001623881174517502      
01 Jan 2026 16:37:52.291   9.879894723235388          -168.4617237434499          529.5795964463241          6907.091129758659         0.000941437229637091      01 Jan 2026 16:37:52.291   -78.51817236345241         50.62975093391724           571.3531973004219          6928.959239635368         0.002919119936673778      01 Jan 2026 16:37:52.291   38.35118368983493          4.241929096652959           562.8999992584531          6932.843279257074         0.001768255960598599      
01 Jan 2026 16:38:42.150   6.745699189671896          -169.0916445478832          529.2733543720778          6907.116892208727         0.0009802660463698702     01 Jan 2026 16:38:42.150   -76.02714416771683         41.96074864851313           571.3119848189544          6929.3203208004           0.002913726286810643      01 Jan 2026 16:38:42.150   41.43051366718062          3.340620591836832           563.84887157086            6932.663238902288         0.001904169997389824      
01 Jan 2026 16:39:34.640   3.445202495667935          -169.7490521487564          529.0763866855705          6907.136067094371         0.001005478032687721      01 Jan 2026 16:39:34.640   -73.18548359900853         35.62220576508158           571.1399876414926          6929.694618618296         0.002890849420911086      01 Jan 2026 16:39:34.640   44.66509633157934          2.317417173157915           564.830389638234           6932.441642015126         0.002044308835436031      
01 Jan 2026 16:40:27.368   0.1292912059414242         -170.4064194167072          529.0105178419062          6907.14670981649          0.001014275930240471      01 Jan 2026 16:40:27.368   -70.19993929981948         31.02326914068911           570.8394211432005          6930.06251977782          0.002850627578505449      01 Jan 2026 16:40:27.368   47.90564801639937          1.194498912726965           565.7851496051417          6932.188412587931         0.00217984648593765       
01 Jan 2026 16:41:17.377   -3.015726953314826         -171.0297543663178          529.0710762106419          6907.148652448209         0.001007173239481643      01 Jan 2026 16:41:17.377   -67.29328093412978         27.70254415593808           570.4419117778816          6930.401927548012         0.00279716110179094       01 Jan 2026 16:41:17.377   50.96971677105465          0.01918733901953439         566.6496867075502          6931.92225455954          0.002301709803734211      
01 Jan 2026 16:42:09.915   -6.319324473891188         -171.6872146311734          529.2629616087461          6907.142196907254         0.000983563575099083      01 Jan 2026 16:42:09.915   -64.1878882172758          24.93941904255324           569.9138593643947          6930.746248333803         0.002725780036908858      01 Jan 2026 16:42:09.915   54.17677324579161          -1.362402870551734          567.5025076787288          6931.617966586621         0.002420964049586385      
01 Jan 2026 16:43:02.632   -9.63318065975008          -172.3525035727426          529.5851971162238          6907.127259078276         0.0009435008233455159     01 Jan 2026 16:43:02.632   -61.03492284343903         22.68416252522507           569.2791512295444          6931.076704506638         0.002639534956864849      01 Jan 2026 16:43:02.632   57.37951440838755          -2.944035877638171          568.2888043579669          6931.289926882038         0.002529941560674861      
01 Jan 2026 16:43:53.163   -12.80836730735071         -172.9983740523971          530.0122868067174          6907.105476283094         0.00089013784747151       01 Jan 2026 16:43:53.163   -57.98733336847187         20.87008513789505           568.5815263999766          6931.37698575708          0.002544247619283501      01 Jan 2026 16:43:53.163   60.43138521809638          -4.702255278252538          568.9661972587792          6930.956662948985         0.002622949751889355      
01 Jan 2026 16:44:45.741   -16.11024799821077         -173.6820925623268          530.5740956746813          6907.075788451833         0.0008197247392415961     01 Jan 2026 16:44:45.741   -54.79648941284587         19.24869940125152           567.7736367011667          6931.669818233318         0.002433319604881191      01 Jan 2026 16:44:45.741   63.58204506750416          -6.871464448424236          569.5809923542674          6930.59297527144          0.002706509785780815      
01 Jan 2026 16:45:38.488   -19.42034314881608         -174.3836363428366          531.2510390495418          6907.039776347729         0.0007347142515331992     01 Jan 2026 16:45:38.488   -51.5794522993308          17.82810379447708           566.8908723664363          6931.940938344766         0.002311471478527346      01 Jan 2026 16:45:38.488   66.70812779369237          -9.531836531083018          570.0954424722067          6930.213407295484         0.002775611949944076      
01 Jan 2026 16:46:28.715   -22.56959184796522         -175.070006354054           531.9933730650373          6907.000771981066         0.0006414265253925027     01 Jan 2026 16:46:28.715   -48.50415036475977         16.62325120516766           565.9945470008834          6932.175644894825         0.002187155034508777      01 Jan 2026 16:46:28.715   69.6387474919387           -12.71220156113722          570.4816677900899          6929.840658377356         0.002826754863895613      
01 Jan 2026 16:47:20.975   -25.8430053412232          -175.8076448482595          532.8577200784175          6906.956608674011         0.0005329441398971951     01 Jan 2026 16:47:20.975   -45.29412530608079         15.4898529323186            565.016649466841           6932.393144189469         0.002050974225664082      01 Jan 2026 16:47:20.975   72.6162234807998           -17.02132099649312          570.7686451263971          6929.443466215581         0.002863976858143987      
01 Jan 2026 16:48:13.693   -29.14110228006694         -176.5814225063338          533.8139908472149          6906.909866052069         0.000413611560275552      01 Jan 2026 16:48:13.693   -42.04706271160016         14.44550155761585           563.9965675950343          6932.582526523259         0.001908532828941292      01 Jan 2026 16:48:13.693   75.50124893099154          -22.97979707139815          570.9328946097557          6929.03544566209          0.002884344589754238      
01 Jan 2026 16:49:03.573   -32.25745042523532         -177.3469156459538          534.786062491733           6906.865129572539         0.0002944587752889875     01 Jan 2026 16:49:03.573   -38.96768584279964         13.53113381285523           563.0126091005377          6932.731804092956         0.001771105739101737      01 Jan 2026 16:49:03.573   78.04423715316867          -31.02913749806959          570.9676888075965          6928.644593642706         0.002887295772455305      
01 Jan 2026 16:49:55.500   -35.49671896044175         -178.1856527005906          535.8556825653213          6906.819703606774         0.0001723688220434166     01 Jan 2026 16:49:55.500   -35.75554910650769         12.64126931795608           561.9815447706824          6932.85421113992          0.001627651698081164      01 Jan 2026 16:49:55.500   80.34076166283299          -43.4788927123356           570.8757098189835          6928.234659064436         0.002873248919375494      
01 Jan 2026 16:50:48.204   -38.77845058996935         -179.0899648918308          536.9884119492908          6906.776626700371         0.0001035420257635903     01 Jan 2026 16:50:48.204   -32.48958763372127         11.79115716866778           560.9411189231478          6932.94198898526          0.001484457671194984      01 Jan 2026 16:50:48.204   81.98843952869409          -62.33933790148844          570.6463360964735          6927.817245803849         0.00284106628727995       
01 Jan 2026 16:51:37.880   -41.86541410910966         179.9979644088681           538.0871195772406          6906.740556164596         0.0001827617365107105     01 Jan 2026 16:51:37.880   -29.40648065318257         11.03016266204117           559.977742584264           6932.989381839533         0.00135470934653885       01 Jan 2026 16:51:37.880   82.49318824911268          -85.31247064271197          570.3039374459759          6927.42406471225          0.002794324721228157      
01 Jan 2026 16:52:29.801   -45.08441214786509         178.9685777984397           539.254498950133           6906.709386905219         0.0003199628547141922     01 Jan 2026 16:52:29.801   -26.17967992790072         10.26925006149602           559.00042305226            6933.00066667097          0.00122818723829044       01 Jan 2026 16:52:29.801   81.72292258603746          -108.5830795296005          569.8158383023529          6927.014752503983         0.002728785474525101      
01 Jan 2026 16:53:22.455   -48.33974633002            177.8261348208455           540.4443073508455          6906.686503380631         0.0004699863282019444     01 Jan 2026 16:53:22.455   -22.90332572307128         9.52726240327333            558.0517186490943          6932.970745445116         0.001113885503753007      01 Jan 2026 16:53:22.455   79.89615627827993          -126.0079993819235          569.1871335731694          6926.602607087425         0.002645470383630572      
01 Jan 2026 16:54:12.260   -51.40893841175507         176.6309778928104           541.5623830844133          6906.674683719289         0.0006142401739313896     01 Jan 2026 16:54:12.260   -19.80101958914658         8.847968953068742           557.2036002046307          6932.90299759664          0.001023505485640617      01 Jan 2026 16:54:12.260   77.6081927681013           -137.037793857934           568.4719723570379          6926.216453009434         0.002551778628983772      
01 Jan 2026 16:55:04.702   -54.62795679896698         175.2192687729039           542.7185716507092          6906.674333659581         0.0007653493399426914     01 Jan 2026 16:55:04.702   -16.53151308135414         8.151925780635404           556.3718883409501          6932.789301688302         0.0009521581306965283     01 Jan 2026 16:55:04.702   74.8843022372708           -144.9020520690574          567.5974297531075          6925.814545048216         0.002438485633267878      
01 Jan 2026 16:55:57.406   -57.84684603443596         173.5951620880892           543.8453089492132          6906.68821794324          0.000914142722296417      01 Jan 2026 16:55:57.406   -13.24308591700054         7.468233285214278           555.6081858021535          6932.630599560815         0.0009095254807822291     01 Jan 2026 16:55:57.406   71.96545839341933          -150.4421030234432          566.5996340698684          6925.416119535778         0.002310781123801018      
01 Jan 2026 16:56:47.858   -60.90882331550444         171.785115455927            544.8786605138112          6906.716399830201         0.001051926218435482      01 Jan 2026 16:56:47.858   -10.09313210083741         6.825229129666651           554.952066456829           6932.436601707222         0.0008979811817738391     01 Jan 2026 16:56:47.858   69.0701306536115           -154.3696255950136          565.5404292002022          6925.040295468863         0.002176996330721836      
01 Jan 2026 16:57:40.347   -64.06780787554239         169.5421497476348           545.8947849538035          6906.76260841332          0.001188810583843581      01 Jan 2026 16:57:40.347   -6.814397934422302         6.165005780597909           554.3534803741632          6932.191045816316         0.0009150110598795484     01 Jan 2026 16:57:40.347   65.99110152605174          -157.5317791400728          564.3396629214503          6924.65535737916          0.00202766298462967       
01 Jan 2026 16:58:33.107   -67.20561633393547         166.7700885373674           546.8441648307235          6906.827703469776         0.001318253828115918      01 Jan 2026 16:58:33.107   -3.517452100277687         5.50730195816595            553.843123383077           6931.89955872123          0.0009574300258753095     01 Jan 2026 16:58:33.107   62.84969657677419          -160.0688762566096          563.0418113028918          6924.274743240802         0.001869376736617455      
01 Jan 2026 16:59:24.449   -70.20710799591306         163.3497169064127           547.6886246495405          6906.910052798591         0.001435062125041359      01 Jan 2026 16:59:24.449   -0.3082787171139351        4.870179937945926           553.43781631408            6931.573502108172         0.001017089981203642      01 Jan 2026 16:59:24.449   59.76093324029647          -162.1058509259666          561.7027463674813          6923.910367155087         0.001710095030038656      
01 Jan 2026 17:00:16.991   -73.19779183811018         158.7331521522041           548.4624826627087          6907.014587032153         0.001544059484570828      01 Jan 2026 17:00:16.991   2.976256221148694          4.218366983074367           553.1183618684936          6931.197462661827         0.001090780820485016      01 Jan 2026 17:00:16.991   56.57592801736743          -163.871398370143           560.2673144428718          6923.54341193611          0.001545034838355148      
01 Jan 2026 17:01:09.701   -76.0643143424488          152.3071318270789           549.1388514018236          6907.140672184979         0.001641648073037491      01 Jan 2026 17:01:09.701   6.271211175059579          3.561853698814959           552.8953400329465          6930.778454317258         0.001172229076924016      01 Jan 2026 17:01:09.701   53.36187747903435          -165.4014023466469          558.774815919819           6923.18098330285          0.001381593156081192      
01 Jan 2026 17:02:01.216   -78.64023393447333         143.1747195489695           549.6965464971536          6907.284791945907         0.001724801322281971      01 Jan 2026 17:02:01.216   9.491030549047208          2.914879713697558           552.7707839471987          6930.330086478912         0.001255080383526795      01 Jan 2026 17:02:01.216   50.20607135266703          -166.7191782783643          557.2792269525899          6922.831854652452         0.001229242841809636      
01 Jan 2026 17:02:53.833   -80.84287531344771         129.0964774885189           550.155342971665           6907.453409384564         0.001796568537273056      01 Jan 2026 17:02:53.833   12.7787367159203           2.24563333159348            552.736505374266           6929.834416958834         0.001339949974402481      01 Jan 2026 17:02:53.833   46.97061498691163          -167.9245660750426          555.7287086958568          6922.479940984218         0.001088314296969046      
01 Jan 2026 17:03:46.610   -82.24170826789421         108.3588764515861           550.4990723004566          6907.644105408713         0.001854673481057739      01 Jan 2026 17:03:46.610   16.0750459796195           1.562500910467451           552.792612029968           6929.301226437593         0.001423058377573949      01 Jan 2026 17:03:46.610   43.71491756280027          -169.0211225027925          554.1654347254544          6922.13112187574          0.0009711980203909492     
01 Jan 2026 17:04:37.291   -82.39192622185115         84.28496664265344           550.7170671673548          6907.847130592289         0.001897072454332832      01 Jan 2026 17:04:37.291   19.23869516721627          0.8919496335974885          552.9268945329495          6928.75768216562          0.001499418225242261      01 Jan 2026 17:04:37.291   40.58012606683776          -169.9893275438661          552.6711406336399          6921.799502508259         0.0008917489881808873     
01 Jan 2026 17:05:29.753   -81.2503925024449          62.2520425829046            550.8261662115801          6908.077117500775         0.001926987394208473      01 Jan 2026 17:05:29.753   22.51120761268033          0.1789185491068702          553.1425846867651          6928.165277162465         0.00157374743734967       01 Jan 2026 17:05:29.753   37.32769899125645          -170.9207850818817          551.1463759646749          6921.459080272963         0.0008528511886728894     
01 Jan 2026 17:06:22.432   -79.18951745392013         46.76048591563259           550.8170341160039          6908.327354468918         0.001942751379440553      01 Jan 2026 17:06:22.432   25.7944093918323           -0.5610087163542409         553.4300725225403          6927.543052605548         0.001642694959290002      01 Jan 2026 17:06:22.432   34.05510197596417          -171.7970269849363          549.6529003858022          6921.119558623773         0.0008616521085772385     
01 Jan 2026 17:07:12.459   -76.76527670982388         36.98300021675109           550.7002182569349          6908.581739337763         0.001944664098784218      01 Jan 2026 17:07:12.459   28.90924592569806          -1.290839423371612          553.7609032720957          6926.929828825184         0.001702297502176894      01 Jan 2026 17:07:12.459   30.94171659768425          -172.5842029639017          548.2830101926293          6920.798739241883         0.0009096521325593895     
01 Jan 2026 17:08:04.690   -73.9739893975119          29.99242937133598           550.4692780888026          6908.863295037996         0.001933436744470019      01 Jan 2026 17:08:04.690   32.1575830556399           -2.087121085507905          554.1572747937334          6926.269770042551         0.00175794268159275       01 Jan 2026 17:08:04.690   27.68605355434253          -173.3675785054224          546.9165935955962          6920.464968209928         0.0009901674137453313     
01 Jan 2026 17:08:57.363   -71.00654639273041         24.97267271293546           550.1286273600954          6909.162006551025         0.001908949926244198      01 Jan 2026 17:08:57.363   35.42879650267114          -2.933159353779948          554.5994978476883          6925.587335302585         0.0018068473642817        01 Jan 2026 17:08:57.363   24.3982966602863           -174.1247494715839          545.6179580281196          6920.129186029711         0.001090541629888372      
01 Jan 2026 17:09:47.096   -68.11940286334992         21.40853164758552           549.7134647428666          6909.45588135102          0.001874300501792801      01 Jan 2026 17:09:47.096   38.51262491637148          -3.780161737348112          555.046273549252           6924.931018058861         0.001846062530895725      01 Jan 2026 17:09:47.096   21.29027669616094          -174.8148175787885          544.4762849412245          6919.812588980855         0.001193470685204211      
01 Jan 2026 17:10:39.374   -65.02669150604987         18.47008468650656           549.1864214395227          6909.775120815            0.001826564050569296      01 Jan 2026 17:10:39.374   41.74840430454775          -4.732056814629226          555.53566867687            6924.23238373059          0.001879694776487585      01 Jan 2026 17:10:39.374   18.0198024131159           -175.5189839001339          543.3755900312435          6919.480066132538         0.001302710056150082      
01 Jan 2026 17:11:32.041   -61.86984885070739         16.08338202486689           548.5702327502222          6910.105128193441         0.001767646345111179      01 Jan 2026 17:11:32.041   45.0012408784003           -5.769423893949238          556.0376561488938          6923.523504911042         0.001905409625857157      01 Jan 2026 17:11:32.041   14.72190875186558          -176.2107196615633          542.3798595108556          6919.145290315189         0.001408214648860856      
01 Jan 2026 17:12:21.928   -58.85243200612838         14.19911688370161           547.9167500373351          6910.423188745915         0.001702744623839069      01 Jan 2026 17:12:21.928   48.07460165947783          -6.841925693045271          556.5106152683929          6922.851157908056         0.001921925023451243      01 Jan 2026 17:12:21.928   11.59580812159985          -176.853082161215           541.5496793664297          6918.828490984409         0.001500139186301282      
01 Jan 2026 17:13:14.262   -55.66565958348199         12.51025637425464           547.1685465396276          6910.760070525886         0.001626194298989037      01 Jan 2026 17:13:14.262   51.28909853582141          -8.084945827167486          556.9928866412629          6922.148824569095         0.001930750653945091      01 Jan 2026 17:13:14.262   8.314352248638908          -177.5168346550585          540.8041341327844          6918.496719749522         0.001585284482089991      
01 Jan 2026 17:14:06.912   -52.44263904101437         11.034576448437             546.362589191478           6911.099608981954         0.001541579922190076      01 Jan 2026 17:14:06.912   54.51078996450066          -9.490422945012508          557.4522882152405          6921.44940533213          0.001930529855722897      01 Jan 2026 17:14:06.912   5.011578442899562          -178.177258671095           540.1896065148057          6918.163989298054         0.001657049815361658      
01 Jan 2026 17:14:57.163   -49.35369842208644         9.786255210504084           545.554895821072           6911.42167668285          0.001454816402310573      01 Jan 2026 17:14:57.163   57.57153711961374          -11.01948081484796          557.8562861499886          6920.792256957576         0.001921506655090753      01 Jan 2026 17:14:57.163   1.858240797344229          -178.8035132978931          539.7339912791131          6917.847982235915         0.001711002368247177      
01 Jan 2026 17:15:49.314   -46.13721751061733         8.619906810320224           544.6891502965909          6911.751135351972         0.001359736329397748      01 Jan 2026 17:15:49.314   60.72919071506846          -12.86218288620599          558.2297622808446          6920.12476899719          0.001902737316158321      01 Jan 2026 17:15:49.314   -1.414879338178895         -179.451967548549           539.3990857017488          6917.522450353197         0.001750823874254384      
01 Jan 2026 17:16:42.017   -42.87741632949721         7.547231577492364           543.7987102217548          6912.0763049554           0.001259641066873273      01 Jan 2026 17:16:42.017   63.8944306909341           -15.08274915190357          558.5499299632565          6919.468979230871         0.00187373997522618       01 Jan 2026 17:16:42.017   -4.722707960761354         179.8914468110436           539.2045402999265          6917.197011146144         0.001773525098598115      
01 Jan 2026 17:17:33.047   -39.71346712450346         6.590019329590415           542.934221730331           6912.381013964663         0.001160011929404232      01 Jan 2026 17:17:33.047   66.9251791086006           -17.71171774652147          558.7963665459292          6918.855410556993         0.001835797167883875      01 Jan 2026 17:17:33.047   -7.925208042037307         179.2517427065699           539.1535643122124          6916.886460528449         0.00177823954266624       
01 Jan 2026 17:18:25.632   -36.44640055846709         5.67149799882637            542.0539803597048          6912.681831567871         0.001055674702105617      01 Jan 2026 17:18:25.632   69.99768288502882          -21.13341601286181          558.9768115373781          6918.248547213851         0.001786321282656105      01 Jan 2026 17:18:25.632   -11.22441473895325         178.5855562879157           539.2403650035494          6916.572548589999         0.001765139738765803      
01 Jan 2026 17:19:18.382   -33.163165719552           4.806562823967998           541.1947830232712          6912.967445111026         0.0009503670493414238     01 Jan 2026 17:19:18.382   73.00125705273329          -25.66062190979859          559.075721434092           6917.668882933777         0.001725941720647246      01 Jan 2026 17:19:18.382   -14.53255522252088         177.9069843414266           539.4657609829383          6916.265494634936         0.001733768647353246      
01 Jan 2026 17:20:08.933   -30.01188238444999         4.02120930787739            540.4055762275148          6913.223546620313         0.0008497421305880344     01 Jan 2026 17:20:08.933   75.76048826192037          -31.61471948119847          559.0877546883894          6917.143477887979         0.001657889829238843      01 Jan 2026 17:20:08.933   -17.7010478869584          177.243778706083            539.8067876841833          6915.980283207805         0.001686880778963692      
01 Jan 2026 17:21:01.412   -26.73597041846539         3.242984169941321           539.6333381661834          6913.468800073999         0.0007463906314658258     01 Jan 2026 17:21:01.412   78.41143750104158          -40.52795122486692          559.0100025910979          6916.631777173726         0.001576688450063219      01 Jan 2026 17:21:01.412   -20.98806813146233         176.5381825304708           540.2836970561284          6915.695446743106         0.001621326095992653      
01 Jan 2026 17:21:54.153   -23.43978112709914         2.492186802951442           538.9168259869357          6913.691833955662         0.0006443462109729101     01 Jan 2026 17:21:54.153   80.67054820803446          -54.07366381678582          558.8359026363469          6916.154510876428         0.001484347644153108      01 Jan 2026 17:21:54.153   -24.28854156793107         175.8071936294505           540.8809696085709          6915.422818411686         0.001538888219011044      
01 Jan 2026 17:22:44.291   -20.30311329139643         1.802285871072518           538.3006841464594          6913.880131118907         0.0005495130312567898     01 Jan 2026 17:22:44.291   82.11689925810531          -73.00234309505437          558.5793837970168          6915.737068560446         0.001386778636450056      01 Jan 2026 17:22:44.291   -27.42287494354976         175.0873116057334           541.549748832851           6915.178344947693         0.001446016547494654      
01 Jan 2026 17:23:36.700   -17.02157314661688         1.10130509931011            537.7334096904888          6914.050421207429         0.0004529868162430821     01 Jan 2026 17:23:36.700   82.45098233287668          -97.67501369550995          558.2159082391408          6915.340162333254         0.001274909906657944      01 Jan 2026 17:23:36.700   -30.69522161260969         174.3031193206699           542.3439173070747          6914.94031838945          0.001334918488755433      
01 Jan 2026 17:24:29.464   -13.7154165053826          0.4122143897440312          537.2497557901379          6914.192829521832         0.0003586858940201137     01 Jan 2026 17:24:29.464   81.43558784702867          -120.4690482362487          557.7524488867848          6914.982672029467         0.001152533453800998      01 Jan 2026 17:24:29.464   -33.98499738000773         173.4738496496709           543.2302327727739          6914.721111916298         0.001209873583338326      
01 Jan 2026 17:25:19.281   -10.59205180532301         -0.2265019582941111         536.880023758099           6914.299278273851         0.000272398458456306      01 Jan 2026 17:25:19.281   79.57621588250089          -135.939466451213           557.2272080265548          6914.684868949838         0.001028542187922797      01 Jan 2026 17:25:19.281   -37.08611504100915         172.6464027349274           544.1357430444114          6914.535142110671         0.001080961405664216      
01 Jan 2026 17:26:11.668   -7.306140475547778         -0.8889284831476686         536.5876640581491          6914.380801168933         0.0001848212349615245     01 Jan 2026 17:26:11.668   77.09242380794258          -146.7952086548435          556.5866671317945          6914.414005571827         0.0008899895269525795     01 Jan 2026 17:26:11.668   -40.34118782542953         171.7195046385666           545.1475271163108          6914.36387274654          0.0009355195217309924     
01 Jan 2026 17:27:04.401   -3.997567140571384         -1.549245398578135          536.397362035721           6914.430545665856         0.000101969573599027      01 Jan 2026 17:27:04.401   74.29909538922074          -154.1535595097037          555.8557430571745          6914.185518159562         0.000742912894667098      01 Jan 2026 17:27:04.401   -43.61050421815732         170.714483869259            546.2143366421697          6914.218973535138         0.0007805555860632514     
01 Jan 2026 17:27:54.199   -0.8725399001691079        -2.169559597534314          536.3158843545898          6914.447264388182         4.820575065843721e-05     01 Jan 2026 17:27:54.199   71.50972985466343          -159.1047411722766          555.0920799391679          6914.010455208935         0.0005979072187002364     01 Jan 2026 17:27:54.199   -46.69022149648895         169.6834702186723           547.2538148554486          6914.109572923035         0.0006280029954401514     
01 Jan 2026 17:28:46.627   2.417647055108361          -2.821948557138221          536.334331847901           6914.432878243105         9.166440546188337e-05     01 Jan 2026 17:28:46.627   68.47733970059195          -163.0069578599425          554.2185227289583          6913.868611481723         0.0004399210638799497     01 Jan 2026 17:28:46.627   -49.92304809497352         168.4907090499381           548.3685269103562          6914.025321439855         0.0004629477493558193     
01 Jan 2026 17:29:39.396   5.728868155990734          -3.480686272703483          536.4604606159355          6914.385339584341         0.0001719977443211924     01 Jan 2026 17:29:39.396   65.36142254990463          -166.0480780878266          553.2761911370044          6913.769239908455         0.0002767831885469692     01 Jan 2026 17:29:39.396   -53.16501779298057         167.1496519837598           549.4978333665758          6913.974634674751         0.0002954787179867532     
01 Jan 2026 17:30:29.688   8.88395162788623           -4.113174219937958          536.6793136697333          6914.309515427587         0.0002534599277175385     01 Jan 2026 17:30:29.688   62.35122311467969          -168.3843427150417          552.3285523722843          6913.714225382489         0.0001198899343882772     01 Jan 2026 17:30:29.688   -56.24127822727355         165.7028943969644           550.5683715877649          6913.959982124694         0.0001445458208108802     
01 Jan 2026 17:31:22.116   12.17178135652177          -4.78028775207132           537.0066240321939          6914.199425637261         0.0003409489074128402     01 Jan 2026 17:31:22.116   59.18314063260851          -170.4078565302032          551.2999118771195          6913.696992708744         5.908965598254724e-05     01 Jan 2026 17:31:22.116   -59.43043046346607         163.9651877710391           551.6656171251607          6913.98137044219          0.0001020517431860769     
01 Jan 2026 17:32:14.850   15.47715361322863          -5.462532704759759          537.4330801537362          6914.057698740531         0.0004313811968434913     01 Jan 2026 17:32:14.850   55.97341569785237          -172.1341897180768          550.2351211322612          6913.719558231797         0.0002220084382391074     01 Jan 2026 17:32:14.850   -62.61457679463216         161.9004595065863           552.7374068311683          6914.042168699635         0.000245350760541811      
01 Jan 2026 17:33:05.580   18.65485704250675          -6.132822294909205          537.9294055356859          6913.893222715001         0.0005207459844777263     01 Jan 2026 17:33:05.580   52.86879795143806          -173.5764456902171          549.1941840373192          6913.777470281797         0.0003824705752359643     01 Jan 2026 17:33:05.580   -65.647554650204           159.5011058968791           553.7270172771105          6914.139064419777         0.0004037605887446741     
01 Jan 2026 17:33:58.105   21.9423477622972           -6.845124223421528          538.5247890141272          6913.695367201406         0.000615726890861026      01 Jan 2026 17:33:58.105   49.64051088677373          -174.897242687275           548.1121102157558          6913.873023019773         0.0005464679485552263     01 Jan 2026 17:33:58.105   -68.74398209888112         156.4093291223446           554.6979709058878          6914.280079903859         0.0005675635091987908     
01 Jan 2026 17:34:50.846   25.24025850435266          -7.58363212992982           539.1972495946666          6913.470281906734         0.0007134593873440797     01 Jan 2026 17:34:50.846   46.38729634867217          -176.0860091469503          547.0346661456369          6914.003365474209         0.0007070126686613015     01 Jan 2026 17:34:50.846   -71.78684005287438         152.3845902995685           555.6079067011415          6914.464077678734         0.0007279382751061839     
01 Jan 2026 17:35:40.888   28.36597749761671          -8.310741437656361          539.8953051396484          6913.234125949822         0.000808059604528927      01 Jan 2026 17:35:40.888   43.29161595142364          -177.1131355111202          546.0334543367007          6914.15688084521          0.0008539711422345545     01 Jan 2026 17:35:40.888   -74.57787481497398         147.2539224150678           556.4027141105953          6914.678346791869         0.0008745463244314541     
01 Jan 2026 17:36:32.810   31.60510523625856          -9.098215724754834          540.6711211920046          6912.967973049975         0.000907634121907508      01 Jan 2026 17:36:32.810   40.07178623693934          -178.0956074206354          545.029337622711           6914.344694089889         0.0009994096074230152     01 Jan 2026 17:36:32.810   -77.3087163683128          139.7646206462643           557.1494235356058          6914.941635000549         0.001019666028137431      
01 Jan 2026 17:37:25.479   34.88600951028423          -9.938745234611959          541.5002885689401          6912.678411477955         0.001009417959724058      01 Jan 2026 17:37:25.479   36.79864510086409          -179.0219702998915          544.0602800859142          6914.562526529224         0.001138088285056524      01 Jan 2026 17:37:25.479   -79.77112455856414         128.4619187368781           557.8193216197133          6915.251136030737         0.001158534310639285      
01 Jan 2026 17:38:15.127   37.97367500199468          -10.77778429711582          542.3097340299073          6912.389749481007         0.001105296534093867      01 Jan 2026 17:38:15.127   33.70763537158582          -179.8422649504176          543.2044612879517          6914.790823400779         0.001259303208672347      01 Jan 2026 17:38:15.127   -81.56339330521195         112.5137740463723           558.3653539135348          6915.581524812562         0.001280948716448841      
01 Jan 2026 17:39:06.843   41.18397454494573          -11.71051643466801          543.1697731968434          6912.075393803674         0.001204168606687674      01 Jan 2026 17:39:06.843   30.48283974509321          179.3481763454621           542.3844071382418          6915.049990250788         0.001374436612252759      01 Jan 2026 17:39:06.843   -82.47059250947231         89.78577284232884           558.8424020742177          6915.964737511798         0.001399031642349209      
01 Jan 2026 17:39:59.487   44.44463567892269          -12.73548423615814          544.0502207965264          6911.743831278886         0.001302689248885107      01 Jan 2026 17:39:59.487   27.19560426186966          178.5629023468694           541.6363096836667          6915.333746977166         0.001478684011690571      01 Jan 2026 17:39:59.487   -82.04530617069094         65.16418114882795           559.2295509442538          6916.394582505084         0.001508795614945278      
01 Jan 2026 17:40:49.233   47.51793935697975          -13.79057320130061          544.8749017882556          6911.422420402124         0.001392748589607776      01 Jan 2026 17:40:49.233   24.08569399804417          177.8505250484247           541.0199766815076          6915.61812035363          0.001564094098704569      01 Jan 2026 17:40:49.233   -80.55176419974195         46.79966926899205           559.5032409520445          6916.836225912522         0.001602453128438266      
01 Jan 2026 17:41:41.307   50.72537347582175          -15.00773587243934          545.7181970336442          6911.08030222623          0.001482703627014389      01 Jan 2026 17:41:41.307   20.82703204816407          177.1301740578278           540.4788237473822          6915.930410106341         0.001638856875083871      01 Jan 2026 17:41:41.307   -78.29288997333663         33.72824535245275           559.6942903995669          6917.333688720284         0.001689741061967597      
01 Jan 2026 17:42:34.009   53.95940374967218          -16.38851726903351          546.5381962113825          6910.731029402421         0.001568025588180215      01 Jan 2026 17:42:34.009   17.52618093520326          176.4226369632652           540.0484804809321          6916.259379751725         0.001698374610635768      01 Jan 2026 17:42:34.009   -75.61739568195443         24.9505088413135            559.790148581631           6917.871630593847         0.001766721518408918      
01 Jan 2026 17:43:24.337   57.03369691751231          -17.88753071419524          547.2782233917087          6910.397335333807         0.001642989987549974      01 Jan 2026 17:43:24.337   14.37183100557473          175.763167497351            539.7550476779634          6916.583575816209         0.001739364250709344      01 Jan 2026 17:43:24.337   -72.86345375190622         19.12350669409811           559.7932117836426          6918.41542076306          0.001829515970908749      
01 Jan 2026 17:44:16.789   60.21912431618268          -19.69686503442267          547.993173918534           6910.052138887427         0.001713186418223932      01 Jan 2026 17:44:16.789   11.08261987847798          175.0890332692909           539.5777278348978          6916.929852537831         0.001765086546895658      01 Jan 2026 17:44:16.789   -69.87328782429218         14.68104277493599           559.7089288658981          6919.010765716408         0.001883864135530743      
01 Jan 2026 17:45:09.517   63.39626568714915          -21.85876555052088          548.6427924912541          6909.710491551746         0.00177446189394047       01 Jan 2026 17:45:09.517   7.774723804883622          174.4214704024216           539.5366717038441          6917.284650945048         0.001773142666655999      01 Jan 2026 17:45:09.517   -66.79051578865364         11.28693221263411           559.5401239092289          6919.635689649816         0.001927223411215512      
01 Jan 2026 17:46:00.393   66.42923486373336          -24.39747964805371          549.1940456359343          6909.388426982906         0.001823750658770369      01 Jan 2026 17:46:00.393   4.582246894189608          173.783993639498            539.6307648311367          6917.631646271072         0.001763925434900094      01 Jan 2026 17:46:00.393   -63.76792056107187         8.690132522683195           559.3041004335628          6920.260704392359         0.001958547297707725      
01 Jan 2026 17:46:52.933   69.51346464944915          -27.69001654524559          549.6762498498192          6909.066047310638         0.001863579030909964      01 Jan 2026 17:46:52.933   1.28503925047006           173.1296033151305           539.86758989187            6917.993219327466         0.001737087850329951      01 Jan 2026 17:46:52.933   -60.61202236417374         6.492806823830932           558.9929924159023          6920.925497753155         0.001980331380540227      
01 Jan 2026 17:47:45.671   72.53558103293784          -32.02051028895096          550.063006628825           6908.755169007183         0.00189140805375962       01 Jan 2026 17:47:45.671   -2.024432097473797         172.4739030710164           540.2482182179519          6918.358042008786         0.001692962129134275      01 Jan 2026 17:47:45.671   -57.41865497793879         4.642400363499409           558.6210590055871          6921.608914918623         0.001991729040517163      
01 Jan 2026 17:48:37.255   75.37709496168023          -37.812018175373            550.3401536657548          6908.465433784519         0.001906170767199388      01 Jan 2026 17:48:37.255   -5.260885399694345         171.8309047964891           540.7576190462751          6918.715536847526         0.001633987224412379      01 Jan 2026 17:48:37.255   -54.27645729004169         3.086310236024211           558.2091942294192          6922.289314547445         0.001993082530096803      
01 Jan 2026 17:49:29.849   78.07384933948552          -46.3018670129065           550.5140497657885          6908.186464038658         0.001907992071081047      01 Jan 2026 17:49:29.849   -8.559569498675332         171.1707954008876           541.4134833782964          6919.079702874192         0.001559041355593274      01 Jan 2026 17:49:29.849   -51.0579396751911          1.695080232196894           557.7509484236034          6922.991300858585         0.001984870655111531      
01 Jan 2026 17:50:22.614   80.40501677397651          -59.14525655183125          550.5738902332378          6907.924883125            0.001896002096794113      01 Jan 2026 17:50:22.614   -11.86733424845633         170.5009359231801           542.2051749107313          6919.443927312134         0.001470660861125221      01 Jan 2026 17:50:22.614   -47.81693530940945         0.4522371599080658          557.2636572554584          6923.699930119281         0.001967299483089105      
01 Jan 2026 17:51:13.397   81.98407038161831          -77.51772111386749          550.5203426821809          6907.691713376264         0.001871180229024119      01 Jan 2026 17:51:13.397   -15.04886892070237         169.8460108568082           543.0876083939775          6919.792860372753         0.001375507406814907      01 Jan 2026 17:51:13.397   -44.68830721154973         -0.6303109232333469         556.7796071921503          6924.382236588774         0.001941941219757979      
01 Jan 2026 17:52:05.843   82.47583617610354          -101.9237088828742          550.3492829768975          6907.471109005208         0.001831820976931974      01 Jan 2026 17:52:05.843   -18.33200539217039         169.1557229756593           544.1153417793457          6920.151186892546         0.001270219281166652      01 Jan 2026 17:52:05.843   -41.44922016666949         -1.655064988457546          556.275730452553           6925.083212321905         0.001907449020169883      
01 Jan 2026 17:52:58.527   81.60355295322606          -125.2898656143744          550.0591792505174          6907.270980317046         0.001778365727457836      01 Jan 2026 17:52:58.527   -21.6269671467312          168.4441732649692           545.2576543601454          6920.508882235757         0.001162035747810771      01 Jan 2026 17:52:58.527   -38.18841890130632         -2.607564778432063          555.7773060216186          6925.779587731896         0.001864707717752425      
01 Jan 2026 17:53:48.628   79.81356181213077          -141.5698769498553          549.6748863006496          6907.10113981734          0.001714868301976723      01 Jan 2026 17:53:48.628   -24.75699465625178         167.7465857197638           546.4364544950895          6920.846928063101         0.001063005430529236      01 Jan 2026 17:53:48.628   -35.08194221876693         -3.455141885731497          555.3213352644052          6926.430883775533         0.001816917542246296      
01 Jan 2026 17:54:40.658   77.38975882556537          -152.8751875187464          549.1669485529728          6906.946147958902         0.001636308202059313      01 Jan 2026 17:54:40.658   -28.00356340254246         166.995676081189            547.7450351963507          6921.195959972036         0.0009726739626012262     01 Jan 2026 17:54:40.658   -31.85088374912669         -4.286098954899146          554.8772324988167          6927.092258756759         0.001760321793162199      
01 Jan 2026 17:55:33.284   74.62494593440987          -160.5521098162487          548.5449674982201          6906.811554377206         0.001544405004587874      01 Jan 2026 17:55:33.284   -31.28262722652923         166.2027950801152           549.1436137511901          6921.547178571864         0.0009055349075951158     01 Jan 2026 17:55:33.284   -28.57836250310909         -5.084532204635471          554.4693042545305          6927.74192501191          0.001696316877128053      
01 Jan 2026 17:56:22.881   71.85845016121262          -165.6810799908307          547.8646505568731          6906.704891129906         0.001447068097278757      01 Jan 2026 17:56:22.881   -34.36805810820173         165.418312444351            550.5185383643147          6921.87689176551          0.0008756604232492355     01 Jan 2026 17:56:22.881   -25.49067510851867         -5.805082449949976          554.1321517894312          6928.333146050515         0.001630251415070568      
01 Jan 2026 17:57:14.905   68.85625252554047          -169.6926188692793          547.059871693652           6906.61357880183          0.00133469747251098       01 Jan 2026 17:57:14.905   -37.59874421640811         164.5483194570251           552.0066642247366          6922.221886925649         0.0008877302532331589     01 Jan 2026 17:57:14.905   -22.24870883826325         -6.533484460794861          553.8367916542938          6928.928082260599         0.001555560073500198      
01 Jan 2026 17:58:07.537   65.75204011446104          -172.8231951362486          546.1592391360873          6906.541902869623         0.001211415379834603      01 Jan 2026 17:58:07.537   -40.86042476486691         163.6083722871845           553.545576671122           6922.570609344744         0.00094665319819741       01 Jan 2026 17:58:07.537   -18.96604581878307         -7.24701545426335           553.6071598703302          6929.5004931267           0.001475158053795832      
01 Jan 2026 17:58:57.263   62.77735967564448          -175.200188553032           545.2374082093738          6906.492441321092         0.001087226334544294      01 Jan 2026 17:58:57.263   -43.93488729096328         162.6526692752817           555.0166967538771          6922.900379597926         0.001039794778147855      01 Jan 2026 17:58:57.263   -15.86248728386793         -7.903661901197753          553.4610026320679          6930.011302793844         0.001395660621563726      
01 Jan 2026 17:59:49.564   59.61744355978148          -177.2721250472002          544.2039145934896          6906.458444999184         0.0009498797407620096     01 Jan 2026 17:59:49.564   -47.15990998020153         161.559865948146            556.5674506537207          6923.248175029908         0.00116728804008281       01 Jan 2026 17:59:49.564   -12.5964571806944          -8.579758374265834          553.3876021241213          6930.514460833426         0.001309650746044394      
01 Jan 2026 18:00:42.215   56.41236254041592          -179.0357822067095          543.1090139865746          6906.441551086196         0.0008062225496555521     01 Jan 2026 18:00:42.215   -50.39607367129868         160.3464257911831           558.1171149688053          6923.599937000277         0.001316135713269865      01 Jan 2026 18:00:42.215   -9.307188050776764         -9.24881283358533           553.4019572436582          6930.983205411665         0.001222419923788493      
01 Jan 2026 18:01:32.263   53.34846639738567          179.5110554813056           542.0291719419183          6906.440217552449         0.0006663222372487619     01 Jan 2026 18:01:32.263   -53.46076070937148         159.0595532597269           559.5656659219767          6923.936424079615         0.001468903622158233      01 Jan 2026 18:01:32.263   -6.179593348041139         -9.877022056078308          553.5011841178402          6931.391614114457         0.001141219996305136      
01 Jan 2026 18:02:24.518   50.13526165837781          178.1710237273469           540.8738198889569          6906.452558216532         0.000518898416971708      01 Jan 2026 18:02:24.518   -56.64593792417529         157.5375185846017           561.0384846826             6924.290492639345         0.001633850507163835      01 Jan 2026 18:02:24.518   -2.913622744525761         -10.52771695751555          553.6960782564702          6931.777559128382         0.001061488223636011      
01 Jan 2026 18:03:17.147   46.88706261420101          176.9637298111475           539.694984738263           6906.477422151875         0.0003722058768864308     01 Jan 2026 18:03:17.147   -59.83500057796115         155.7629894766446           562.4669335892395          6924.650421700675         0.001800604807835785      01 Jan 2026 18:03:17.147   0.3757854878959944         -11.18052555345227          553.9875470131656          6932.122934361317         0.0009908264206941598     
01 Jan 2026 18:04:07.694   43.75782865531657          175.9103173068781           538.5615508279934          6906.511318527384         0.0002394435009548806     01 Jan 2026 18:04:07.694   -62.8748654470627          153.7522688526482           563.7743629584629          6924.999631640292         0.001957640162591807      01 Jan 2026 18:04:07.694   3.534790243971498          -11.80775072249001          554.356914604281           6932.412561609134         0.0009372694599592984     
01 Jan 2026 18:05:00.029   40.50964886844194          174.907313280398            537.400520332525           6906.554907525628         0.0001368124549936002     01 Jan 2026 18:05:00.029   -65.99014546823116         151.2340338270357           565.0491139266869          6925.365073152673         0.002113920133973381      01 Jan 2026 18:05:00.029   6.804713360403666          -12.46011016677318          554.829704979159           6932.668114911254         0.0009025793759757201     
01 Jan 2026 18:05:52.668   37.23524741055443          173.9712165604391           536.2595838706175          6906.605544224838         0.0001556139288791218     01 Jan 2026 18:05:52.668   -69.07726352243584         148.0623630313544           566.2386670180995          6925.736745178129         0.002262047489658029      01 Jan 2026 18:05:52.668   10.092413430783            -13.12216673933299          555.3945110930672          6932.879137966802         0.0008945969938405978     
01 Jan 2026 18:06:43.627   34.05921107701488          173.1215925813106           535.1939168198369          6906.659215651243         0.0002605954750522014     01 Jan 2026 18:06:43.627   -72.00045286165378         144.0875504982829           567.2916917670364          6926.100444063414         0.002394735080692976      01 Jan 2026 18:06:43.627   13.27363627955967          -13.77163848074383          556.0219159093904          6933.039274408584         0.0009158689379692003     
01 Jan 2026 18:07:36.175   30.77867708849008          172.2932602348              534.1483126069061          6906.717480939493         0.0003830683911086308     01 Jan 2026 18:07:36.175   -74.90865526859194         138.5461969992422           568.2667572581449          6926.479267699979         0.002518756890184802      01 Jan 2026 18:07:36.175   16.55195740919122          -14.45337146993935          556.7457734723512          6933.159048582218         0.0009677585726802321     
01 Jan 2026 18:08:28.869   27.48411560189026          171.5026599537884           533.1670317059097          6906.777037823134         0.0005029581448110946     01 Jan 2026 18:08:28.869   -77.6423703304834          130.611612326457            569.1234962787494          6926.862597992545         0.002628586331787585      01 Jan 2026 18:08:28.869   19.83684170348655          -15.15287399358528          557.5424647950449          6933.233384135188         0.001047237700374224      
01 Jan 2026 18:09:19.192   24.33382894211591          170.7784280708163           532.304074332661           6906.833329269079         0.0006100008493820973     01 Jan 2026 18:09:19.192   -79.94579129407377         119.3828216286648           569.8222989575443          6927.231341070884         0.002718760182514388      01 Jan 2026 18:09:19.192   22.97106844388303          -15.83952478048559          558.3613419373223          6933.262318574125         0.001144214470743271      
01 Jan 2026 18:10:11.604   21.04914774051161          170.0503539802223           531.4931636960837          6906.889756695577         0.000711297003381362      01 Jan 2026 18:10:11.604   -81.74727834028481         101.9040784108671           570.4210741855904          6927.617382376796         0.002796481063353669      01 Jan 2026 18:10:11.604   26.23203288540811          -16.57854931373805          559.2649903566353          6933.249824179387         0.001261927164741008      
01 Jan 2026 18:11:04.321   17.74220015966208          169.3400148619108           530.77808359755            6906.942744054013         0.0008009736352593906     01 Jan 2026 18:11:04.321   -82.49574764910462         78.17767772905171           570.8868320674082          6928.006709856762         0.0028572837143157        01 Jan 2026 18:11:04.321   29.50796273849039          -17.35186537374261          560.2154105364207          6933.194744359523         0.001392583681568273      
01 Jan 2026 18:11:54.369   14.60016041447109          168.6819835743884           530.2007627628818          6906.988307502298         0.0008735452691731493     01 Jan 2026 18:11:54.369   -81.94105829308795         55.15830198405863           571.2003420701758          6928.37618380213          0.002898452679782445      01 Jan 2026 18:11:54.369   32.61387624302729          -18.11984705153853          561.145568455986           6933.104500838897         0.001524043783754198      
01 Jan 2026 18:12:46.850   11.3033302676069           168.005367190363            529.7090085498367          6907.02999630016          0.0009354588024142274     01 Jan 2026 18:12:46.850   -80.26653182288979         36.63836039821504           571.393883544657           6928.762099727875         0.002924060083527842      01 Jan 2026 18:12:46.850   35.86573082281379          -18.96806410067867          562.1382304251474          6932.971968595303         0.001666139781051936      
01 Jan 2026 18:13:39.557   7.99062409653445           167.3361913935435           529.3383730544683          6907.064628206552         0.0009821756548736801     01 Jan 2026 18:13:39.557   -77.915429768876           24.22653371261796           571.4499017598537          6929.146531160094         0.002931647632596693      01 Jan 2026 18:13:39.557   39.12574915851379          -19.8737044276748           563.1403120691375          6932.801877550552         0.001810142255752587      
01 Jan 2026 18:14:29.301   4.863100408805693          166.7112564550381           529.1061570978309          6907.089971328337         0.00101146198781672       01 Jan 2026 18:14:29.301   -75.36766410783727         16.35195175781655           571.3778466918129          6929.504834689555         0.002922296823556004      01 Jan 2026 18:14:29.301   42.19632220144584          -20.78875423196216          564.0788337088843          6932.609411014212         0.001944782896646947      
01 Jan 2026 18:15:21.850   1.558510268274701          166.0551687151568           528.9878851853218          6907.10849109283          0.001026362417886315      01 Jan 2026 18:15:21.850   -72.48539973238226         10.50526791923243           571.1737845766702          6929.876719714768         0.00289535537417317       01 Jan 2026 18:15:21.850   45.43261415403022          -21.83366232163483          565.0499146528118          6932.374722207464         0.002083396852928135      
01 Jan 2026 18:16:14.574   -1.757320883208143         165.3982493185888           529.0019121917876          6907.118259999159         0.001024522013503075      01 Jan 2026 18:16:14.574   -69.47749989450986         6.218782680655163           570.842311576157           6930.240925446613         0.00285125779256603       01 Jan 2026 18:16:14.574   48.67071666999659          -22.98237562496302          565.9900214898944          6932.109380777331         0.002216618156684229      
01 Jan 2026 18:17:04.696   -4.909287809367287         164.7723659253439           529.1384005309083          6907.119311486959         0.001007154760331727      01 Jan 2026 18:17:04.696   -66.55040140398161         3.086099450878147           570.415755227642           6930.576820758426         0.002794166185725586      01 Jan 2026 18:17:04.696   51.73913590119869          -24.19146243736443          566.8398526276678          6931.831820554075         0.002336040380449228      
01 Jan 2026 18:17:57.155   -8.207445000973998         164.1130793347682           529.408144981825           6907.111996415019         0.0009728527038980157     01 Jan 2026 18:17:57.155   -63.43977158239454         0.4676816209131632          569.8607511173705          6930.915328354453         0.002719454004673599      01 Jan 2026 18:17:57.155   54.93805404225082          -25.61267714505241          567.6711737769028          6931.517492853605         0.002451789554901137      
01 Jan 2026 18:18:49.941   -11.5249885459753          163.4423085787787           529.807250568706           6907.096374737202         0.0009220819490829219     01 Jan 2026 18:18:49.941   -60.27551582360185         -1.691126009320478          569.1993898480159          6931.24007205097          0.002629901006756574      01 Jan 2026 18:18:49.941   58.14090242634305          -27.2514871442221           568.4354811482581          6931.179305529892         0.002557131315163689      
01 Jan 2026 18:19:40.645   -14.70999089222195         162.7880315280206           530.3065759322826          6907.074191395789         0.0008585309461057816     01 Jan 2026 18:19:40.645   -57.21245764055239         -3.440937941962017          568.4766527514075          6931.534652759274         0.002531468987983526      01 Jan 2026 18:19:40.645   61.19792209281822          -29.08696881998761          569.0904699146786          6930.836349395708         0.002646438587163883      
01 Jan 2026 18:20:33.300   -18.01546423842005         162.0947933198506           530.9391350312708          6907.044578108461         0.0007779966753203784     01 Jan 2026 18:20:33.300   -54.01274606912366         -5.009286494351614          567.6463458810294          6931.820105084032         0.002417732483830041      01 Jan 2026 18:20:33.300   64.34590125395184          -31.36184202975384          569.6780012682648          6930.464033745742         0.002725602797223264      
01 Jan 2026 18:21:26.033   -21.32308883014402         161.3825837813834           531.6812170472831          6907.009305790138         0.0006835334956258209     01 Jan 2026 18:21:26.033   -50.7932613681179          -6.387048942125232          566.7453883314802          6932.08253164598          0.002293614100029309      01 Jan 2026 18:21:26.033   67.46076305548219          -34.16794760569108          570.1619220621023          6930.077304047474         0.002789887634223096      
01 Jan 2026 18:22:16.174   -24.46515258866241         160.6846305646644           532.4791812402618          6906.97174958095          0.000582077352872245      01 Jan 2026 18:22:16.174   -47.7206629247931          -7.558411778905513          565.8359395263233          6932.307961600834         0.002167688084545332      01 Jan 2026 18:22:16.174   70.37192848179048          -37.54588974165392          570.5169809621093          6929.699065097352         0.002836205800133929      
01 Jan 2026 18:23:08.234   -27.72383783450189         159.9337096271454           533.3931436814901          6906.930004783632         0.0004662817748034966     01 Jan 2026 18:23:08.234   -44.52075911303722         -8.661810973418534          564.8496902491843          6932.514799803243         0.00203056573288807       01 Jan 2026 18:23:08.234   73.31500655122966          -42.15604205997145          570.7700448860551          6929.297820791462         0.002868276306379156      
01 Jan 2026 18:24:00.941   -31.01868293851474         159.1402617537142           534.3959579527527          6906.886478879375         0.0003405087195094997     01 Jan 2026 18:24:00.941   -41.27253835769034         -9.685330479016054          563.820791000825           6932.693581344414         0.001887159571657868      01 Jan 2026 18:24:00.941   76.16079604522906          -48.62636035637644          570.9001094750683          6928.885010512623         0.002883524322873126      
01 Jan 2026 18:24:50.571   -34.11669724789131         158.3560661003146           535.400464290833           6906.845903430052         0.0002185989740329612     01 Jan 2026 18:24:50.571   -38.20709212879182         -10.57951579498642          562.836179511497           6932.831668398416         0.001749988084619499      01 Jan 2026 18:24:50.571   78.62754439351329          -57.41727284217747          570.9021139543056          6928.492187638111         0.002881666797153213      
01 Jan 2026 18:25:42.060   -37.32539707102801         157.4964284067805           536.492327357555           6906.805923543631         0.0001093579163916631     01 Jan 2026 18:25:42.060   -35.02079676788919         -11.44894292408166          561.8109656149009          6932.941887698652         0.001607887748168883      01 Jan 2026 18:25:42.060   80.78600837099748          -71.00476537184056          570.7774920966531          6928.082287887243         0.002862913782213713      
01 Jan 2026 18:26:34.717   -40.6005729626006          156.5581808693577           537.6482128266944          6906.769113056673         0.0001333574475665205     01 Jan 2026 18:26:34.717   -31.75652360542912         -12.28770798113688          560.7713965781222          6933.017836436464         0.001465675161739241      01 Jan 2026 18:26:34.717   82.21529893811679          -91.365228102468            570.5146585332823          6927.662345980349         0.00282599456209867       
01 Jan 2026 18:27:24.316   -43.67871560837968         155.6075547136207           538.7607020829073          6906.739955040598         0.000257381675819908      01 Jan 2026 18:27:24.316   -28.67728112306976         -13.03930948999623          559.8120178012205          6933.053700755197         0.001337724712955155      01 Jan 2026 18:27:24.316   82.43201964485662          -114.7981673607506          570.1414689196563          6927.267578861639         0.002774982127518275      
01 Jan 2026 18:28:16.019   -46.87935462172457         154.531347044107            539.9317551543809          6906.717063444948         0.0004038807495072124     01 Jan 2026 18:28:16.019   -25.46319964954104         -13.79003375634243          558.8438133211566          6933.052718671693         0.001214344960621562      01 Jan 2026 18:28:16.019   81.39717212081364          -136.8705547657397          569.6237112549497          6926.858193202014         0.00270540923552039       
01 Jan 2026 18:29:08.686   -50.12973792680137         153.3234253436531           541.1227260716723          6906.703494632206         0.00055719037671692       01 Jan 2026 18:29:08.686   -22.18526032923337         -14.52643050311562          557.9023039520534          6933.010070499952         0.001103819634826891      01 Jan 2026 18:29:08.686   79.4041745869538           -152.854476646404           568.9637420483832          6926.444596189881         0.002617936643195826      
01 Jan 2026 18:29:58.627   -53.20068711649572         152.0465229456343           542.2373870337588          6906.70141908164          0.0007025775608381394     01 Jan 2026 18:29:58.627   -19.07389666183044         -15.20307204820599          557.0610690185049          6932.929745379241         0.001017993891787608      01 Jan 2026 18:29:58.627   77.02504794711075          -162.9487835754517          568.2181585290218          6926.056541096536         0.002520290395319456      
01 Jan 2026 18:30:51.095   -56.41278153626317         150.5276591959776           543.3798724412463          6906.712263865426         0.0008529889263280764     01 Jan 2026 18:30:51.095   -15.80221236336544         -15.89562814352681          556.2406508846589          6932.802677797706         0.0009527888043098613     01 Jan 2026 18:30:51.095   74.25044054827565          -170.1887235991844          567.3146571729467          6925.653955645144         0.002403330274506761      
01 Jan 2026 18:31:43.778   -59.61955301985432         148.762829337276            544.4843916710579          6906.738231416432         0.0009996823607109815     01 Jan 2026 18:31:43.778   -12.51461339825736         -16.5760498615342           555.4907699551886          6932.630497794939         0.0009170362160293694     01 Jan 2026 18:31:43.778   71.30414573006917          -175.3425601899508          566.2905719638011          6925.25559339183          0.002272405898156066      
01 Jan 2026 18:32:34.448   -62.68110900657089         146.7611896263934           545.4944677683025          6906.778893954332         0.001135061995423098      01 Jan 2026 18:32:34.448   -9.350669456716417         -17.21965126708816          554.8463725707143          6932.422466893989         0.0009119865877315479     01 Jan 2026 18:32:34.448   68.37898489364876          -179.0496158744799          565.2030882832069          6924.87839859472          0.002135266516872298      
01 Jan 2026 18:33:26.914   -65.81949203177732         144.2548157501249           546.4747901835126          6906.838520966566         0.001267835372774746      01 Jan 2026 18:33:26.914   -6.07305330139113          -17.87800510308968          554.2644522749561          6932.163256165103         0.0009349438448366909     01 Jan 2026 18:33:26.914   65.28922451834849          177.9552366562023           563.9806473493045          6924.494214986426         0.001983578999062536      
01 Jan 2026 18:34:19.604   -68.92557702138282         141.1041008938671           547.3812795116237          6906.917498746429         0.001392204688391449      01 Jan 2026 18:34:19.604   -2.780298163412045         -18.5339153501444           553.7720660260766          6931.858445292444         0.0009818421690963566     01 Jan 2026 18:34:19.604   62.14357883497488          175.5357053212677           562.6651880989102          6924.114982893041         0.001823665514563306      
01 Jan 2026 18:35:11.149   -71.8983827966502          137.109769234247            548.1828234368422          6907.014196192646         0.001503962980692191      01 Jan 2026 18:35:11.149   0.4416188487044497         -19.17327220052539          553.3827498424826          6931.517789415248         0.001044757680102916      01 Jan 2026 18:35:11.149   59.03656389858879          173.5710679430817           561.3048599452841          6923.7502856081           0.001662652509393219      
01 Jan 2026 18:36:03.756   -74.8265439941659          131.5899751551933           548.9053282031828          6907.133412616299         0.001606839229308706      01 Jan 2026 18:36:03.756   3.730231765482293          -19.82624673749187          553.0813407836549          6931.127835233412         0.001120362952332641      01 Jan 2026 18:36:03.756   55.84280180850851          171.8645446206616           559.8544666917333          6923.384252347725         0.001497177561246677      
01 Jan 2026 18:36:56.484   -77.57966440908241         123.6864597649116           549.5251771816374          6907.274173902402         0.001697681305093825      01 Jan 2026 18:36:56.484   7.026229475231981          -20.48400072205843          552.8767253586248          6930.695522115143         0.001202625384050296      01 Jan 2026 18:36:56.484   52.62381792580405          170.3804046256674           558.3517406772353          6923.023279265399         0.001334725529501417      
01 Jan 2026 18:37:47.792   -79.94214500663352         112.23146578152             550.0222599212739          6907.431784665261         0.001773553497731116      01 Jan 2026 18:37:47.792   10.2328891408746           -21.13000022301095          552.7701058518314          6930.236656939391         0.001285142255160584      01 Jan 2026 18:37:47.792   49.47770876756891          169.1025039330792           556.856306921808           6922.677246038576         0.001185643966677337      
01 Jan 2026 18:38:40.387   -81.75271595852237         94.58194010764424           550.4186803196963          6907.614415498208         0.001837930647052633      01 Jan 2026 18:38:40.387   13.51892979377369          -21.80133102804126          552.7528179634874          6929.729201632937         0.001369398018843842      01 Jan 2026 18:38:40.387   46.24103967527472          167.9251696454406           555.3041293159758          6922.327336531706         0.001049778494540124      
01 Jan 2026 18:39:33.123   -82.48897162899249         70.70813767034807           550.6980659445671          6907.818610414214         0.001888453233995782      01 Jan 2026 18:39:33.123   16.81223875777177          -22.48706759712551          552.8248606774368          6929.185066901957         0.001451425443165384      01 Jan 2026 18:39:33.123   42.9857284281151           166.8513584191544           553.743512510413           6921.980764515541         0.0009407991026700925     
01 Jan 2026 18:40:23.649   -81.90008485216657         47.45903321121908           550.8533446544325          6908.033481985008         0.00192346792786603       01 Jan 2026 18:40:23.649   19.96578043615323          -23.15937364334807          552.9727216380588          6928.633030009715         0.001526275258604022      01 Jan 2026 18:40:23.649   39.8586767333055           165.9028743833821           552.2585935218067          6921.652119253965         0.000872346949357299      
01 Jan 2026 18:41:15.703   -80.20901420848081         29.18853763444963           550.8982302702252          6908.273685104452         0.001945780998186116      01 Jan 2026 18:41:15.703   23.21224468177844          -23.87159140771271          553.1993200671022          6928.035713557034         0.001598489705717533      01 Jan 2026 18:41:15.703   36.62996386436286          164.9924171113349           550.7539969946229          6921.316418417228         0.0008468558413017374     
01 Jan 2026 18:42:08.315   -77.83930833763655         16.87459720471589           550.8263747329311          6908.534771025826         0.001954257034023067      01 Jan 2026 18:42:08.315   26.49061830977614          -24.6163497640966           553.4972132706525          6927.405636143602         0.001665621483402089      01 Jan 2026 18:42:08.315   33.36009994362362          164.1283978541711           549.2740315132469          6920.9794573607           0.0008687352494824535     
01 Jan 2026 18:42:58.320   -75.25843998359451         9.016379565693626           550.6515609896041          6908.798705471669         0.001949450959556398      01 Jan 2026 18:42:58.320   29.60333865365554          -25.35249247668368          553.8364168932958          6926.785348835468         0.001723404485097617      01 Jan 2026 18:42:58.320   30.24689771777024          163.350236998234            547.9187517288574          6920.660834199269         0.0009270774370774141     
01 Jan 2026 18:43:50.541   -72.37513289128623         3.247394121248072           550.3623976542722          6909.089205167554         0.001931466291057422      01 Jan 2026 18:43:50.541   32.85013213954151          -26.156991648208            554.2397117970149          6926.118720446712         0.001777027497697772      01 Jan 2026 18:43:50.541   26.99077660516756          162.5744843791487           546.5701674616375          6920.329295715479         0.001015302085974493      
01 Jan 2026 18:44:43.231   -69.35129172726124         -1.012136217423147          549.9660148588828          6909.395864438134         0.001900472332131967      01 Jan 2026 18:44:43.231   36.12132624792684          -27.01358732679868          554.687072160169           6925.430346100813         0.00182378704022183       01 Jan 2026 18:44:43.231   23.70099642772356          161.8232584113833           545.291697345885           6919.995607724544         0.001120472455466594      
01 Jan 2026 18:45:33.025   -66.42691804231666         -4.110434866923803          549.5012985882649          6909.69631640633          0.001859974073386462      01 Jan 2026 18:45:33.025   39.20784495540018          -27.8735082724811           555.1371460063128          6924.768789230026         0.001860891505649337      01 Jan 2026 18:45:33.025   20.58828054768459          161.1371372258041           544.170531095604           6919.680707812369         0.001225790198663738      
01 Jan 2026 18:46:25.326   -63.30877639669766         -6.712661318550177          548.9268729477726          6910.020872703354         0.00180651469236319       01 Jan 2026 18:46:25.326   42.44364638282529          -28.84110758192251          555.627485154997           6924.066268613532         0.00189215267927089       01 Jan 2026 18:46:25.326   17.31560352842781          160.436772948684            543.0947469650046          6919.350252652771         0.001335666117254052      
01 Jan 2026 18:47:18.025   -60.13290053458219         -8.862353371790334          548.267976550701           6910.354820518273         0.001742269054068344      01 Jan 2026 18:47:18.025   45.69675913170189          -29.89822422781042          556.1282201116519          6923.354491613307         0.001915364339721328      01 Jan 2026 18:47:18.025   14.01508231961565          159.7479095046343           542.1261498429085          6919.017538852669         0.001440421361446404      
01 Jan 2026 18:48:07.949   -57.10119561541306         -10.58327036949247          547.5791962317498          6910.675243466981         0.001672752289097714      01 Jan 2026 18:48:07.949   48.77050320180243          -30.99415828902237          556.5979237313941          6922.680361316166         0.001929403798336549      01 Jan 2026 18:48:07.949   10.88615731032103          159.107477004062            541.3233420049282          6918.702696559852         0.001530638420763213      
01 Jan 2026 18:49:00.223   -53.90835340029204         -12.14095342740417          546.8014307885242          6911.012440449595         0.001592003776519118      01 Jan 2026 18:49:00.223   51.97893804708589          -32.26561872888561          557.0736746548655          6921.978579969112         0.001935521725380732      01 Jan 2026 18:49:00.223   7.60802652038273           158.4463181493351           540.6093177863204          6918.373675374559         0.001613010952582587      
01 Jan 2026 18:49:52.914   -50.67507790007828         -13.51874411476214          545.9708063467624          6911.351339704644         0.001503531948722854      01 Jan 2026 18:49:52.914   55.20018849889901          -33.7109896750019           557.5252098338551          6921.279471698581         0.001932495242206022      01 Jan 2026 18:49:52.914   4.302331999434416          157.7865644900338           540.0262947785041          6918.043185971364         0.001681463978794181      
01 Jan 2026 18:50:43.347   -47.5689065784074          -14.69746739684871          545.1436082975742          6911.672165618783         0.001413317529152928      01 Jan 2026 18:50:43.347   58.26839245266422          -35.29462335671272          557.9207127763557          6920.621812683924         0.001920663480683971      01 Jan 2026 18:50:43.347   1.137353223973406          157.1585946999517           539.6006379229584          6917.728578801545         0.001731850694208317      
01 Jan 2026 18:51:35.628   -44.33917284020081         -15.80550875423083          544.265378517598           6911.998332790257         0.001315258575723532      01 Jan 2026 18:51:35.628   61.42893471540093          -37.21075464821428          558.2826768219702          6919.955672566734         0.001898882063635817      01 Jan 2026 18:51:35.628   -2.144040370492307         156.5084998087515           539.298476775818           6917.405081083857         0.001767413288093295      
01 Jan 2026 18:52:28.344   -41.07409122381034         -16.82904387326925          543.3715635639792          6912.317776420407         0.001212903710657196      01 Jan 2026 18:52:28.344   64.58809347742721          -39.52836396989871          558.5883932188444          6919.303798305275         0.001866831491916555      01 Jan 2026 18:52:28.344   -5.452700384289105         155.8510944494558           539.1379834163126          6917.082695587543         0.001785384604494019      
01 Jan 2026 18:53:19.502   -37.89846125424432         -17.7497930719808           542.5088482946121          6912.616032466372         0.001111351430587629      01 Jan 2026 18:53:19.502   67.61698199167265          -42.29790610154387          558.8195925003911          6918.693601132665         0.001825803948174673      01 Jan 2026 18:53:19.502   -8.663150859638661         155.2085142260375           539.119860083134           6916.774719929123         0.00178528268622927       
01 Jan 2026 18:54:12.085   -34.62822851188876         -18.63560692843026          541.6398213968414          6912.907819158754         0.001005785153725597      01 Jan 2026 18:54:12.085   70.67480374173807          -45.92379352392254          558.9821328630023          6918.092738129778         0.001773249105770978      01 Jan 2026 18:54:12.085   -11.96198173864676         154.5403692145647           539.2400689285423          6916.464654497302         0.001767079278701738      
01 Jan 2026 18:55:04.820   -31.34301025777238         -19.47352138342726          540.7990948779034          6913.182750976624         0.0008997281771423371     01 Jan 2026 18:55:04.820   73.65448947579459          -50.76750699842751          559.0617812221481          6917.520055007661         0.001709828074087573      01 Jan 2026 18:55:04.820   -15.26887096179606         153.859242798928            539.4978801623674          6916.161968955936         0.001730571697140403      
01 Jan 2026 18:55:55.347   -28.19078174846708         -20.23739299928065          540.034028367545           6913.42717265442          0.0007987901534060202     01 Jan 2026 18:55:55.347   76.37552264828125          -57.20670448411192          559.0544385409212          6917.002133835626         0.001638935654684645      01 Jan 2026 18:55:55.347   -18.43545413194411         153.1929498985872           539.8685721204693          6915.881459551176         0.001678837973660262      
01 Jan 2026 18:56:47.875   -24.90969271277915         -20.99823026246031          539.2919711071281          6913.659242475855         0.0006953151344603534     01 Jan 2026 18:56:47.875   78.95992750707192          -66.96525887606244          558.9557248608326          6916.498164998197         0.001554754423053056      01 Jan 2026 18:56:47.875   -21.72490970618823         152.4822699382655           540.3753641476242          6915.601652711922         0.001608299000050451      
01 Jan 2026 18:57:40.672   -21.60811695990903         -21.73491866869859          538.6116486595411          6913.867682942709         0.0005934268890596647     01 Jan 2026 18:57:40.672   81.0888045786734           -81.85779582633567          558.7598949953699          6916.029276574667         0.001459496176321467      01 Jan 2026 18:57:40.672   -25.02818276505464         151.7449534848386           541.001073624172           6915.33466564933          0.001521030695152563      
01 Jan 2026 18:58:30.620   -18.48181526115697         -22.41073623973053          538.0375783270702          6914.040140958431         0.0004994136363553207     01 Jan 2026 18:58:30.620   82.30885949032728          -102.1188981639658          558.483954940707           6915.622258273817         0.001359768176187118      01 Jan 2026 18:58:30.620   -28.14985889200565         151.0214294455139           541.6915021455052          6915.097298141507         0.001424314545514794      
01 Jan 2026 18:59:23.081   -15.1956714995476          -23.10275211401717          537.5158414640237          6914.193690133834         0.0004034555777045358     01 Jan 2026 18:59:23.081   82.33581032517517          -127.0652007953474          558.099000320216           6915.23461995805          0.001245298973587679      01 Jan 2026 18:59:23.081   -31.42452139597863         150.2283793252493           542.5094464508365          6914.866144038199         0.001309063608647022      
01 Jan 2026 19:00:15.861   -11.88739635581273         -23.78447058119779          537.0823913107279          6914.318153157499         0.0003100134253115416     01 Jan 2026 19:00:15.861   81.06138775247477          -148.5419530812032          557.6145905040785          6914.887132643169         0.001120552870911681      01 Jan 2026 19:00:15.861   -34.71422314096122         149.3889189934259           543.4166741216186          6914.654716673147         0.001180319041290622      
01 Jan 2026 19:01:05.597   -8.768375697091763         -24.41676691412633          536.7635669051488          6914.406751218852         0.0002251295825111668     01 Jan 2026 19:01:05.597   79.06135625305268          -162.6463670307308          557.0714202863146          6914.599590317592         0.0009947549123708926     01 Jan 2026 19:01:05.597   -37.80905349595908         148.5514967397102           544.3376173121806          6914.477066029979         0.001048604055077176      
01 Jan 2026 19:01:57.895   -5.487457088012671         -25.0741395926018           536.5267107218142          6914.468980435495         0.0001406137328965905     01 Jan 2026 19:01:57.895   76.50127701424211          -172.5446154408214          556.4134465063244          6914.339596842789         0.0008545415294043183     01 Jan 2026 19:01:57.895   -41.05716632525704         147.6117410659666           545.3626736121323          6914.315127537396         0.0009007494280188623     
01 Jan 2026 19:02:50.630   -2.178401757523712         -25.73218766410694          536.3933230447365          6914.498968422989         7.053943367395528e-05     01 Jan 2026 19:02:50.630   73.66385331839898          -179.3350076677065          555.6653223176609          6914.121701258772         0.0007057794237115857     01 Jan 2026 19:02:50.630   -44.3249418817722          146.588764929263            546.4417210668926          6914.179973718782         0.0007436731685441192     
01 Jan 2026 19:03:40.431   0.946870898440611          -26.35183581594385          536.3662541931608          6914.496760342729         7.362898339587776e-05     01 Jan 2026 19:03:40.431   70.84984428844132          176.0453439080744           554.886992454316           6913.956708726056         0.0005594033372371435     01 Jan 2026 19:03:40.431   -47.40294499605589         145.5367151108971           547.4900621939032          6914.080356611135         0.0005897395338803892     
01 Jan 2026 19:04:32.786   4.2322650282829            -27.00409425531194          536.4416780333268          6914.462420409849         0.0001439803365622251     01 Jan 2026 19:04:32.786   67.80545231056297          172.3733391760321           554.0012609539808          6913.825633785843         0.0004004677503318579     01 Jan 2026 19:04:32.786   -50.6288735079557          144.3180505481471           548.6096007582119          6914.007057703303         0.0004243720768337582     
01 Jan 2026 19:05:25.531   7.541556089771448          -27.6649193482561           536.6241085079218          6914.394901677869         0.0002274805063290966     01 Jan 2026 19:05:25.531   64.68011963300361          169.4837541243631           553.0481521194042          6913.736850363295         0.0002365818491910726     01 Jan 2026 19:05:25.531   -53.86648370089983         142.9421490092804           549.7418940737671          6913.967807188257         0.0002584521958545025     
01 Jan 2026 19:06:15.748   10.69128384440005          -28.30027396427468          536.8945323287353          6914.300441974614         0.0003105402164721722     01 Jan 2026 19:06:15.748   61.66718165730254          167.250330531251            552.0935912885116          6913.691796414635         8.067514504026949e-05     01 Jan 2026 19:06:15.748   -56.93474362067904         141.4539687072033           550.811491432165           6913.96444353701          0.0001195107431555942     
01 Jan 2026 19:07:08.209   13.98024135147416          -28.97349162651255          537.2737178199795          6914.171173414919         0.0003998825100200972     01 Jan 2026 19:07:08.209   58.4915629602123           165.300428304599            551.0581752537937          6913.684667513782         9.687824314770491e-05     01 Jan 2026 19:07:08.209   -60.12133907482634         139.6550003777262           551.9074076407014          6913.997980610035         0.0001360367941325153     
01 Jan 2026 19:08:00.925   17.28331971879762          -29.66314137056652          537.7486396501363          6914.010951102883         0.0004921715520100912     01 Jan 2026 19:08:00.925   55.27866108245136          163.6302358392166           549.9903568676336          6913.717138560844         0.0002630042364608238     01 Jan 2026 19:08:00.925   -63.29833582588367         137.5082566547094           552.9741406432486          6914.071270560102         0.0002878335044028899     
01 Jan 2026 19:08:51.426   20.44527496692557          -30.33967873795198          538.285296054506           6913.830316432261         0.0005829224108569534     01 Jan 2026 19:08:51.426   52.1849013930012           162.2345021585917           548.9536357497436          6913.783902438161         0.0004228287230352898     01 Jan 2026 19:08:51.426   -66.30966744253131         135.0100970930463           553.9525160242538          6914.179835125829         0.0004454200174647323     
01 Jan 2026 19:09:43.820   23.72293817754889          -31.06211761717719          538.9185659722116          6913.616494598327         0.00067938213626141       01 Jan 2026 19:09:43.820   48.96197572406487          160.9486442928962           547.8765973909722          6913.888190515635         0.0005860577140916161     01 Jan 2026 19:09:43.820   -69.38674871137073         131.76363844645             554.9119927626389          6914.333052971015         0.0006079266911658152     
01 Jan 2026 19:10:36.512   27.01578652318158          -31.81462927895027          539.6246459221902          6913.376278608342         0.0007784749327115848     01 Jan 2026 19:10:36.512   45.70963879214248          159.7857736772651           546.8054452388487          6914.026954891456         0.000745744437420057      01 Jan 2026 19:10:36.512   -72.40887341697272         127.4961163672952           555.8099838447488          6914.529474226958         0.0007669703891802048     
01 Jan 2026 19:11:26.477   30.13460851828204          -32.55754463716755          540.3487656237476          6913.127166246518         0.0008739445548605773     01 Jan 2026 19:11:26.477   42.61693636678617          158.7788957346651           545.8134283974659          6914.187867870973         0.0008915047180504958     01 Jan 2026 19:11:26.477   -75.16842631466119         122.0076624734754           556.5914422246979          6914.755273692592         0.0009120607472460962     
01 Jan 2026 19:12:18.229   33.36060203523077          -33.36355660491549          541.1442064703751          6912.849493462016         0.000973765338637219      01 Jan 2026 19:12:18.229   39.40613667165319          157.8151528009373           544.8231590649302          6914.382413289802         0.001035154551555216      01 Jan 2026 19:12:18.229   -77.84218083619609         113.9337437444328           557.3218126934189          6915.029759035436         0.001055235954762267      
01 Jan 2026 19:13:10.902   36.63886242835854          -34.23025101175469          541.9895468435216          6912.54883335309          0.001075553816469658      01 Jan 2026 19:13:10.902   36.13139396185647          156.9014431522495           543.8673997242631          6914.607150436799         0.001172185160587839      01 Jan 2026 19:13:10.902   -80.21400135920499         101.6211547809531           557.9764630794853          6915.351285789215         0.001192514867824295      
01 Jan 2026 19:14:00.636   39.72870138274139          -35.10074912701105          542.8094620760403          6912.250673542572         0.001170984663818796      01 Jan 2026 19:14:00.636   33.0339598437733           156.0896481665553           543.0251870277498          6914.841821774884         0.001291715659663163      01 Jan 2026 19:14:00.636   -81.85020243470998         84.327590581118             558.5079616133771          6915.69334504827          0.001313534972514474      
01 Jan 2026 19:14:52.370   42.93631054030389          -36.07198434544074          543.6727242293937          6911.928410610347         0.001268571841846208      01 Jan 2026 19:14:52.370   29.80708680875303          155.2883823720384           542.2229546246608          6915.106729410904         0.001404575757542115      01 Jan 2026 19:14:52.370   -82.49801943069609         60.67207684594753           558.9682715196532          6916.087931928892         0.001429909078184434      
01 Jan 2026 19:15:45.028   46.19334168229106          -37.14537343235667          544.5494567443775          6911.590506735622         0.001365030464212962      01 Jan 2026 19:15:45.028   26.51813462169033          154.5100913853073           541.495382189325           6915.395677678785         0.0015061477222101        01 Jan 2026 19:15:45.028   -81.79645363473632         36.73664121434459           559.3378454410895          6916.528919435244         0.001537863133624046      
01 Jan 2026 19:16:34.721   49.25842762714755          -38.25590649377277          545.3631335883128          6911.265112327951         0.001452324199727169      01 Jan 2026 19:16:34.721   23.41082373906109          153.8040504187047           540.9011210173458          6915.68396641436          0.001588611166632628      01 Jan 2026 19:16:34.721   -80.12902680627323         19.72697641738397           559.5944704000194          6916.980039731794         0.001629651576650769      
01 Jan 2026 19:17:26.784   52.45908602966475          -39.5474719355477           546.1890855798483          6910.920162311984         0.001538743765963005      01 Jan 2026 19:17:26.784   20.1521270738886           153.0886131477976           540.3841857187808          6915.999973602835         0.001660069549037254      01 Jan 2026 19:17:26.784   -77.76991574111598         7.738961331024574           559.7681267701373          6917.487287634723         0.001715044868863028      
01 Jan 2026 19:18:19.505   55.68654476525684          -41.02618601714521          546.9852668822668          6910.569511165718         0.001619799939009383      01 Jan 2026 19:18:19.505   16.84959134422895          152.3847342247727           539.9796765044512          6916.332224730395         0.001715978961194271      01 Jan 2026 19:18:19.505   -75.03935680034257         -0.3659903647584107         559.8468985808076          6918.034824086944         0.001790121795595698      
01 Jan 2026 19:19:09.881   58.75452523453309          -42.64858085605999          547.6968886194854          6910.235826518915         0.001690075952455213      01 Jan 2026 19:19:09.881   13.69180038471763          151.7275993937788           539.7120608034602          6916.659160983598         0.00175328435852579       01 Jan 2026 19:19:09.881   -72.25334319878812         -5.804301508918718          559.8342642349344          6918.587538008596         0.001851102027933979      
01 Jan 2026 19:20:02.345   61.92814230369479          -44.62836915308374          548.375685042377           6909.892422477807         0.001754700516234988      01 Jan 2026 19:20:02.345   10.40151144850831          151.0556907439634           539.5629049584431          6917.007448592244         0.001774913379274425      01 Jan 2026 19:20:02.345   -69.24375589360939         -9.987730911488223          559.7345813481852          6919.191111261851         0.00190348047638537       
01 Jan 2026 19:20:55.070   65.08803849054884          -47.02666690908578          548.9830579138888          6909.55415926047          0.001809777670889075      01 Jan 2026 19:20:55.070   7.093563340482759          150.3898795137539           539.5508707943482          6917.363587339949         0.001778687177178333      01 Jan 2026 19:20:55.070   -66.1490476279216          -13.21096002865133          559.5516386210702          6919.823404355913         0.001944819595323383      
01 Jan 2026 19:21:46.261   68.11627476360596          -49.90960209641585          549.4914983613862          6909.234727604968         0.001852841569077942      01 Jan 2026 19:21:46.261   3.881221220048017          149.7495371250557           539.6744550478161          6917.713544444696         0.001765116287341095      01 Jan 2026 19:21:46.261   -63.09964295623149         -15.70887186049282          559.3017146591819          6920.458792655428         0.001974321494767175      
01 Jan 2026 19:22:38.785   71.16371413398137          -53.70155358935886          549.9212986288567          6908.918478204761         0.001885508332096818      01 Jan 2026 19:22:38.785   0.5849834519485092         149.0958582143965           539.9412887854178          6918.075377228253         0.001733819585021505      01 Jan 2026 19:22:38.785   -59.9386549364261          -17.8205191569685           558.9795258022768          6921.129316520135         0.001993974358467041      
01 Jan 2026 19:23:31.546   74.13016380610732          -58.81457157086074          550.2516769033055          6908.614690247223         0.001905826342200552      01 Jan 2026 19:23:31.546   -2.725829257324298         148.4397857851347           540.3519863329893          6918.440301585027         0.001685276505049249      01 Jan 2026 19:23:31.546   -56.73942503002903         -19.60947127497399          558.5982351695493          6921.818128195882         0.002003215931072797      
01 Jan 2026 19:24:23.024   76.87240508820447          -65.8218584757137           550.4699399229085          6908.333581675269         0.001912987558361429      01 Jan 2026 19:24:23.024   -5.955430556761771         147.7974391656017           540.8887779981205          6918.796663072385         0.001622342599533354      01 Jan 2026 19:24:23.024   -53.6003558324581          -21.11694924369487          558.1803944112389          6922.501237489127         0.002002441581186085      
01 Jan 2026 19:25:15.589   79.39568447294792          -76.37732189939769          550.581795294589           6908.063815261462         0.001906938947068097      01 Jan 2026 19:25:15.589   -9.252008634024142         147.1363973527922           541.5721896578552          6919.15994961677          0.001543627787572518      01 Jan 2026 19:25:15.589   -50.38092971118922         -22.47205804608935          557.7177454673383          6923.206129763989         0.001992054331025853      
01 Jan 2026 19:26:08.269   81.39579082510936          -92.43658843463925          550.5778001127665          6907.812443704401         0.001887031005136163      01 Jan 2026 19:26:08.269   -12.55403546465936         146.4656761214328           542.3891568011577          6919.522706058377         0.001452094323628724      01 Jan 2026 19:26:08.269   -47.14300623203351         -23.68542488524165          557.2289671197668          6923.91598301182          0.001972318664262202      
01 Jan 2026 19:26:58.844   82.418481315791            -114.0856950343322          550.4626794352234          6907.59012636205          0.001854748579027439      01 Jan 2026 19:26:58.844   -15.72207483763578         145.8109354863647           543.2916772609642          6919.869254707764         0.001354869205107095      01 Jan 2026 19:26:58.844   -44.02550143855101         -24.74286693291901          556.7469987816576          6924.596885741444         0.0019449716845294        
01 Jan 2026 19:27:51.207   82.16893804802619          -138.8554426429092          550.2281005374034          6907.380488072596         0.001807763873778491      01 Jan 2026 19:27:51.207   -18.99946507793495         145.1184440755528           544.3402614656025          6920.225985776285         0.001248178343712238      01 Jan 2026 19:27:51.207   -40.79006794581533         -25.74901130178758          556.2463176694018          6925.297287996516         0.001908388346931286      
01 Jan 2026 19:28:43.882   80.68661851730053          -159.0005824662887          549.8746723493341          6907.191353361946         0.001746784348747029      01 Jan 2026 19:28:43.882   -22.29312747979343         144.402879697624            545.5028518551844          6920.582598752739         0.001139792001471774      01 Jan 2026 19:28:43.882   -37.52865281174233         -26.68755292087928          555.7526861032147          6925.993123991794         0.001863514879677948      
01 Jan 2026 19:29:33.964   78.55654513762994          -172.0701628541391          549.4316887935611          6907.032127912853         0.001676394587240854      01 Jan 2026 19:29:33.964   -25.42125890159831         143.7006997465404           546.6986073843182          6920.919632223367         0.001042295892870179      01 Jan 2026 19:29:33.964   -34.42232234725049         -27.52409999607311          555.3034006072248          6926.642907375011         0.001813736313818052      
01 Jan 2026 19:30:26.029   75.94105712342318          178.8430119017202           548.8644552826363          6906.888019629806         0.001590913305980736      01 Jan 2026 19:30:26.029   -28.66909930673472         142.9431451726246           548.0238209378476          6921.26810372666          0.0009557730276531562     01 Jan 2026 19:30:26.029   -31.18822957522103         -28.34641486233344          554.8678038333937          6927.302475672989         0.001755067570365634      
01 Jan 2026 19:31:18.642   73.07198655233167          172.5270244478311           548.1860970157304          6906.76444503563          0.001492491005576865      01 Jan 2026 19:31:18.642   -31.94635620931058         142.1428793801615           549.4354301928915          6921.618617868887         0.000895338701866383      01 Jan 2026 19:31:18.642   -27.91573148269638         -29.13700391542322          554.470829615424           6927.948763383684         0.001689104328655526      
01 Jan 2026 19:32:08.357   70.24019662859833          168.1827592577102           547.4541826074783          6906.667699505638         0.001389164231251794      01 Jan 2026 19:32:08.357   -35.03803850910698         141.3478094740045           550.8237934527951          6921.948728861426         0.0008740266119592452     01 Jan 2026 19:32:08.357   -24.8200802553975          -29.85326933442648          554.1448379965032          6928.537457399508         0.001621127867744499      
01 Jan 2026 19:33:00.353   67.20054650028439          164.7145663181377           546.6018359864574          6906.586734428808         0.001271336338050634      01 Jan 2026 19:33:00.353   -38.26567155276495         140.4671768946531           552.3190438838674          6922.293362898406         0.000896174007878106      01 Jan 2026 19:33:00.353   -21.57933752315358         -30.57608250114447          553.8637401893648          6929.127049435371         0.001544814087906424      
01 Jan 2026 19:33:52.948   64.07219494228902          161.9514313241154           545.6584905129766          6906.525020637752         0.001143161528577978      01 Jan 2026 19:33:52.948   -41.52360248812604         139.5141375062099           553.8619557558468          6922.641923389393         0.0009643598572659586     01 Jan 2026 19:33:52.948   -18.29850943048892         -31.2848663429869           553.6498721394873          6929.693113141892         0.001463047317247025      
01 Jan 2026 19:34:42.627   61.08286450044439          159.8178126886682           544.7019789197793          6906.484398850722         0.001015009244212394      01 Jan 2026 19:34:42.627   -44.5934984881274          138.5434603396641           555.3336747031544          6922.971688722886         0.001064185668431296      01 Jan 2026 19:34:42.627   -15.19761825552801         -31.93766640455641          553.5195875194004          6930.197051586693         0.001382620025399848      
01 Jan 2026 19:35:34.801   57.91702366069371          157.9338478085679           543.6397672794974          6906.459008476768         0.0008744296657535846     01 Jan 2026 19:35:34.801   -47.80878774897112         137.4327623872903           556.879907347191           6923.319210499434         0.001196127358342841      01 Jan 2026 19:35:34.801   -11.93923963257328         -32.60950377483744          553.4635949912708          6930.691583749102         0.001296243385022936      
01 Jan 2026 19:36:27.399   54.70477406049216          156.3077355136583           542.5212578662049          6906.449897388999         0.0007281662470980454     01 Jan 2026 19:36:27.399   -51.03941487448495         136.1946014569438           558.4242986421732          6923.671419340466         0.001347536950664702      01 Jan 2026 19:36:27.399   -8.653116847271251         -33.2759365120416           553.495759236238           6931.15171934334          0.001209197802394526      
01 Jan 2026 19:37:17.458   51.63241976005482          154.9524771217879           541.4242247006669          6906.45512642912          0.0005865509280312468     01 Jan 2026 19:37:17.458   -54.10212645019811         134.8760337776313           559.8669169625264          6924.008927480884         0.001501436018167724      01 Jan 2026 19:37:17.458   -5.524802767080608         -33.90300268233476          553.6122400270751          6931.551864793175         0.001128921114541045      
01 Jan 2026 19:38:09.404   48.43164340568966          153.6991639271048           540.2651410576236          6906.473248225037         0.0004395727523097596     01 Jan 2026 19:38:09.404   -57.26516354724151         133.321343674165            561.3219759136073          6924.362043139224         0.001665399645122833      01 Jan 2026 19:38:09.404   -2.278166137385814         -34.54909840782575          553.8236463733392          6931.926420629926         0.001051761508085266      
01 Jan 2026 19:39:01.984   45.18098171969472          152.5551975332952           539.0841157425839          6906.502962423689         0.0002952002809508908     01 Jan 2026 19:39:01.984   -60.44705203732676         131.4931919721082           562.737460469516           6924.722909467867         0.001831118956617285      01 Jan 2026 19:39:01.984   1.00807515786241           -35.20110010628152          554.1321763143387          6932.261909218882         0.0009847233851983312     
01 Jan 2026 19:39:52.605   42.04270886167385          151.5480950079025           537.9529005067143          6906.540597421835         0.0001729290297420404     01 Jan 2026 19:39:52.605   -63.48598913028122         129.4070002987836           564.0331938707013          6925.073934478653         0.001986922262349857      01 Jan 2026 19:39:52.605   4.171500372290662          -35.82956262326954          554.518326224008           6932.542355515618         0.0009360921112067629     
01 Jan 2026 19:40:44.922   38.79167249527561          150.5854503464421           536.803511176071           6906.586915985049         0.0001252224020885335     01 Jan 2026 19:40:44.922   -66.59254596539257         126.7842687341607           565.291098877492           6925.440638954808         0.002141162072547173      01 Jan 2026 19:40:44.922   7.440011292659161          -36.48257046514498          555.0070569881345          6932.787567268746         0.0009081555438093742     
01 Jan 2026 19:41:37.635   35.50918451780474          149.6807993211274           535.67963226139            6906.639266288574         0.0002101996558837275     01 Jan 2026 19:41:37.635   -69.67277905954288         123.4523268445666           566.4635593943049          6925.814228226564         0.002287131057440449      01 Jan 2026 19:41:37.635   10.73196648006051          -37.14702298506375          555.5879243586496          6932.988316723868         0.0009080732527960575     
01 Jan 2026 19:42:28.560   32.33231535262667          148.8576898077738           534.6394952644432          6906.69341031316          0.0003280780130164927     01 Jan 2026 19:42:28.560   -72.5774255567987          119.2516118201106           567.4958373871459          6926.178982308626         0.002417192367674353      01 Jan 2026 19:42:28.560   13.91063689036829          -37.79807303260754          556.2285034098468          6933.138007216074         0.0009371951704416828     
01 Jan 2026 19:43:21.065   29.0518288364016           148.052023641708            533.6269754647556          6906.751048841503         0.0004510069462790007     01 Jan 2026 19:43:21.065   -75.45542608358636         113.342905180905            568.4478167864409          6926.558730293261         0.002538330336847336      01 Jan 2026 19:43:21.065   17.1857197097048           -38.48197153896861          556.9642745424935          6933.24703928154          0.0009964373849161983     
01 Jan 2026 19:44:13.764   25.75459323692213          147.2794405748838           532.6843157420935          6906.808937232135         0.0005679377497226077     01 Jan 2026 19:44:13.764   -78.14021664476017         104.7908697332591           569.2808617440696          6926.943199234076         0.002645273874707579      01 Jan 2026 19:44:13.764   20.47032471733153          -39.18503468325856          557.7719006772722          6933.31079444114          0.00108203719404252       
01 Jan 2026 19:45:04.079   22.60286774197246          146.5695331505099           531.8640035405278          6906.862643482327         0.0006705458010874104     01 Jan 2026 19:45:04.079   -80.35631844654289         92.61391229725467           569.9557485337627          6927.312764714727         0.00273261438065692       01 Jan 2026 19:45:04.079   23.60337716717959          -39.87570803094283          558.5992629072398          6933.32977396053          0.001183444984085985      
01 Jan 2026 19:45:56.623   19.30816925570179          145.8517844184405           531.1007945404253          6906.915563906346         0.0007663541061282688     01 Jan 2026 19:45:56.623   -81.99397101116256         73.7666493801116            570.5301551278244          6927.700490913486         0.00280755274951379       01 Jan 2026 19:45:56.623   26.871747027428            -40.6219098546244           559.5122536093641          6933.3070527035           0.001304746068033452      
01 Jan 2026 19:46:49.348   15.99918432478425          145.1511529446858           530.4404158656926          6906.963995106638         0.0008493619942477316     01 Jan 2026 19:46:49.348   -82.48335936603375         49.3172939604702            570.9692696518323          6928.0903548259           0.002865371548007908      01 Jan 2026 19:46:49.348   30.14731127444616          -41.40191536285898          560.4677806660102          6933.242007694998         0.001437516578024434      
01 Jan 2026 19:47:39.230   12.86649924261664          144.5026499614821           529.9205045053159          6907.00436049014          0.0009146966335057551     01 Jan 2026 19:47:39.230   -81.69069620159206         27.13674343376071           571.2564163674188          6928.458789310306         0.002903635260394687      01 Jan 2026 19:47:39.230   33.24187487616768          -42.17479025267859          561.3973265230989          6933.143072704615         0.001569547356138877      
01 Jan 2026 19:48:31.678   9.570780644472556          143.8323162796842           529.4904097659737          6907.040075469753         0.0009686469448935271     01 Jan 2026 19:48:31.678   -79.85491064831272         9.930927067433377           571.4235523011894          6928.844391648847         0.002926410111157012      01 Jan 2026 19:48:31.678   36.49056462701554          -43.03189739742932          562.3896372733625          6933.00167902054          0.001711761592010572      
01 Jan 2026 19:49:24.418   6.255253784474181          143.1668870554896           529.1838046747062          6907.068206105558         0.001006931472044347      01 Jan 2026 19:49:24.418   -77.41510276102431         -1.526241255112649          571.4535662550115          6929.228690928183         0.00293124380838215       01 Jan 2026 19:49:24.418   39.7513863840197           -43.94970712917061          563.3901753204973          6932.822979780519         0.001855317363224078      
01 Jan 2026 19:50:14.342   3.115976022645935          142.5421680344568           529.0134720167234          6907.087082986082         0.001027942637763674      01 Jan 2026 19:50:14.342   -74.81299168661435         -8.860455450058133          571.3569961225785          6929.587626941861         0.002919289248842417      01 Jan 2026 19:50:14.342   42.8316851976891           -44.88164410284828          564.3276885223659          6932.622195557829         0.001989331109624891      
01 Jan 2026 19:51:06.881   -0.1881818487563972        141.8873225076645           528.9623772276             6907.098448364702         0.001033762795838602      01 Jan 2026 19:51:06.881   -71.90361284992142         -14.33473782116393          571.12822864996            6929.958402963981         0.002889706352082452      01 Jan 2026 19:51:06.881   46.06565604308518          -45.94412186277338          565.2914384083706          6932.380021390833         0.00212618394468306       
01 Jan 2026 19:51:59.629   -3.505446932012442         141.2297061565879           529.0439809339659          6907.100961598189         0.001022703831767661      01 Jan 2026 19:51:59.629   -68.87743758112099         -18.38883565062156          570.7730723761206          6930.321379282048         0.002843024614965971      01 Jan 2026 19:51:59.629   49.30320967396468          -47.11575555484467          566.2222356812381          6932.107570613573         0.002257218441406496      
01 Jan 2026 19:52:49.873   -6.664778268241843         140.6004858585005           529.2446825546594          6907.095171391133         0.0009965272269594392     01 Jan 2026 19:52:49.873   -65.93259825424188         -21.38025497381803          570.3244026437296          6930.656412278606         0.002783424977450954      01 Jan 2026 19:52:49.873   52.37679466616673          -48.35496789861104          567.0624486976767          6931.823180555131         0.002374370181381179      
01 Jan 2026 19:53:42.411   -9.967409814178781         139.9367381250991           529.5803978211252          6907.080923651576         0.0009531480978154758     01 Jan 2026 19:53:42.411   -62.80944757977027         -23.89399574586014          569.7481202550471          6930.993292070801         0.002706200030586583      01 Jan 2026 19:53:42.411   55.57764843060018          -49.81523817691669          567.88030779165            6931.502448216176         0.002487230187491966      
01 Jan 2026 19:54:35.103   -13.2781749449401          139.262023972606            530.0421841248099          6907.058815456052         0.0008937402632107591     01 Jan 2026 19:54:35.103   -59.64527074569903         -25.97160815682166          569.0695749313045          6931.314919710464         0.002614527780132263      01 Jan 2026 19:54:35.103   58.77102046800875          -51.49982449916676          568.6261088151132          6931.159488742008         0.002588988719384698      
01 Jan 2026 19:55:25.617   -16.4502392245854          138.6035739984046           530.5971870803396          6907.031040603179         0.0008225317657359191     01 Jan 2026 19:55:25.617   -56.58967760523257         -27.66109259219789          568.3343183287589          6931.605650890442         0.002514442059741232      01 Jan 2026 19:55:25.617   61.81203652911142          -53.39024962025758          569.2603490218162          6930.813208779109         0.002674496056342582      
01 Jan 2026 19:56:18.229   -19.7516589533086          137.9020782525717           531.2851688080118          6906.99627641376          0.0007344574581812895     01 Jan 2026 19:56:18.229   -53.38940536178914         -29.18635067951259          567.4913958306088          6931.887664959459         0.002398873706675805      01 Jan 2026 19:56:18.229   64.95106199851011          -55.75108480943621          569.8265469691751          6930.436927370208         0.002749819030888968      
01 Jan 2026 19:57:10.973   -23.05842222322049         137.1785904318688           532.0789784498565          6906.95668417391          0.0006330937771258905     01 Jan 2026 19:57:10.973   -50.16664015878906         -30.5323530832362           566.5794630883647          6932.146544170431         0.002272984789261955      01 Jan 2026 19:57:10.973   68.05758589554358          -58.6840342279711           570.2878595333577          6930.046294965066         0.002810192046247424      
01 Jan 2026 19:58:00.986   -26.19066350181652         136.4694872646122           532.9189704366254          6906.916061062563         0.0005262348677678417     01 Jan 2026 19:58:00.986   -47.09992052305264         -31.67697491403501          565.6646049678493          6932.367626352964         0.00214594120722442       01 Jan 2026 19:58:00.986   70.94869933197656          -62.22892506306051          570.6190814540132          6929.665811099727         0.002852599414453937      
01 Jan 2026 19:58:52.862   -29.43571305686783         135.7049767302247           533.8698026861448          6906.872234797538         0.0004061544773478014     01 Jan 2026 19:58:52.862   -43.90961697110993         -32.75711468986682          564.6764536424334          6932.569512334187         0.00200807976389812       01 Jan 2026 19:58:52.862   73.86124220544291          -67.09832772450693          570.846502933482           6929.26304286             0.002880629775386064      
01 Jan 2026 19:59:45.516   -32.72485984105531         134.8923026820829           534.9061417626281          6906.82765794949          0.0002777730274596959     01 Jan 2026 19:59:45.516   -40.66312697801895         -33.76403224936851          563.6457605493088          6932.743491877845         0.001863897001601025      01 Jan 2026 19:59:45.516   76.67001455282093          -74.0105553973245           570.950490901485           6928.848004571211         0.002891916053913651      
01 Jan 2026 20:00:35.162   -35.82120556255723         134.0850030494732           535.9375813523757          6906.787169135404         0.0001590728283168416     01 Jan 2026 20:00:35.162   -37.59552274658684         -34.64654245642186          562.6605558354095          6932.876891181601         0.001726172170061006      01 Jan 2026 20:00:35.162   79.07993946245104          -83.49514470017913          570.9272918019497          6928.452851488045         0.002886378633119717      
01 Jan 2026 20:01:26.643   -39.02626262512273         133.1967462328329           537.0505305430052          6906.748495489955         9.629264237913379e-05     01 Jan 2026 20:01:26.643   -34.40865708039367         -35.5056244885327           561.6375714879341          6932.981794522152         0.001584014804785505      01 Jan 2026 20:01:26.643   81.12713250479098          -98.17897123671366          570.7760038198576          6928.040978140546         0.002863881628808234      
01 Jan 2026 20:02:19.265   -42.29559001627775         132.2230996053238           538.2204629000616          6906.7143131966           0.0001932369545089484     01 Jan 2026 20:02:19.265   -31.14558630411214         -36.33527462892913          560.6031917044556          6933.051886384477         0.001442400793225827      01 Jan 2026 20:02:19.265   82.35587665015015          -119.7272954915197          570.4858356135765          6927.619458844551         0.002823267623464293      
01 Jan 2026 20:03:08.789   -45.36513150620979         131.2322652385447           539.3387017889772          6906.688817933036         0.0003279075921675321     01 Jan 2026 20:03:08.789   -28.07016464472522         -37.07912617476061          559.6515549277256          6933.0819059699           0.001315780227888658      01 Jan 2026 20:03:08.789   82.32929388239027          -143.2376220224898          570.0874518980618          6927.223715595713         0.002768969377948541      
01 Jan 2026 20:04:00.645   -48.57041066479911         130.0986731621037           540.5141983026897          6906.670851272544         0.000476899899459834      01 Jan 2026 20:04:00.645   -24.84578198528422         -37.8263208050364           558.689131929932           6933.074463802685         0.001194087780312741      01 Jan 2026 20:04:00.645   81.0811345496296           -164.2751392605976          569.5413698949669          6926.811629726694         0.002695805982162934      
01 Jan 2026 20:04:53.321   -51.8153646833098          128.8207556058009           541.6992050650633          6906.663578246367         0.000629912841802142      01 Jan 2026 20:04:53.321   -21.56666838911701         -38.55799287506621          557.7583128527049          6933.024828498193         0.001086714777214761      01 Jan 2026 20:04:53.321   78.96210502319703          -179.0779862556043          568.8544792637258          6926.396605010347         0.002605039772339309      
01 Jan 2026 20:05:43.402   -54.88805470849848         127.4551991016921           542.8045504378415          6906.668576021974         0.0007741936289744841     01 Jan 2026 20:05:43.402   -18.44602148039716         -39.23275518180168          556.926773475182           6932.937279522099         0.001004771652698993      01 Jan 2026 20:05:43.402   76.51203634291041          171.5541214873091           568.0819709860625          6926.00627481122          0.002504177403828647      
01 Jan 2026 20:06:35.837   -58.08915013299002         125.8211521574043           543.9265813999755          6906.687886253383         0.0009219781073134942     01 Jan 2026 20:06:35.837   -15.17588342454134         -39.92168282476575          556.1211081930351          6932.802643035487         0.0009449804978422933     01 Jan 2026 20:06:35.837   73.70159597134823          164.8046313877165           567.1540707246231          6925.60278683241          0.002384432553272484      
01 Jan 2026 20:07:28.571   -61.28730450861728         123.8981144817143           545.0056840820653          6906.723387281349         0.00106544956355082       01 Jan 2026 20:07:28.571   -11.88470656095696         -40.6002583382532           555.3862162471441          6932.622365712302         0.0009152461050064857     01 Jan 2026 20:07:28.571   70.73035877167902          159.9454793362688           566.1053625446812          6925.202940766985         0.002250791313952484      
01 Jan 2026 20:08:19.440   -64.3457119167895          121.6811367373365           545.9880967975096          6906.774253782207         0.001197435582228724      01 Jan 2026 20:08:19.440   -8.70804863250552          -41.24456038524893          554.7557175878101          6932.405605294532         0.0009160358127629517     01 Jan 2026 20:08:19.440   67.78011308274455          156.4120842056157           564.9922498431351          6924.823252598013         0.002110910307824258      
01 Jan 2026 20:09:11.915   -67.46281109716875         118.8712847598131           546.9301377231341          6906.845031255623         0.001325580161149752      01 Jan 2026 20:09:11.915   -5.429637581434718         -41.90172274136093          554.1916819791095          6932.138004136031         0.0009443488735757929     01 Jan 2026 20:09:11.915   64.68028250985125          153.5485159901795           563.7493554394578          6924.437975831648         0.001957306079099177      
01 Jan 2026 20:10:04.585   -70.53554284996261         115.2737507586451           547.7924050054107          6906.935791658871         0.001444727824237916      01 Jan 2026 20:10:04.585   -2.137975526442475         -42.55665338278735          553.7181484076937          6931.824920021366         0.0009953982340824856     01 Jan 2026 20:10:04.585   61.52908968919697          151.2219577800894           562.4163501313178          6924.057833703832         0.001796065908754463      
01 Jan 2026 20:10:56.083   -73.45693165560698         110.6132367354079           548.5458306339588          6907.044421534046         0.001550930269344935      01 Jan 2026 20:10:56.083   1.081085388258936          -43.19525621721174          553.3477198157434          6931.476467143714         0.001061080158572979      01 Jan 2026 20:10:56.083   58.42004157582007          149.3237566222567           561.0420450065722          6923.692386317906         0.001634472412535504      
01 Jan 2026 20:11:48.645   -76.3003017173849          104.0055062878865           549.215460059213           6907.176142219631         0.001647839970385323      01 Jan 2026 20:11:48.645   4.366862580198397          -43.84803743781288          553.0654835690757          6931.078771276252         0.001138374228760306      01 Jan 2026 20:11:48.645   55.22522565260962          147.6674252870628           559.5800118237039          6923.325484277285         0.001469233012190455      
01 Jan 2026 20:12:41.357   -78.90487612413079         94.28561486144243           549.7794656811102          6907.329710341268         0.001732524810900678      01 Jan 2026 20:12:41.357   7.661713514476112          -44.5065093185093           552.8796609489509          6930.638777331266         0.001221460582271825      01 Jan 2026 20:12:41.357   52.00425282299445          146.2206378529894           558.0676202927643          6922.963335835746         0.001308057920917922      
01 Jan 2026 20:13:32.604   -80.99533736397206         80.02286057719293           550.2194940149784          6907.499690996248         0.001802203264278669      01 Jan 2026 20:13:32.604   10.86435254347227          -45.15319171151367          552.7908857200036          6930.173226498872         0.001304047173124709      01 Jan 2026 20:13:32.604   48.85952130469947          144.971946250339            556.566865244612           6922.61633990175          0.001161810907415162      
01 Jan 2026 20:14:25.103   -82.30233116435177         58.87511372357305           550.5558119796351          6907.694769484667         0.001860146928804987      01 Jan 2026 20:14:25.103   14.14412517437019          -45.82538434720786          552.7909701320577          6929.659776435398         0.001387830519248393      01 Jan 2026 20:14:25.103   45.62671956375056          143.8189413829905           555.0130944288321          6922.265508806386         0.001030873593096707      
01 Jan 2026 20:15:17.791   -82.32394885369163         33.81895227557082           550.7745922942713          6907.911394458418         0.001904288066891614      01 Jan 2026 20:15:17.791   17.43414166783505          -46.51326147442302          552.8793221490469          6929.109758232856         0.001469106916742537      01 Jan 2026 20:15:17.791   42.37257071994674          142.7636920923889           553.4523186236484          6921.91751160784          0.0009290708788201833     
01 Jan 2026 20:16:08.207   -81.12099990336189         13.19518156148814           550.8718501855665          6908.137536461465         0.001933226555155894      01 Jan 2026 20:16:08.207   20.58031326578337          -47.18739688299283          553.0413579877504          6928.553462275186         0.001542905395249326      01 Jan 2026 20:16:08.207   39.25096902451586          141.8308169322193           551.9718481188929          6921.587761470172         0.0008696118581951953     
01 Jan 2026 20:17:00.271   -79.0376732413558          -1.677501319080083          550.8579785477423          6908.389473830092         0.001949462462059309      01 Jan 2026 20:17:00.271   23.82688195026905          -47.90396751251193          553.2816434926135          6927.951061971185         0.001614042508915592      01 Jan 2026 20:17:00.271   36.02032741476795          140.9315310954867           550.470843967767           6921.249927832842         0.0008542169942112711     
01 Jan 2026 20:17:52.858   -76.45907668640218         -11.59644926207099          550.7283198136629          6908.661686149186         0.001951949616494332      01 Jan 2026 20:17:52.858   27.10307096576349          -48.65359831949893          553.5916962392157          6927.317012394034         0.001679904182746018      01 Jan 2026 20:17:52.858   32.75085168197599          140.0773012828678           548.9981906591975          6920.910854472444         0.0008853965719958442     
01 Jan 2026 20:18:42.744   -73.77602351643937         -18.05133457882602          550.5013181590675          6908.93502394816          0.001941685231861451      01 Jan 2026 20:18:42.744   30.20767159927307          -49.39396276616532          553.9401760435294          6926.6949236744           0.001736287189055749      01 Jan 2026 20:18:42.744   29.6441044302804           139.3082870505975           547.6547375456566          6920.590668623885         0.0009502268202681543     
01 Jan 2026 20:19:34.689   -70.84253822528231         -22.90581410844814          550.1622085499985          6909.233634264776         0.00191838897847095       01 Jan 2026 20:19:34.689   33.43641917454381          -50.20157793741186          554.3499810143903          6926.02928784611          0.001788259642759188      01 Jan 2026 20:19:34.689   26.40437754401574          138.5428044538022           546.3243155456839          6920.258308433708         0.001042277422655068      
01 Jan 2026 20:20:27.333   -67.78059169303074         -26.59757197835776          549.7179936273542          6909.548906478856         0.001882270023210581      01 Jan 2026 20:20:27.333   36.70386623546977          -51.06640946835531          554.8037863960662          6925.339826754683         0.001833549945984605      01 Jan 2026 20:20:27.333   23.11663971903859          137.7972564175336           545.0600635695155          6919.922146535958         0.00114946943802238       
01 Jan 2026 20:21:17.087   -64.83317761853372         -29.33788096509966          549.2121895340324          6909.856608031594         0.001837247926003942      01 Jan 2026 20:21:17.087   39.78683856495174          -51.93590225835909          555.2581858766689          6924.678034981422         0.001869224131068845      01 Jan 2026 20:21:17.087   20.00582526130478          137.1155781463033           543.9540093093246          6919.604791978792         0.00125516594485795       
01 Jan 2026 20:22:09.358   -61.6981220637173          -31.67889279870506          548.5993080318758          6910.187838821146         0.001779390840037168      01 Jan 2026 20:22:09.358   43.01958144838028          -52.91612658031406          555.7512950227292          6923.975940645822         0.001898948111587996      01 Jan 2026 20:22:09.358   16.73440143164703          136.4189029872204           542.8954324579645          6919.271601934954         0.001364290519936005      
01 Jan 2026 20:23:02.012   -58.51137966694805         -33.6403317004747           547.9073800616779          6910.527271109562         0.001711147318091988      01 Jan 2026 20:23:02.012   46.26842985283898          -53.98874189944934          556.2526885207544          6923.265675092191         0.001920561136614625      01 Jan 2026 20:23:02.012   13.4362240446308           135.7332443859251           541.945917481361           6918.93620596353          0.001467355513278642      
01 Jan 2026 20:23:51.851   -55.47507580588505         -35.22814802792863          547.1934421719816          6910.8514960393           0.001638321266223419      01 Jan 2026 20:23:51.851   49.33533421607518          -55.10208057723457          556.7208052802653          6922.594317154832         0.001933045164028299      01 Jan 2026 20:23:51.851   10.31221227326588          135.0957809284966           541.1628681661978          6918.619112560626         0.001555280326334037      
01 Jan 2026 20:24:43.673   -52.30201274794533         -36.67052831672461          546.4012010693541          6911.189077885547         0.001555184488721046      01 Jan 2026 20:24:43.673   52.51399894262349          -56.38709338325633          557.1898620127349          6921.901050894548         0.00193751767313631       01 Jan 2026 20:24:43.673   7.06215480250584           134.4417283644889           540.4745644097638          6918.290125686624         0.001634282235398965      
01 Jan 2026 20:25:36.361   -49.06254184005459         -37.9693142128728           545.5556177173466          6911.530015671239         0.001464082718923044      01 Jan 2026 20:25:36.361   55.73263912702652          -57.86390393094827          557.6370318529916          6921.205170945947         0.001932871994882637      01 Jan 2026 20:25:36.361   3.756400359288972          133.782877603452            539.9117058187185          6917.956938667835         0.001699704509384779      
01 Jan 2026 20:26:26.678   -45.95848651203786         -39.08622929127299          544.7221416138518          6911.850805997907         0.001372023950875687      01 Jan 2026 20:26:26.678   58.79087472379791          -59.48315000759629          558.0258779150645          6920.55270472238          0.001919501515631562      01 Jan 2026 20:26:26.678   0.5985273885285556         133.156725807748            539.5066797270101          6917.640664581965         0.001746837904256528      
01 Jan 2026 20:27:18.959   -42.72439000207861         -40.14536860086861          543.8418558084059          6912.176359416573         0.001272322498427671      01 Jan 2026 20:27:18.959   61.94744642179035          -61.45369295224372          558.3803028662469          6919.890999368361         0.001896083245582741      01 Jan 2026 20:27:18.959   -2.682938917569705         132.5065730926048           539.2251547624019          6917.314967171123         0.001778974575569705      
01 Jan 2026 20:28:11.678   -39.4553687386199          -41.12934796767428          542.9525261879353          6912.493788372502         0.001168803356322206      01 Jan 2026 20:28:11.678   65.10131901443624          -63.84775326521456          558.6768751614718          6919.244143777577         0.001862370869375204      01 Jan 2026 20:28:11.678   -5.991788245002739         131.8486042097535           539.0856125097534          6916.990710478433         0.00179338588430814       
01 Jan 2026 20:29:02.806   -36.27852547300012         -42.01833283573954          542.1009890567566          6912.78852758795          0.001066656159460836      01 Jan 2026 20:29:02.806   68.12084094325623          -66.72140843768449          558.8976958816802          6918.639718099958         0.001819765399704163      01 Jan 2026 20:29:02.806   -9.200214830835701         131.2054438463084           539.0877096535796          6916.681543666023         0.001789808885991634      
01 Jan 2026 20:29:55.371   -33.00655328911            -42.87761557803085          541.2494377397325          6913.075396942721         0.0009609031952840483     01 Jan 2026 20:29:55.371   71.16610864193085          -70.50761589670735          559.0484345455989          6918.045048226215         0.001765603501194673      01 Jan 2026 20:29:55.371   -12.49781386785786         130.5360228720793           539.2282847188199          6916.370658573985         0.001768092033549883      
01 Jan 2026 20:30:48.201   -29.71295496544625         -43.69538963103629          540.4306180054691          6913.344555123696         0.000854855289013979      01 Jan 2026 20:30:48.201   74.13247818567689          -75.6155110476855           559.1152426105546          6917.477786773912         0.001700462036340399      01 Jan 2026 20:30:48.201   -15.81042352773452         129.8516046836412           539.5066296165669          6916.067082751507         0.001728081914622408      
01 Jan 2026 20:31:38.747   -26.5575019406237          -44.44243372655017          539.693149289641           6913.581760020266         0.0007544168453886926     01 Jan 2026 20:31:38.747   76.8240218310075           -82.45492889917109          559.0945125647231          6916.966204569233         0.001628041187356864      01 Jan 2026 20:31:38.747   -18.97787025031779         129.1824963602423           539.8960824879296          6915.786743622729         0.001673186566422765      
01 Jan 2026 20:32:31.277   -23.27443917691054         -45.18864775925228          538.9852723203112          6913.80495858787          0.0006517865143173672     01 Jan 2026 20:32:31.277   79.35087601747806          -92.89593600377427          558.9811650068386          6916.469286379734         0.001542354445990001      01 Jan 2026 20:32:31.277   -22.26703821567312         128.4684370533683           540.4213244713219          6915.507877132761         0.001599598242044114      
01 Jan 2026 20:33:24.048   -19.97286556710889         -45.91298334518169          538.3444944894509          6914.003144216972         0.0005510190767607829     01 Jan 2026 20:33:24.048   81.36847688407491          -108.8253040348364          558.7702547859844          6916.007938239174         0.001445710089442523      01 Jan 2026 20:33:24.048   -25.56821728267005         127.7273078530686           541.06405527884            6915.242688801234         0.001509587691067557      
01 Jan 2026 20:34:14.057   -16.84148657765981         -46.58040313061855          537.8109029732777          6914.165121360359         0.0004580419267234997     01 Jan 2026 20:34:14.057   82.41082964145691          -130.0750778933959          558.479320043788           6915.607517365792         0.001344579951518694      01 Jan 2026 20:34:14.057   -28.69312951712634         126.9980693769469           541.7705254305401          6915.007309014606         0.00141039604753158       
01 Jan 2026 20:35:06.537   -13.55307161928755         -47.26494980512911          537.3358437309007          6914.306483875352         0.0003633568694079294     01 Jan 2026 20:35:06.537   82.20658859355865          -154.9406330253383          558.0787436569863          6915.227315059678         0.001228811321931372      01 Jan 2026 20:35:06.537   -31.96826620908606         126.1985437171095           542.6033160610195          6914.779211149253         0.001292944845617238      
01 Jan 2026 20:35:59.300   -10.24500894169051         -47.9405064370219           536.9527039364721          6914.417693373402         0.0002714256208036439     01 Jan 2026 20:35:59.300   80.75522986329439          -175.3257694830614          557.5791372622662          6914.887603663396         0.001102945230353113      01 Jan 2026 20:35:59.300   -35.25608445356968         125.3517564979875           543.5232137970443          6914.571770870059         0.001162427942955845      
01 Jan 2026 20:36:49.078   -7.122736880827905         -48.56925598899657          536.6831305623737          6914.493194306783         0.0001884464225028307     01 Jan 2026 20:36:49.078   78.65823138956219          171.5040818181415           557.0214193733236          6914.607048415863         0.0009760471562310311     01 Jan 2026 20:36:49.078   -38.35265871941637         124.504881988795            544.4555348428612          6914.39836332452          0.001029229162559184      
01 Jan 2026 20:37:41.509   -3.833130647260247         -49.22546298791993          536.4995895631746          6914.541069806775         0.0001089328498862565     01 Jan 2026 20:37:41.509   76.03737095672648          162.2325240737725           556.3474772841882          6914.354028438129         0.0008345371218644609     01 Jan 2026 20:37:41.509   -41.60787398052648         123.5513843090221           545.4925847005197          6914.241395438637         0.0008799177239755604     
01 Jan 2026 20:38:34.255   -0.5231740405369074        -49.88228038591487          536.421454508165           6914.555985601341         6.581620065796868e-05     01 Jan 2026 20:38:34.255   73.16899187300091          155.8383732484599           555.5856198370211          6914.143706237006         0.0006849131019409331     01 Jan 2026 20:38:34.255   -44.87506194014369         122.5139005829014           546.5793814102881          6914.112366233649         0.0007221313950001459     
01 Jan 2026 20:39:24.236   2.613274376445685          -50.50418516630567          536.4469917420829          6914.539185474999         0.0001087483461386385     01 Jan 2026 20:39:24.236   70.32754470038462          151.4390503991524           554.7925924539477          6913.985262688465         0.0005373423307683474     01 Jan 2026 20:39:24.236   -47.96264444690804         121.4410433671543           547.636720950507           6914.018892201479         0.0005674735783639204     
01 Jan 2026 20:40:16.644   5.901752100687256          -51.15854928423266          536.5774018475195          6914.489372628504         0.0001871260878859222     01 Jan 2026 20:40:16.644   67.26824643996966          147.9273234305834           553.894674160676           6913.861423977602         0.0003776725565997433     01 Jan 2026 20:40:16.644   -51.18999439322457         120.1983612266224           548.7608560728122          6913.953006210597         0.0004025366807961984     
01 Jan 2026 20:41:09.382   9.210100317464599          -51.82223173300022          536.8137467403985          6914.406425297576         0.0002733100524089422     01 Jan 2026 20:41:09.382   64.13534402259377          145.1493208512164           552.9319138610372          6913.779812744827         0.0002133951695107555     01 Jan 2026 20:41:09.382   -54.42485479018944         118.7930868655954           549.8943130046273          6913.921876608551         0.0002393893763676413     
01 Jan 2026 20:41:59.708   12.36591352812162          -52.46324516704218          537.1343536590102          6914.297280374432         0.0003587411496503278     01 Jan 2026 20:41:59.708   61.11047484214771          142.9860621669339           551.9675888337561          6913.741226842898         5.787322538016445e-05     01 Jan 2026 20:41:59.708   -57.49693005375826         117.2647392495004           550.9654522981091          6913.926755912156         0.0001146633095564465     
01 Jan 2026 20:42:52.170   15.65397385599853          -53.1426109218359           537.562618868048           6914.153348327073         0.0004504500593827953     01 Jan 2026 20:42:52.170   57.93055657315442          141.0933167052322           550.9259634481123          6913.740615323144         0.000118850058196656      01 Jan 2026 20:42:52.170   -60.67980032850373         115.4141586136749           552.0585360388022          6913.969361082491         0.0001620167969087221     
01 Jan 2026 20:43:44.905   18.95696713408693          -53.84054071234222          538.0835546624439          6913.97898543103          0.0005452134481105074     01 Jan 2026 20:43:44.905   54.71329978307548          139.4652438956828           549.8536273856498          6913.779226850795         0.0002859232185381782     01 Jan 2026 20:43:44.905   -63.85274289067755         113.1952923788685           553.1207434006319          6914.052170734605         0.0003151189161948801     
01 Jan 2026 20:44:35.203   22.10486477867049          -54.52397804846253          538.657806784724           6913.786452688992         0.0006378825986187801     01 Jan 2026 20:44:35.203   51.62949898650403          138.1058861502743           548.8191327751792          6913.851063854047         0.0004448450590106062     01 Jan 2026 20:44:35.203   -66.84524835084123         110.6122488864305           554.0888558494207          6914.169570917534         0.0004713544994861974     
01 Jan 2026 20:45:27.368   25.36645739086742          -55.25543926555205          539.3247041987379          6913.561518589813         0.0007361004894259477     01 Jan 2026 20:45:27.368   48.41871708991125          136.8499666327515           547.7469284343761          6913.9597946204           0.0006067426746125176     01 Jan 2026 20:45:27.368   -69.89883044777997         107.239860993142            555.036132824941           6914.331785298491         0.0006324008685692918     
01 Jan 2026 20:46:20.061   28.65742046585948          -56.02300823723458          540.0623017996713          6913.31026496395          0.0008370812678395019     01 Jan 2026 20:46:20.061   45.16464972856556          135.7061367292477           546.677993434535           6914.102899271773         0.0007655257574369558     01 Jan 2026 20:46:20.061   -72.90550672852206         102.7575156588759           555.924724002909           6914.53805240437          0.0007907532810855163     
01 Jan 2026 20:47:09.929   31.76800324822683          -56.7817143779904           540.8096325130336          6913.052326919513         0.0009337457628287913     01 Jan 2026 20:47:09.929   42.07669512542211          134.7156299735414           545.6919968769362          6914.267049881678         0.0009098824637881185     01 Jan 2026 20:47:09.929   -75.63570770111646         96.95951107866118           556.6946070222102          6914.772782802493         0.0009349385563641894     
01 Jan 2026 20:48:01.535   34.98240154172981          -57.60695884549189          541.6226269225408          6912.76706359838          0.00103420615625143       01 Jan 2026 20:48:01.535   38.87380309698076          133.7665463348023           544.7106265824596          6914.464100772741         0.001051717244871806      01 Jan 2026 20:48:01.535   -78.25916805093753         88.3745522225513            557.4116988726219          6915.05614319511          0.001077106119362323      
01 Jan 2026 20:48:54.147   38.25392809288412          -58.49926311855417          542.4809790288073          6912.459596747503         0.001136204325523498      01 Jan 2026 20:48:54.147   35.60189667509381          132.8637061874747           543.764096852522           6914.691041356807         0.001186886383651853      01 Jan 2026 20:48:54.147   -80.54712890052818         75.20608332510371           558.0534940719053          6915.387044347166         0.001213640667254009      
01 Jan 2026 20:49:43.742   41.33208006729041          -59.39783549040976          543.3059553242419          6912.156827180889         0.001231064906553121      01 Jan 2026 20:49:43.742   32.51225217215968          132.0616786613579           542.9334909992749          6914.926790575703         0.001304245047364104      01 Jan 2026 20:49:43.742   -82.04097979067622         56.91734698388096           558.5717479243303          6915.73722581153          0.001333798557365165      
01 Jan 2026 20:50:35.344   44.52776916073915          -60.40527154244355          544.1685174819322          6911.831110140429         0.001327419783282212      01 Jan 2026 20:50:35.344   29.29292066418647          131.26883202549             542.1444325806115          6915.192200051735         0.001414678940740686      01 Jan 2026 20:50:35.344   -82.47917880951688         32.80333616423135           559.0185540754173          6916.140050996741         0.001449350998153687      
01 Jan 2026 20:51:28.034   47.78232826649815          -61.52839040926251          545.0408716866341          6911.490066509741         0.001422215905984875      01 Jan 2026 20:51:28.034   26.00136727129227          130.4953973298476           541.4293136850865          6915.481927416377         0.001513892190497806      01 Jan 2026 20:51:28.034   -81.57580454458642         9.571570842608422           559.3757606062363          6916.590577421587         0.001556832015827541      
01 Jan 2026 20:52:17.923   50.85454433283334          -62.70186518933645          545.8471054670108          6911.161908239102         0.001507547431449644      01 Jan 2026 20:52:17.923   22.88125198680858          129.7907767791409           540.8464989122713          6915.771440066265         0.001594147675185029      01 Jan 2026 20:52:17.923   -79.77902849111331         -6.481466020655684          559.6214065805925          6917.052181662233         0.00164842646300869       
01 Jan 2026 20:53:10.179   54.06064912510529          -64.07673434010081          546.6586663745475          6910.815478689209         0.001591165088565557      01 Jan 2026 20:53:10.179   19.61006134403599          129.0764028917375           540.3438259712329          6916.088228949816         0.001662963032337213      01 Jan 2026 20:53:10.179   -77.33992851892049         -17.72011138897848          559.7831512771008          6917.570337165403         0.001733469469263926      
01 Jan 2026 20:54:02.926   57.28164915783267          -65.6598317311764           547.4313070437765          6910.465814339815         0.001668416634247368      01 Jan 2026 20:54:02.926   16.3055176253009           128.3752310873334           539.9568946199724          6916.419766304335         0.001715766293415154      01 Jan 2026 20:54:02.926   -74.56896572792594         -25.33421104030259          559.8497237585752          6918.127068847545         0.001807831249102031      
01 Jan 2026 20:54:53.542   60.35433249349133          -67.4223115424241           548.1175552172026          6910.132899074144         0.001734716456542942      01 Jan 2026 20:54:53.542   13.13238483494336          127.7173185785659           539.7063422766423          6916.746996733344         0.001750088663343632      01 Jan 2026 20:54:53.542   -71.74781150238884         -30.50401083701933          559.8258873075665          6918.69076323208          0.001868287208448611      
01 Jan 2026 20:55:46.036   63.5160842099629           -69.59034682106787          548.7612004785333          6909.792975179398         0.001794312931428122      01 Jan 2026 20:55:46.036   9.840004862898528          127.0469256305558           539.5772661077817          6917.09378033184          0.001768346259376815      01 Jan 2026 20:55:46.036   -68.7222788835029          -34.4923265127315           559.7154488433134          6919.303054467624         0.001919743296507994      
01 Jan 2026 20:56:38.777   66.65786253353237          -72.25407692468238          549.3277437301367          6909.459472936189         0.001843789864319576      01 Jan 2026 20:56:38.777   6.530962613360731          126.3822848084576           539.5861525474629          6917.447952591084         0.00176871712074282       01 Jan 2026 20:56:38.777   -65.61734999653596         -37.58546530537301          559.5229932589973          6919.943542224485         0.001960045383724885      
01 Jan 2026 20:57:30.172   69.67130409601776          -75.52465901487834          549.7934807336678          6909.144544253762         0.001881093704719638      01 Jan 2026 20:57:30.172   3.305706247288896          125.7402211249577           539.7312655780152          6917.797017765581         0.001751812736418194      01 Jan 2026 20:57:30.172   -62.5494036821929          -40.00436268446538          559.2641615330303          6920.588877497386         0.001988531443042577      
01 Jan 2026 20:58:22.798   72.68230709686857          -79.90960214086387          550.1738649961799          6908.834586064187         0.001907340537380277      01 Jan 2026 20:58:22.798   0.003145068916020597       125.0856597568682           540.020685488189           6918.156985424267         0.001717204710205794      01 Jan 2026 20:58:22.798   -59.37756650674906         -42.05381808837186          558.9347324192286          6921.267812534205         0.002006936977739973      
01 Jan 2026 20:59:15.560   75.57925426119026          -85.95858468371019          550.4501702095913          6908.538568570415         0.001920844289239077      01 Jan 2026 20:59:15.560   -3.307641053315757         124.4294482068448           540.453528585379           6918.519198210509         0.001665636816293829      01 Jan 2026 20:59:15.560   -56.17467139627164         -43.79383546124372          558.5485850930863          6921.963212349648         0.002014787315652927      
01 Jan 2026 21:00:07.023   78.20216212266739          -94.46360306169902          550.6128128935534          6908.265820720972         0.001921143188401592      01 Jan 2026 21:00:07.023   -6.536141218752009         123.7866747924388           541.0113628908148          6918.872728942049         0.001600115617684838      01 Jan 2026 21:00:07.023   -53.03378529964946         -45.26488541404582          558.128022869837           6922.651922819483         0.002012571464235027      
01 Jan 2026 21:00:59.576   80.49948193626913          -107.5165291896038          550.6657781516187          6908.00515110058          0.001907954715528617      01 Jan 2026 21:00:59.576   -9.831678306122853         123.1246512294581           541.7155858544975          6919.233137326143         0.001519225221490256      01 Jan 2026 21:00:59.576   -49.81291189272683         -46.5913816784628           557.6645738356356          6923.361891523366         0.002000635533954488      
01 Jan 2026 21:01:52.284   82.07604536191792          -127.0279634966911          550.6012942617317          6907.763166221876         0.00188081095267303       01 Jan 2026 21:01:52.284   -13.13512024496276         122.4518740019021           542.5531454561797          6919.593348617284         0.001426048083618398      01 Jan 2026 21:01:52.284   -46.57145632210016         -47.78318373327211          557.1766649883211          6924.076648677327         0.001979258191604581      
01 Jan 2026 21:02:42.862   82.465761387923            -150.7609177085254          550.4274745868534          6907.550284930042         0.001841607182422584      01 Jan 2026 21:02:42.862   -16.30291402137507         121.7948975425133           543.4740164009336          6919.937403411649         0.001328019694904185      01 Jan 2026 21:02:42.862   -43.45234267128877         -48.82366186159155          556.6976810574033          6924.761194883517         0.001950282470628241      
01 Jan 2026 21:03:34.950   81.55131557741078          -173.6636008813643          550.1341154326119          6907.351608828075         0.001787872418461254      01 Jan 2026 21:03:34.950   -19.56255672764794         121.1031818915721           544.5343208592485          6920.28984683016          0.00122204788221707       01 Jan 2026 21:03:34.950   -40.23269613767754         -49.81055341096503          556.204666067355           6925.46085291545          0.001912188580557747      
01 Jan 2026 21:04:27.612   79.62496491487887          169.6219003486713           549.7213279543193          6907.172485266569         0.001720043241894466      01 Jan 2026 21:04:27.612   -22.85481563860208         120.3842077312667           545.7122051789402          6920.644161477303         0.001115132739847022      01 Jan 2026 21:04:27.612   -36.9710443044336          -50.7375892124716           555.718122199356           6926.158675354834         0.001865591025609633      
01 Jan 2026 21:05:17.682   77.26555991509609          159.0442568888169           549.2235162686966          6907.022699338831         0.001643376293049371      01 Jan 2026 21:05:17.682   -25.98152712966614         119.6780100739548           546.920845734363           6920.979248626556         0.001020561557197693      01 Jan 2026 21:05:17.682   -33.86463708740799         -51.56514045095658          555.2772399399337          6926.809551739339         0.001814160682899963      
01 Jan 2026 21:06:09.598   74.5288433107101           151.5879178432247           548.6034216902235          6906.888523546671         0.001551937560752962      01 Jan 2026 21:06:09.598   -29.21932811137773         118.917373685134            548.2539915853804          6921.325063475711         0.0009391852032664185     01 Jan 2026 21:06:09.598   -30.63904557246504         -52.3776399576592           554.8530383046718          6927.467720328102         0.00175395098418778       
01 Jan 2026 21:07:02.234   71.58492397317114          146.2513701456956           547.8727699710071          6906.774199269094         0.001447587775175995      01 Jan 2026 21:07:02.234   -32.49714046233468         118.110316345615            549.6759718638914          6921.674339961036         0.0008857346400313305     01 Jan 2026 21:07:02.234   -27.36449658124958         -53.16237909985981          554.4676497624341          6928.113925282084         0.001686271040178729      
01 Jan 2026 21:07:51.981   68.70856882908116          142.4917376903222           547.09467159218            6906.685786449832         0.001339048546786639      01 Jan 2026 21:07:51.981   -35.5899613797343          117.3072972982823           551.0725123161301          6922.003631475922         0.0008724116964617923     01 Jan 2026 21:07:51.981   -24.26627374341382         -53.87426806303802          554.1538350020046          6928.701845595396         0.001616720516220102      
01 Jan 2026 21:08:43.976   65.63969602233473          139.4309310878355           546.1987918785362          6906.613074752649         0.001216350734780401      01 Jan 2026 21:08:43.976   -38.81645654447802         116.4172314571848           552.5731398551879          6922.347453723383         0.0009029923318028514     01 Jan 2026 21:08:43.976   -21.02513708252865         -54.59287949665481          553.8868533279274          6929.289368288665         0.001538931838419691      
01 Jan 2026 21:09:36.606   62.48900117712525          136.9476020740285           545.2157194472011          6906.559021692926         0.001083755409956476      01 Jan 2026 21:09:36.606   -42.07526052249172         115.4517928733549           554.1201585613107          6922.695703938292         0.0009783345804877119     01 Jan 2026 21:09:36.606   -17.74180184299718         -55.2986744003224           553.6881510139574          6929.852860431312         0.001455815730539088      
01 Jan 2026 21:10:26.302   59.48476653636541          135.0029559201892           544.2270059175553          6906.524967911785         0.000952077164267579      01 Jan 2026 21:10:26.302   -45.14485012401156         114.4670383397332           555.5930600459469          6923.025313006752         0.001082930447615552      01 Jan 2026 21:10:26.302   -14.63957657976695         -55.94907417920882          553.5730465083807          6930.353428099346         0.00137440809075427       
01 Jan 2026 21:11:18.508   56.306011849687            133.2646835847907           543.1364072768474          6906.50566789727          0.000808471493476134      01 Jan 2026 21:11:18.508   -48.36040873791526         113.3376625481845           557.1385333315284          6923.372984713148         0.001217936281249556      01 Jan 2026 21:11:18.508   -11.37903254801419         -56.61915185948182          553.533619937908           6930.843774412869         0.001287387220243778      
01 Jan 2026 21:12:11.150   53.08241275525638          131.7481658345174           541.9952932805054          6906.501791130896         0.0006599583322799697     01 Jan 2026 21:12:11.150   -51.59177964584758         112.0753324457485           558.6800200965572          6923.725635446716         0.001370858753491339      01 Jan 2026 21:12:11.150   -8.089987472896732         -57.28452776976018          553.5829832000563          6931.299034863353         0.001200266296052457      
01 Jan 2026 21:13:01.266   49.99996331737319          130.4727576184577           540.8825882673482          6906.511102777401         0.0005171019691158487     01 Jan 2026 21:13:01.266   -54.65565574693865         110.7269302119962           560.1179160999782          6924.063820864695         0.001525152265902883      01 Jan 2026 21:13:01.266   -4.958063478238984         -57.91124694478284          553.7161624398886          6931.693974454784         0.001120660027494888      
01 Jan 2026 21:13:53.163   46.79657046656903          129.2867608107319           539.7162680053343          6906.532425575342         0.0003705470776439642     01 Jan 2026 21:13:53.163   -57.81272490301831         109.1355052180206           561.5626742402837          6924.417032149971         0.001688391182100087      01 Jan 2026 21:13:53.163   -1.714512165791835         -58.55611519770031          553.9444468035508          6932.061754145703         0.001045390102676433      
01 Jan 2026 21:14:45.780   43.53883123088359          128.1950506599349           538.5329617232655          6906.564341149319         0.0002297576548905833     01 Jan 2026 21:14:45.780   -60.99295801905131         107.2542185314              562.9677717410805          6924.778680103965         0.001853075513141665      01 Jan 2026 21:14:45.780   1.573944075126742          -59.20843556309068          554.2701796066849          6932.390472854172         0.0009814639336058241     
01 Jan 2026 21:15:36.491   40.39104980396462          127.2273536240203           537.4050656920854          6906.603104362864         0.0001269502523007495     01 Jan 2026 21:15:36.491   -64.03223862711805         105.0954274804153           564.2526278767446          6925.130894252313         0.002007664176079964      01 Jan 2026 21:15:36.491   4.742802756518324          -59.83833876629091          554.6729711334665          6932.664216149959         0.0009372064845080097     
01 Jan 2026 21:16:28.694   37.14356701150605          126.3012334975487           536.2704887248046          6906.649331883017         0.0001481291815325238     01 Jan 2026 21:16:28.694   -67.12484771307668         102.3784935950921           565.492232563869           6925.497407048854         0.002159774153377223      01 Jan 2026 21:16:28.694   8.003956099898595          -60.4907466087046           555.176289728176           6932.90117481423          0.0009152266414800279     
01 Jan 2026 21:17:21.340   33.86215629407958          125.425934094352            535.1672725034596          6906.700520745657         0.0002613064783419163     01 Jan 2026 21:17:21.340   -70.19063234661652         98.90369944484958           566.6457846881767          6925.871119440693         0.002303587779205747      01 Jan 2026 21:17:21.340   11.29142116062294          -61.15569291605721          555.7710621397973          6933.093726924199         0.000921878676145761      
01 Jan 2026 21:18:12.131   30.69113301711124          124.6272798336377           534.1546847412747          6906.752450517431         0.0003818356575834316     01 Jan 2026 21:18:12.131   -73.07200352571992         94.499827944877             567.6571227325758          6926.235438236457         0.002431319321757444      01 Jan 2026 21:18:12.131   14.4612702158942           -61.80680667431994          556.4227787900491          6933.235300943677         0.0009574138940430993     
01 Jan 2026 21:19:04.600   27.41049819326952          123.8410461476627           533.1745423105558          6906.806924202308         0.0005024561173791241     01 Jan 2026 21:19:04.600   -75.92175652811179         88.24482551087306           568.5884551867975          6926.615419113386         0.002550285039927481      01 Jan 2026 21:19:04.600   17.73370406752195          -62.49266532633906          557.1698510988217          6933.336297738008         0.001022607283479457      
01 Jan 2026 21:19:57.274   24.11286396005758          123.0843970884332           532.2700647717766          6906.860712051028         0.0006150344145692191     01 Jan 2026 21:19:57.274   -78.55804153747999         79.11524352214667           569.3998972138597          6927.000103090331         0.002655050437770758      01 Jan 2026 21:19:57.274   21.01613278832989          -63.19845975975303          557.9873263385398          6933.39206993356          0.001113058088964038      
01 Jan 2026 21:20:47.429   20.96946103510403          122.388849886044            531.4932045214146          6906.909588822771         0.0007121155225672589     01 Jan 2026 21:20:47.429   -80.68434658692011         66.10590685811131           570.0518457061598          6927.368789735362         0.002740102911954796      01 Jan 2026 21:20:47.429   24.13866303529897          -63.89054201603786          558.8201450436563          6933.403575725101         0.001217646258242279      
01 Jan 2026 21:21:39.821   17.68282450317692          121.6834126925256           530.7793621112087          6906.956785195312         0.0008014007449537121     01 Jan 2026 21:21:39.821   -82.16347896063616         46.21646313784802           570.6026547324464          6927.755589543288         0.002812767795166671      01 Jan 2026 21:21:39.821   27.39688435615309          -64.63910422300349          559.7370213977529          6933.373452186102         0.001341129845515439      
01 Jan 2026 21:22:32.535   14.37332848943566          120.9911054806289           530.1707220640192          6906.998993852606         0.000877453015212715      01 Jan 2026 21:22:32.535   -82.43346772343571         21.39648126091884           571.0194811578513          6928.145448635993         0.002868530248016123      01 Jan 2026 21:22:32.535   30.6709673127699           -65.42444966611282          560.6969308959142          6933.301179812815         0.001475448446227343      
01 Jan 2026 21:23:22.422   11.23934786484711          120.3485505678286           529.7029635587223          6907.033039662034         0.0009357486171390686     01 Jan 2026 21:23:22.422   -81.45313736710735         0.001079668345793544        571.2856098810362          6928.513885752096         0.002904862011430442      01 Jan 2026 21:23:22.422   33.7650690667619           -66.20373884301092          561.6290697942723          6933.195616967092         0.001608240394473442      
01 Jan 2026 21:24:14.901   7.940931326436023          119.6825353865711           529.3304815562115          6907.06178905568          0.0009819394387905959     01 Jan 2026 21:24:14.901   -79.49407976853233         -16.15296419069514          571.4308603263817          6928.899543758791         0.002925599812070804      01 Jan 2026 21:24:14.901   37.01471188643149          -67.06945279262597          562.622559118663           6933.047450877097         0.001750657909914153      
01 Jan 2026 21:25:07.613   4.626730740532671          119.0206594668515           529.0844460591306          6907.082692397486         0.001012123186595653      01 Jan 2026 21:25:07.613   -76.99059227826352         -26.86340773094476          571.4392596468942          6929.283313229871         0.002928359148997581      01 Jan 2026 21:25:07.613   40.27262540713151          -67.99672493414556          563.6209829411309          6932.862456427927         0.001893661908509475      
01 Jan 2026 21:25:57.397   1.495973511480875          118.3993379217989           528.972840593734           6907.094680440369         0.00102535696171966       01 Jan 2026 21:25:57.397   -74.36251244676069         -33.75244110472644          571.3234509819149          6929.640813469679         0.002914494905786592      01 Jan 2026 21:25:57.397   43.34313552208533          -68.93748802280111          564.5524111692366          6932.656563808934         0.002026386816241189      
01 Jan 2026 21:26:49.821   -1.80098847383127          117.7462886947559           528.9836089313894          6907.098953159742         0.001023083248955475      01 Jan 2026 21:26:49.821   -71.43933072143827         -38.94262566885213          571.0759060007294          6930.010183916585         0.002882957707547433      01 Jan 2026 21:26:49.821   46.56861980219342          -70.01230290949216          565.5083662908             6932.409367900098         0.002161559590247848      
01 Jan 2026 21:27:42.581   -5.118841606659972         117.087474536407            529.1272307241725          6907.094628161307         0.001004037637908208      01 Jan 2026 21:27:42.581   -68.3999939541322          -42.82533274591494          570.7025876144835          6930.372485212751         0.002834236583846855      01 Jan 2026 21:27:42.581   49.80528889165979          -71.20267494074955          566.4315634763443          6932.131649247489         0.002290857978192402      
01 Jan 2026 21:28:32.773   -8.274524666899708         116.4565752923696           529.3859233045487          6907.082725296785         0.0009705346867246804     01 Jan 2026 21:28:32.773   -65.45035004293386         -45.7044254299557           570.2385269555298          6930.706280354188         0.002772769404018709      01 Jan 2026 21:28:32.773   52.87385037815805          -72.46284675917357          567.2615504536834          6931.84293798999          0.002405902717422127      
01 Jan 2026 21:29:25.381   -11.58082488228114         115.7880595576819           529.7815775006575          6907.062582786698         0.0009197490233492396     01 Jan 2026 21:29:25.381   -62.31736879056628         -48.14171122975061          569.6464047818226          6931.042460045721         0.002693428229224977      01 Jan 2026 21:29:25.381   56.07649525558939          -73.95513236179011          568.0686818248741          6931.517283439057         0.002516549336563427      
01 Jan 2026 21:30:18.146   -14.89532188974508         115.1068668724903           530.3015447365815          6907.035222422068         0.0008533438402824711     01 Jan 2026 21:30:18.146   -59.14455211379983         -50.16463183660601          568.9533995973643          6931.363139599272         0.002599617564312966      01 Jan 2026 21:30:18.146   59.27125695058021          -75.68241487682248          568.8016414394351          6931.169635597568         0.002615825371509975      
01 Jan 2026 21:31:08.678   -18.06746384096699         114.4412008938378           530.9090974077617          6907.003183079226         0.0007760213702052535     01 Jan 2026 21:31:08.678   -56.08475319028803         -51.81371193426308          568.2066427102509          6931.652380989405         0.002497613906947173      01 Jan 2026 21:31:08.678   62.30952661402485          -77.62590573236635          569.4210100218306          6930.819485174983         0.002698652201403238      
01 Jan 2026 21:32:01.221   -21.36314378150475         113.7314570447335           531.6469117940032          6906.964923804674         0.0006824045522220231     01 Jan 2026 21:32:01.221   -52.88620316273558         -53.30468585080735          567.3551547647503          6931.932095485678         0.002380338053706587      01 Jan 2026 21:32:01.221   65.43896183322227          -80.05888973995754          569.9691302286383          6930.440114010881         0.002770907482187838      
01 Jan 2026 21:32:53.961   -24.66800341290836         112.9965697069983           532.4871598394548          6906.922770162038         0.0005761674973171104     01 Jan 2026 21:32:53.961   -49.66168300150222         -54.62576142085973          566.4357082650477          6932.188728148874         0.002252731190616114      01 Jan 2026 21:32:53.961   68.53745142874321          -83.10029850381248          570.4115362501343          6930.046204633354         0.002828186972909348      
01 Jan 2026 21:33:43.916   -27.7948347432785          112.275018371075            533.365622458653           6906.880738876321         0.0004656906249314727     01 Jan 2026 21:33:43.916   -46.59692518441079         -55.75060924554462          565.5167073533967          6932.407156485379         0.002124366096307507      01 Jan 2026 21:33:43.916   71.41426765899708          -86.79357903957995          570.7233082910761          6929.663270699869         0.002867552274838735      
01 Jan 2026 21:34:35.651   -31.02893371966799         111.4959685253523           534.3494149323151          6906.836569050846         0.0003433326358280748     01 Jan 2026 21:34:35.651   -43.41393223322216         -56.81268384917373          564.5279469626303          6932.605731372318         0.001985588429332051      01 Jan 2026 21:34:35.651   74.30117296402169          -91.89103295377234          570.9294932356897          6929.258842055959         0.002892392162890779      
01 Jan 2026 21:35:28.323   -34.31671275907532         110.6624626800357           535.4164046032429          6906.792621669318         0.0002151144052554779     01 Jan 2026 21:35:28.323   -40.16517187553769         -57.80762735919393          563.4956631139912          6932.776631679542         0.00184033525935261       01 Jan 2026 21:35:28.323   77.0801920508985           -99.20345806435299          571.0117430845785          6928.841071375899         0.002900516422455869      
01 Jan 2026 21:36:17.952   -37.40934981447013         109.831920450667            536.4703608144146          6906.753792766654         0.0001103964630553836     01 Jan 2026 21:36:17.952   -37.09764547335507         -58.68036265229905          562.5114972892397          6932.906683737856         0.001702025932938538      01 Jan 2026 21:36:17.952   79.43704082127755          -109.2977140761042          570.9673836870888          6928.443776484214         0.002892011499396016      
01 Jan 2026 21:37:09.451   -40.61244467440088         108.9136521445235           537.601346496851           6906.717873512864         0.0001277702908824758     01 Jan 2026 21:37:09.451   -33.90872556515423         -59.5316554362623           561.4907368409067          6933.007836654215         0.001559585657311002      01 Jan 2026 21:37:09.451   81.38425293107642          -124.9333140008773          570.7936201867178          6928.0295396904           0.002866465664195718      
01 Jan 2026 21:38:02.047   -43.87644030232352         107.903174629449            538.7820768154243          6906.687627982875         0.0002568215425428664     01 Jan 2026 21:38:02.047   -30.64649416931299         -60.3540756451966           560.4614120858505          6933.073644713352         0.001418361155608181      01 Jan 2026 21:38:02.047   82.43684245256354          -147.376956505544           570.4804716264771          6927.606108040012         0.002822839051535591      
01 Jan 2026 21:38:51.694   -46.94958951020253         106.866215059271            539.9076149308785          6906.666755411004         0.0003959821352652063     01 Jan 2026 21:38:51.694   -27.56272425555972         -61.09442810111079          559.5133614729657          6933.099345251921         0.00129237089705184       01 Jan 2026 21:38:51.694   82.20891661807195          -170.8256277881355          570.0591478565902          6927.20747991522          0.002765619290485602      
01 Jan 2026 21:39:43.523   -50.1481848724596          105.6762173383894           541.0806815581827          6906.65466659321          0.0005452639498431487     01 Jan 2026 21:39:43.523   -24.33941885229581         -61.8365652358155           558.5593091048595          6933.08693492482          0.001172552727641447      01 Jan 2026 21:39:43.523   80.7997649394067           169.1323217731297           569.4905616579699          6926.793724119884         0.002689694885027848      
01 Jan 2026 21:40:36.141   -53.38343436519872         104.3260920596937           542.2557810270027          6906.654299248666         0.0006969867574815547     01 Jan 2026 21:40:36.141   -21.06339203223341         -62.56355962972537          557.6390086683186          6933.032001396909         0.001068121492337545      01 Jan 2026 21:40:36.141   78.59085429997798          155.2611660572005           568.7818990098585          6926.377315089761         0.002596362462339033      
01 Jan 2026 21:41:26.240   -56.45013865514302         102.8696625552871           543.3471758469577          6906.666681156325         0.0008394038044261582     01 Jan 2026 21:41:26.240   -17.94111098852431         -63.23558118283409          556.817459529515           6932.939050729094         0.0009898316802188288     01 Jan 2026 21:41:26.240   76.09308885915623          146.4512821421383           567.9883781881044          6925.985128613231         0.002493112221281897      
01 Jan 2026 21:42:18.627   -59.63879503977847         101.1129318895191           544.4469112833576          6906.694461767649         0.0009843624805746102     01 Jan 2026 21:42:18.627   -14.67362121544729         -63.92135186720465          556.024480411942           6932.798680978379         0.0009348763042831024     01 Jan 2026 21:42:18.627   73.25788434852228          140.0660154179256           567.0406575979068          6925.580260238941         0.002371256257300737      
01 Jan 2026 21:43:11.348   -62.82366461849712         99.02093584003224           545.4982785962784          6906.739194731612         0.001124506290350004      01 Jan 2026 21:43:11.348   -11.38291085358546         -64.59780252810853          555.3027650320646          6932.612362265653         0.0009105033532936829     01 Jan 2026 21:43:11.348   70.27110947865887          135.4294309080651           565.9726522232049          6925.17875177253          0.002235701253417639      
01 Jan 2026 21:44:02.389   -65.87585613850028         96.56772137526919           546.4518483946649          6906.799789372353         0.001253253075307926      01 Jan 2026 21:44:02.389   -8.195253338024321         -65.24285870267255          554.6836449939738          6932.388762080262         0.0009164544824215794     01 Jan 2026 21:44:02.389   67.30075254713877          132.0242484502825           564.8380460939943          6924.796078747522         0.002093770511150437      
01 Jan 2026 21:44:54.961   -68.97428985291174         93.41217413080062           547.357132304277           6906.881091521267         0.001377380498053602      01 Jan 2026 21:44:54.961   -4.91056934339816          -65.90022250998304          554.133345231925           6932.114171783203         0.0009495216168130602     01 Jan 2026 21:44:54.961   64.18797977202944          129.2548435624366           563.5759476079174          6924.408328255021         0.001938636937106824      
01 Jan 2026 21:45:47.674   -72.01234890587617         89.29641762037873           548.1766237000529          6906.982782126732         0.001491958508278914      01 Jan 2026 21:45:47.674   -1.61610663044065          -66.55512070802858          553.6748217601153          6931.794246182888         0.001004294422425493      01 Jan 2026 21:45:47.674   61.02906537227876          126.9967411690879           562.2266418765912          6924.026079689666         0.001776510488091344      
01 Jan 2026 21:46:39.212   -74.87769701161012         83.8416781093532            548.8840307476248          6907.10241870254          0.001593351087739939      01 Jan 2026 21:46:39.212   1.605518530790857          -67.1941053639504           553.3194608245321          6931.439105596283         0.001072552710299616      01 Jan 2026 21:46:39.212   57.91382190415858          125.1471560920825           560.8382857560537          6923.658539475709         0.001614647934145557      
01 Jan 2026 21:47:31.777   -77.61886639488452         75.91597221978523           549.5026656287546          6907.245481073626         0.001684994437755789      01 Jan 2026 21:47:31.777   4.891420286539467          -67.84724216688974          553.0529353819775          6931.034969400039         0.001151454303479505      01 Jan 2026 21:47:31.777   54.71588840139697          123.5289430607336           559.3650666325293          6923.289712166274         0.001450015074276233      
01 Jan 2026 21:48:24.493   -80.03357387393123         64.00368697236667           550.0127595902159          6907.410513323274         0.001764172292719982      01 Jan 2026 21:48:24.493   8.186502478189492          -68.50657035139757          552.8826753039921          6930.588707281976         0.001235368413644374      01 Jan 2026 21:48:24.493   51.49222010034617          122.1111494510721           557.8436604825247          6922.925536504034         0.001290411266776407      
01 Jan 2026 21:49:15.556   -81.77149051708788         46.69134515611393           550.3971744947457          6907.590907369417         0.001828110088724485      01 Jan 2026 21:49:15.556   11.37750433879038          -69.15215128792269          552.8087676152045          6930.119141635896         0.001317882790296506      01 Jan 2026 21:49:15.556   48.35688753562371          120.8886635460363           556.3420084015397          6922.577769875933         0.001147363060570023      
01 Jan 2026 21:50:08.066   -82.4920722743436          22.86755176610121           550.6769417329997          6907.797184041061         0.001880315163345274      01 Jan 2026 21:50:08.066   14.65772877223288          -69.82622350424096          552.8230701970215          6929.60016011405          0.001401489851715436      01 Jan 2026 21:50:08.066   45.12180999925966          119.7529036887314           554.7838543855714          6922.224710341148         0.001020530767684896      
01 Jan 2026 21:51:00.782   -81.84049628832958         -1.264743361411867          550.8384591897266          6908.02487051981          0.001918620145649368      01 Jan 2026 21:51:00.782   17.94910974269962          -70.51676355548707          552.9249791840948          6929.044837761627         0.001482299817135372      01 Jan 2026 21:51:00.782   41.8646303997125           118.7111733498172           553.2206494643315          6921.874305053559         0.0009243233979031208     
01 Jan 2026 21:51:51.171   -80.17358912891675         -18.73206914636006          550.8810897429103          6908.261016490779         0.001941913495814032      01 Jan 2026 21:51:51.171   21.09326053856347          -71.19334653788223          553.0989323492131          6928.484496500373         0.001555363758903356      01 Jan 2026 21:51:51.171   38.74352736879727          117.7896854807117           551.7416924413637          6921.542544352654         0.0008712587554527331     
01 Jan 2026 21:52:43.458   -77.81102683840923         -30.8932824188208           550.8113281802507          6908.524107732553         0.001952368217201272      01 Jan 2026 21:52:43.458   24.35328469834664          -71.91664077980121          553.3517250508112          6927.875497596494         0.001625916545273066      01 Jan 2026 21:52:43.458   35.49798276190877          116.8959075208586           550.2374529831359          6921.200967777067         0.0008623740421580335     
01 Jan 2026 21:53:36.102   -75.08492645921066         -39.0550929331206           550.6268082887354          6908.806215073705         0.001948999534163269      01 Jan 2026 21:53:36.102   27.63247897594063          -72.67168655693268          553.6725319290636          6927.237253803266         0.001690819371393545      01 Jan 2026 21:53:36.102   32.22400016734481          116.0486114413125           548.7689721369507          6920.859212979495         0.0008988733577469241     
01 Jan 2026 21:54:25.962   -72.32610429224793         -44.48630186227911          550.3504065374773          6909.087855687073         0.001933301808850373      01 Jan 2026 21:54:25.962   30.73483965287333          -73.41697265651074          554.0293481892195          6926.612769401757         0.001746111904991902      01 Jan 2026 21:54:25.962   29.11808026172696          115.2861663292498           547.4339230944706          6920.537028187012         0.0009666879926131437     
01 Jan 2026 21:55:17.963   -69.34061310196761         -48.67606178583019          549.9623314936352          6909.394827497368         0.001904474470972069      01 Jan 2026 21:55:17.963   33.9663660014723           -74.23219782408658          554.4469630713565          6925.944222248582         0.001796964794754237      01 Jan 2026 21:55:17.963   25.87408384490966          114.525185566517            546.1123201238188          6920.202109228345         0.00106002626921838       
01 Jan 2026 21:56:10.582   -66.24857464295053         -51.92584955009417          549.4729595151257          6909.717174731149         0.001863030113922245      01 Jan 2026 21:56:10.582   37.23139657491044          -75.10494544761605          554.9063180324865          6925.25357749354          0.001840982542425808      01 Jan 2026 21:56:10.582   22.58724955145004          113.7844389866453           544.8612745562614          6919.863995765948         0.00116679491654648       
01 Jan 2026 21:57:00.299   -63.28307182683831         -54.38073865293764          548.9287968183289          6910.030535306343         0.001813265943840084      01 Jan 2026 21:57:00.299   40.3111438252858           -75.9833550217849           555.3641706396265          6924.591518643301         0.001875404180728164      01 Jan 2026 21:57:00.299   19.47820270789824          113.1066998035659           543.7697948280493          6919.545031421612         0.00127102699983564       
01 Jan 2026 21:57:52.628   -60.12928032511017         -56.51272289201962          548.2792424767249          6910.367258039857         0.001750648787193957      01 Jan 2026 21:57:52.628   43.54629564157229          -76.97702552729292          555.8600378284591          6923.888553522901         0.001903820861214         01 Jan 2026 21:57:52.628   16.20269199668282          112.4121915129931           542.7263873875836          6919.209743162427         0.001378069974847895      
01 Jan 2026 21:58:45.318   -56.92895515525987         -58.3208138374779           547.555945552177           6910.71089265766          0.001678017964919031      01 Jan 2026 21:58:45.318   46.79599715252349          -78.06596750766505          556.3621323084517          6923.178424228989         0.001924043219552299      01 Jan 2026 21:58:45.318   12.90184776035467          111.7284060530504           541.7944995612452          6918.872650022246         0.001478459493847764      
01 Jan 2026 21:59:35.375   -53.87093732471395         -59.80496827046616          546.8147880089873          6911.039126899776         0.001601144597207533      01 Jan 2026 21:59:35.375   49.87478252480604          -79.20303379354526          556.8308546332037          6922.505384330765         0.001935181340372962      01 Jan 2026 21:59:35.375   9.763813033829793          111.0898716165731           541.0270996338195          6918.553083410764         0.001563810962570203      
01 Jan 2026 22:00:27.429   -50.67662899264624         -61.16471571110385          545.9996435865278          6911.379608365956         0.001514200439784901      01 Jan 2026 22:00:27.429   53.06566929305573          -80.51931466818237          557.2985845634166          6921.811030329442         0.001938132182150481      01 Jan 2026 22:00:27.429   6.498921054766433          110.4342085730153           540.3574027349396          6918.22187816985          0.001639820044015407      
01 Jan 2026 22:01:20.100   -47.43239699746346         -62.39274199501938          545.1410685609171          6911.720414076431         0.001420169928448542      01 Jan 2026 22:01:20.100   56.28068749257093          -82.02953972675091          557.740180955775           6921.11813485495          0.001931860907560802      01 Jan 2026 22:01:20.100   3.19404115261097           109.7764135574601           539.8180671947139          6917.888500276336         0.001701683669108311      
01 Jan 2026 22:02:10.587   -44.31328348655908         -63.45986630611316          544.2982506826156          6912.040862625268         0.001325486983663039      01 Jan 2026 22:02:10.587   59.34598281043733          -83.69743250889915          558.1233248683884          6920.466784134633         0.001916829764891142      01 Jan 2026 22:02:10.587   0.02547659725384785        109.1485098713565           539.4350660993832          6917.571361904927         0.00174553028918172       
01 Jan 2026 22:03:02.885   -41.0740111402209          -64.47465939998182          543.4173355593521          6912.363577777281         0.001223903895993599      01 Jan 2026 22:03:02.885   62.49919268330762          -85.72964954069371          558.4688102366817          6919.808939555754         0.00189167307221598       01 Jan 2026 22:03:02.885   -3.25710110897274          108.4980263202353           539.1784989511398          6917.246308340187         0.001774120784048375      
01 Jan 2026 22:03:55.649   -37.79862286347241         -65.42302936794165          542.5335562656483          6912.676776404679         0.001119002715442627      01 Jan 2026 22:03:55.649   65.64962503150417          -88.21218493690716          558.7548189864365          6919.166268989025         0.001856145784380083      01 Jan 2026 22:03:55.649   -6.568734705366605         107.8388728651447           539.0645085643437          6916.923138028928         0.001785054417912178      
01 Jan 2026 22:04:46.867   -34.61318088207955         -66.28463854918233          541.6929522671917          6912.966186610186         0.00101595211718316       01 Jan 2026 22:04:46.867   68.66582598147197          -91.21274145823159          558.964004880122           6918.565959333947         0.001811695240504604      01 Jan 2026 22:04:46.867   -9.782671308516594         107.1934706404892           539.0917265176258          6916.615373913643         0.001778219851151757      
01 Jan 2026 22:05:39.445   -31.33770475365326         -67.11969543203227          540.8602267659171          6913.245635536197         0.0009099415125641146     01 Jan 2026 22:05:39.445   71.698351983858            -95.18854446676205          559.1010643513955          6917.977004995699         0.001755679957519316      01 Jan 2026 22:05:39.445   -13.080853425301           106.5221887952534           539.2579848023179          6916.307075170025         0.001753352168338935      
01 Jan 2026 22:06:32.212   -28.0456647657279          -67.9163805382215           540.0675393822194          6913.505512341399         0.0008042541543530591     01 Jan 2026 22:06:32.212   74.63931430383757          -100.5883925256779          559.1529492947848          6917.416763608124         0.00168877538105472       01 Jan 2026 22:06:32.212   -16.38920513999877         105.8362793164494           539.5611020769602          6916.007214358442         0.001710493557327647      
01 Jan 2026 22:07:22.780   -24.88689432691626         -68.6478692155125           539.3592004691054          6913.732937342478         0.0007043694355130834     01 Jan 2026 22:07:22.780   77.29605635983229          -107.8948676465039          559.1171780486993          6916.911428558929         0.001614579591912574      01 Jan 2026 22:07:22.780   -19.55761636522823         105.1640463458848           539.9739237934573          6915.730614702568         0.001653069828346679      
01 Jan 2026 22:08:15.313   -21.60189997453903         -69.38055646918488          538.6869986728825          6913.944612344122         0.0006026593467543766     01 Jan 2026 22:08:15.313   79.75434027804066          -119.1296108178967          558.9875472533913          6916.421568337282         0.001527108206055156      01 Jan 2026 22:08:15.313   -22.84644963746884         104.446253209935            540.5222223557066          6915.456413766758         0.001577164234586025      
01 Jan 2026 22:09:08.123   -18.29638356992584         -70.09434540344405          538.0864070303041          6914.130144378732         0.0005029753868013837     01 Jan 2026 22:09:08.123   81.64175313367454          -136.2432121271198          558.7596699483183          6915.967326537368         0.001428653051570346      01 Jan 2026 22:09:08.123   -26.14945794786055         103.699964055204            541.187228726968           6915.196410680502         0.001485067394029296      
01 Jan 2026 22:09:58.020   -15.17080673890388         -70.75186447654329          537.5961907058918          6914.278698837697         0.000411438874097764      01 Jan 2026 22:09:58.020   82.47793882036289          -158.3573836816315          558.4534232005781          6915.575041332821         0.001326181331581665      01 Jan 2026 22:09:58.020   -29.26672847247331         102.9670554936452           541.9111478612303          6914.967222157135         0.001384489643201156      
01 Jan 2026 22:10:50.476   -11.88291622635125         -71.42916033335931          537.1689734171841          6914.405404323575         0.0003182225298343851     01 Jan 2026 22:10:50.476   82.03321078847135          177.1328892592311           558.0364816734636          6915.202761402033         0.001208926215856383      01 Jan 2026 22:10:50.476   -32.53953566144078         102.1611820700904           542.7616500642325          6914.745748421115         0.001265724025672521      
01 Jan 2026 22:11:43.201   -8.576423483485572         -72.09903272391735          536.8367295478156          6914.501111459468         0.0002281096537279765     01 Jan 2026 22:11:43.201   80.41161695664555          157.9462926576478           557.5210076559042          6914.871181485722         0.001081727356297209      01 Jan 2026 22:11:43.201   -35.82409785579443         101.3067712288203           543.6970222834761          6914.545554638626         0.001134237963867865      
01 Jan 2026 22:12:33.039   -5.449869164339178         -72.72510672255484          536.616641448084           6914.561552368388         0.0001479680029385526     01 Jan 2026 22:12:33.039   78.22219235230169          145.6939837859666           556.9478300077126          6914.597821382408         0.0009534646183664918     01 Jan 2026 22:12:33.039   -38.92340194285847         100.4493898773184           544.6437139839154          6914.379125754786         0.001000153161765789      
01 Jan 2026 22:13:25.408   -2.163853414970779         -73.37839309986266          536.4869703568402          6914.593023626414         7.99208482482134e-05      01 Jan 2026 22:13:25.408   75.55358922045686          137.0551816005728           556.2599814509458          6914.353029659857         0.0008110148412261612     01 Jan 2026 22:13:25.408   -42.17353358375806         99.484824904817             545.6912167917626          6914.230338433613         0.0008505561988615555     
01 Jan 2026 22:14:18.145   1.145582059575253          -74.03440177386403          536.4634105295754          6914.591230052546         8.292923621850428e-05     01 Jan 2026 22:14:18.145   72.65732870952742          131.0375878742528           555.4846057455925          6914.150654712322         0.0006605039953013458     01 Jan 2026 22:14:18.145   -45.43869710849737         98.43234205870669           546.7871390243263          6914.109763426937         0.0006926810378382532     
01 Jan 2026 22:15:08.043   4.276741317743759          -74.65597011779161          536.5402912547543          6914.558596530633         0.0001485434745417869     01 Jan 2026 22:15:08.043   69.80437445658698          126.86706371032             554.6812354180211          6913.999825249652         0.0005125190158389491     01 Jan 2026 22:15:08.043   -48.51962424572387         97.34341927129601           547.8492603197128          6914.024706266256         0.0005385901583098197     
01 Jan 2026 22:16:00.484   7.566857855514217          -75.3128723356657           536.7238375323768          6914.49218798694          0.0002318437062832056     01 Jan 2026 22:16:00.484   66.73223836127589          123.5055660038901           553.7720325237715          6913.883469417611         0.000352298225985549      01 Jan 2026 22:16:00.484   -51.74695800964543         96.07638279295044           548.9785115096183          6913.967716039058         0.000374710896114744      
01 Jan 2026 22:16:53.236   10.87546424516614          -75.98040727165009          537.0119821821063          6914.392808382843         0.0003203416785235729     01 Jan 2026 22:16:53.236   63.59102718582184          120.8308400624168           552.7999040469849          6913.809254059299         0.0001877992895361137     01 Jan 2026 22:16:53.236   -54.98020027650096         94.64003113613124           550.1142331306746          6913.94579803744          0.0002155623321697215     
01 Jan 2026 22:17:43.577   14.03145978909233          -76.62665442431714          537.379831063563           6914.268370989255         0.0004076070662969502     01 Jan 2026 22:17:43.577   60.56009284213186          118.7372218578545           551.8283288989742          6913.777509577983         3.494128537692217e-05     01 Jan 2026 22:17:43.577   -58.05027486104445         93.07281937577768           551.1852865227647          6913.959633501603         0.0001126282237057839     
01 Jan 2026 22:18:36.000   17.31599112089489          -77.31247156689474          537.8538175366493          6914.109249615252         0.0005010542915403909     01 Jan 2026 22:18:36.000   57.37857759867188          116.8993657476009           550.7822300599264          6913.783740100081         0.0001426625025265303     01 Jan 2026 22:18:36.000   -61.22678075236147         91.17026540065669           552.2748119031012          6914.011618922391         0.0001908387486134929     
01 Jan 2026 22:19:28.724   20.61699163108187          -78.01922311816787          538.4171349782901          6913.920306335405         0.0005975416035254198     01 Jan 2026 22:19:28.724   54.15891471350704          115.3115989021939           549.7069975259446          6913.828875355915         0.0003095689868854703     01 Jan 2026 22:19:28.724   -64.39368210389739         88.8778577577816            553.3318006412974          6914.103902730764         0.0003460591779185231     
01 Jan 2026 22:20:18.891   23.75516466242349          -78.71145758151069          539.0261279130546          6913.715238801449         0.0006914839228072295     01 Jan 2026 22:20:18.891   51.08088542277029          113.9847358965963           548.6743490539911          6913.906356891169         0.0004671400176136382     01 Jan 2026 22:20:18.891   -67.37124046077507         86.20269059927153           554.290718751472           6914.22996505856          0.0005015247047452066     
01 Jan 2026 22:21:10.977   27.01007944756835          -79.4552450847608           539.7247853707131          6913.478133545424         0.0007908847337266764     01 Jan 2026 22:21:10.977   47.87299062748888          112.7539312279548           547.6050618803765          6914.02054661864          0.0006274240782549693     01 Jan 2026 22:21:10.977   -70.40954290579901         82.68643279366376           555.2279273385639          6914.401110361942         0.000661669379160869      
01 Jan 2026 22:22:03.658   30.29815630807248          -80.23919551831992          540.4899154741579          6913.215431358856         0.0008928385265493885     01 Jan 2026 22:22:03.658   44.61811004528597          111.6288478148405           546.5400125211545          6914.16888500565          0.0007844237903120185     01 Jan 2026 22:22:03.658   -73.39859972660825         77.97351876011014           556.1059046124683          6914.616466379745         0.0008192231225173394     
01 Jan 2026 22:22:53.388   33.39794320991573          -81.0147329059624           541.2559632996272          6912.94848416246          0.0009897763032321685     01 Jan 2026 22:22:53.388   41.5373762784755           110.6549705043754           545.5622457598065          6914.337154362405         0.0009264354659115163     01 Jan 2026 22:22:53.388   -76.09515672772407         71.84563879195008           556.8625888150073          6914.858988244428         0.0009622349012529433     
01 Jan 2026 22:23:44.613   36.58595517152717          -81.85722838135155          542.0784642306835          6912.656612964869         0.001089571477637823      01 Jan 2026 22:23:44.613   38.35709438801785          109.7242442282726           544.5957391075654          6914.536958743799         0.001064964393662409      01 Jan 2026 22:23:44.613   -78.65319764788832         62.76002250549005           557.5622084743754          6915.148567056378         0.001102515276857486      
01 Jan 2026 22:24:37.180   39.85168793496687          -82.77781635133383          542.945709205037           6912.341840770988         0.001191009069217209      01 Jan 2026 22:24:37.180   35.08701426071866          108.831426235084            543.6597422935438          6914.76756405322          0.001197470650846033      01 Jan 2026 22:24:37.180   -80.85220281177259         48.70403844553432           558.1903765839843          6915.487337643598         0.001238029999166291      
01 Jan 2026 22:25:26.770   42.92622939750422          -83.70977515460731          543.7737897884126          6912.033226183979         0.001284859086461368      01 Jan 2026 22:25:26.770   31.99693845314362          108.0366625608664           542.8402918340098          6915.006604067122         0.001312198936323381      01 Jan 2026 22:25:26.770   -82.19924086843291         29.4114046928924            558.695610337003           6915.844924323197         0.001357241817619936      
01 Jan 2026 22:26:18.387   46.11888534423713          -84.76041749282906          544.6337889903589          6911.702612957811         0.001379603966803032      01 Jan 2026 22:26:18.387   28.77598962091332          107.2497816507499           542.0644260108002          6915.275245975102         0.001419751334933719      01 Jan 2026 22:26:18.387   -82.42544900996864         4.966279035537695           559.1285938221636          6916.25535282949          0.00147175935915098       
01 Jan 2026 22:27:11.034   49.36608350712337          -85.93741025442957          545.4961326016028          6911.358339415864         0.00147201580177123       01 Jan 2026 22:27:11.034   25.48646759011605          106.4821668673491           541.3654284888626          6915.567673395112         0.001515765706051505      01 Jan 2026 22:27:11.034   -81.33207108044984         -17.39808031072409          559.4710824048498          6916.71283640192          0.001577958908647499      
01 Jan 2026 22:28:00.931   52.4333330457865           -87.17657299030688          546.2877274451212          6911.028111087165         0.001554578421075683      01 Jan 2026 22:28:00.931   22.36543020489122          105.7815040163847           540.7988732056219          6915.859770029698         0.001592986944331301      01 Jan 2026 22:28:00.931   -79.42539589120676         -32.47560742427823          559.7031312390227          6917.181109811318         0.001668330643548021      
01 Jan 2026 22:28:53.005   55.6213745531047           -88.6339918879378           547.0751347265386          6910.682103355114         0.001634409188147361      01 Jan 2026 22:28:53.005   19.10524072705508          105.0730615059396           540.3163657648274          6916.177886197809         0.001658367651738863      01 Jan 2026 22:28:53.005   -76.93386086919006         -42.97700441798082          559.8504909637995          6917.703927947713         0.001751694251808656      
01 Jan 2026 22:29:45.728   58.83214401536545          -90.33227202836211          547.8199682869008          6910.333136876769         0.001707500101312088      01 Jan 2026 22:29:45.728   15.80186199016793          104.3749748390253           539.9494353387381          6916.511551597739         0.001707962143037906      01 Jan 2026 22:29:45.728   -74.13129871077946         -50.16558169731482          559.9037063707547          6918.26648259168          0.001824530228531991      
01 Jan 2026 22:30:36.325   61.8926864604767           -92.24296780865662          548.4743055241388          6910.002084357761         0.001769283630084784      01 Jan 2026 22:30:36.325   12.62972543425205          103.7194118372324           539.7191107103527          6916.840726971023         0.001739297249038686      01 Jan 2026 22:30:36.325   -71.29297684592059         -55.08539187298557          559.8677736369109          6918.83535421803          0.001883431050982898      
01 Jan 2026 22:31:28.809   65.03850805594058          -94.62305102054883          549.079915157231           6909.665222569812         0.001823703237783546      01 Jan 2026 22:31:28.809   9.337820295563107          103.0508015538225           539.6118910693285          6917.189518034334         0.001754612758361337      01 Jan 2026 22:31:28.809   -68.25624454530193         -58.90845713099634          559.7456854199072          6919.452642336792         0.001933191601016705      
01 Jan 2026 22:32:21.539   68.15782067304926          -97.59165519787294          549.6035059737806          6909.335956215763         0.001867511554774353      01 Jan 2026 22:32:21.539   6.029383832313863          102.3874725660636           539.643468288833           6917.545666176611         0.00175224514862827       01 Jan 2026 22:32:21.539   -65.1442098551334          -61.89148359952175          559.5426200331176          6920.097605744677         0.001971702605002985      
01 Jan 2026 22:33:13.064   71.1471388511071           -101.3137982434142          550.0243710482882          6909.025356150366         0.001898969330603093      01 Jan 2026 22:33:13.064   2.795966649224205          101.7444948670836           539.8118073029818          6917.897623390657         0.001732870887873892      01 Jan 2026 22:33:13.064   -62.06322053812487         -64.24184565238224          559.2738310450768          6920.748549680099         0.001998431317511156      
01 Jan 2026 22:34:05.630   74.10364273255524          -106.3943734994429          550.3536962978833          6908.721955394405         0.001918776891050939      01 Jan 2026 22:34:05.630   -0.5027934456497767        101.0909623094946           540.1246031641485          6918.259269382007         0.00169615526192102       01 Jan 2026 22:34:05.630   -58.89103852705743         -66.23402020355302          558.9365854825101          6921.430183949865         0.002014881763304379      
01 Jan 2026 22:34:58.341   76.91099842112978          -113.5767751247877          550.5760841363399          6908.433317642624         0.001925579716560566      01 Jan 2026 22:34:58.341   -3.810206736143646         100.4352428491112           540.5806690849531          6918.623278099869         0.001642920505630598      01 Jan 2026 22:34:58.341   -55.68833193494123         -67.93202850459286          558.5441406361015          6922.127714049348         0.002020751585016759      
01 Jan 2026 22:35:49.701   79.37619278005555          -123.8958873172897          550.6840729161358          6908.168746231511         0.001919191974242563      01 Jan 2026 22:35:49.701   -7.032000299166874         99.79319933677449           541.1599874741514          6918.978268319642         0.001576356645334599      01 Jan 2026 22:35:49.701   -52.55156426231076         -69.37065755561375          558.1194814535775          6922.817100460898         0.002016606334373854      
01 Jan 2026 22:36:42.241   81.37877511946181          -139.8456855814128          550.6800266669516          6907.916565011573         0.001899070265347744      01 Jan 2026 22:36:42.241   -10.32645119093998         99.13032022223712           541.8865164313156          6919.34090100774          0.001494873109499639      01 Jan 2026 22:36:42.241   -49.32968617619503         -70.67369473471558          557.6527018256647          6923.52829569338          0.002002696065376889      
01 Jan 2026 22:37:34.918   82.43275069578989          -162.4310396944631          550.5576497542543          6907.683694317603         0.001864966617389209      01 Jan 2026 22:37:34.918   -13.62754694557063         98.45645300856023           542.7452827312145          6919.703309101295         0.001401833635141167      01 Jan 2026 22:37:34.918   -46.08872285205712         -71.84663238256741          557.1632689284825          6924.243285252206         0.001979360203837038      
01 Jan 2026 22:38:25.474   82.17664928673379          173.6415671927484           550.3282799106919          6907.47988492499          0.001819148448234012      01 Jan 2026 22:38:25.474   -16.79355265772842         97.79784267413147           543.6855621948052          6920.049616485571         0.001304716167124195      01 Jan 2026 22:38:25.474   -42.96980036776243         -72.87278797585547          556.6842896048265          6924.927454152078         0.001948531550902136      
01 Jan 2026 22:39:17.613   80.719974261033            153.622254305461            549.9778684564972          6907.290550343999         0.001758664563871293      01 Jan 2026 22:39:17.613   -20.05589094661824         97.10290569322778           544.7661293032079          6920.40495637657          0.00120052904479624       01 Jan 2026 22:39:17.613   -39.74598086258621         -73.84904674159841          556.1921439401103          6925.626962304695         0.001908512461010076      
01 Jan 2026 22:40:10.252   78.47787253762661          139.9222709707932           549.5093102909541          6907.121289086068         0.001684342998710423      01 Jan 2026 22:40:10.252   -23.34614668837596         96.38101360811127           545.9614278283907          6920.761749788553         0.001096847032485541      01 Jan 2026 22:40:10.252   -36.48485987114603         -74.76613646774355          555.708751764213           6926.322853695738         0.001860082636099218      
01 Jan 2026 22:41:00.265   75.96109077913763          131.2442794652259           548.9609622570188          6906.980980500011         0.001601889118191557      01 Jan 2026 22:41:00.265   -26.4686334638233          95.67187521846444           547.1840211082872          6921.098981572609         0.001006868848010529      01 Jan 2026 22:41:00.265   -33.38131642951866         -75.58531423551581          555.2725626091988          6926.97071206241          0.001807024792933828      
01 Jan 2026 22:41:52.127   73.13509093377679          124.990205294864            548.2913149533579          6906.856477600059         0.001504874215392641      01 Jan 2026 22:41:52.127   -29.70233335685444         94.90732271153382           548.5297534984456          6921.44706100575          0.0009318982554846141     01 Jan 2026 22:41:52.127   -30.15845652254221         -76.390644437806            554.8544709287935          6927.625118765469         0.001745223925834327      
01 Jan 2026 22:42:44.719   70.13890130004359          120.4011964072644           547.5139093576563          6906.751681251239         0.001395383704475479      01 Jan 2026 22:42:44.719   -32.97659243627159         94.09514796504691           549.962568166532           6921.798673833498         0.0008864288685702522     01 Jan 2026 22:42:44.719   -26.88609204776201         -77.16947305082795          554.4764178396435          6928.266934522228         0.001676042771639053      
01 Jan 2026 22:43:34.369   67.23557323920961          117.1011003110424           546.6965077552031          6906.672020171547         0.001282690459245295      01 Jan 2026 22:43:34.369   -36.06244107112353         93.28713823082052           551.3655667560324          6922.129727688323         0.0008811701068652956     01 Jan 2026 22:43:34.369   -23.79355761627314         -77.87588602618797          554.1708663552308          6928.84942132443          0.001605297623285632      
01 Jan 2026 22:44:26.433   64.13952053860632          114.3568731777233           545.7610963182733          6906.607786740307         0.001155908479253194      01 Jan 2026 22:44:26.433   -39.29221564737373         92.38750561459513           552.8755825746111          6922.476428193178         0.0009194582449832032     01 Jan 2026 22:44:26.433   -20.5477291007459          -78.59194155687889          553.9125345287603          6929.432588650464         0.001526182578088419      
01 Jan 2026 22:45:19.015   60.97533630071179          112.101215473428            544.7453501808468          6906.561923912673         0.001020238025061419      01 Jan 2026 22:45:19.015   -42.54685017304244         91.41252671998036           554.4262031403377          6922.826648573029         0.00100060538999506       01 Jan 2026 22:45:19.015   -17.26711151812525         -79.29419975787077          553.7240209404181          6929.989716482693         0.001442136982225255      
01 Jan 2026 22:46:08.749   57.95730344605926          110.3093629203138           543.7293112457783          6906.534979530224         0.0008862169777321238     01 Jan 2026 22:46:08.749   -45.61757342015837         90.41483264439381           555.9026812421826          6923.15850462959          0.001108871882121595      01 Jan 2026 22:46:08.749   -14.16224042428404         -79.94291799872909          553.6189679081062          6930.484589474827         0.001359991251629435      
01 Jan 2026 22:47:00.620   54.7897841199573           108.7016503541217           542.6238992530625          6906.522551457328         0.0007421073455896904     01 Jan 2026 22:47:00.620   -48.8110350299186          89.27720211346683           557.4383777284229          6923.505800985091         0.001245018988010416      01 Jan 2026 22:47:00.620   -10.9224215308473          -80.60694817506902          553.5906705948628          6930.965025500349         0.001273200797244806      
01 Jan 2026 22:47:53.243   51.5601822140388           107.2768043358909           541.4675442243797          6906.524741549466         0.0005932848889919528     01 Jan 2026 22:47:53.243   -52.03940490454075         87.99586321707706           558.9769656058743          6923.859925618071         0.001398642221259175      01 Jan 2026 22:47:53.243   -7.634545467445492         -81.27078231332092          553.6511198613225          6931.412890739301         0.001186286080679279      
01 Jan 2026 22:48:43.308   48.47523504744007          106.0698523306443           540.3471501869126          6906.5390906963           0.0004514730309416396     01 Jan 2026 22:48:43.308   -55.09819360751524         86.62512611806326           560.4089784971638          6924.199027755018         0.001552755484525637      01 Jan 2026 22:48:43.308   -4.505735965868251         -81.89604505662771          553.7948422806339          6931.800197517656         0.001107534201333461      
01 Jan 2026 22:49:35.078   45.2748664596973           104.9414910377981           539.1809991596228          6906.564805144928         0.0003083088810549339     01 Jan 2026 22:49:35.078   -58.24500839065477         85.00600970804501           561.8434448527587          6924.552366632915         0.001715071569466689      01 Jan 2026 22:49:35.078   -1.270135367637311         -82.53886904353581          554.03345047317            6932.159325816185         0.001034032439334729      
01 Jan 2026 22:50:27.638   42.01650969832314          103.8950789192454           538.0029755942414          6906.60038975112          0.0001772528749556575     01 Jan 2026 22:50:27.638   -61.41856271286833         83.08418965956416           563.238047114125           6924.914292119245         0.001878714964073348      01 Jan 2026 22:50:27.638   2.014716428630908          -83.19039844860434          554.3695312447453          6932.479608121983         0.0009727506325747218     
01 Jan 2026 22:51:18.238   38.87223486960136          102.9637060538053           536.8877983143493          6906.641879244312         0.0001156782354341884     01 Jan 2026 22:51:18.238   -64.4470469674299          80.8744794745738            564.5095569484056          6925.266037030136         0.002031926528321323      01 Jan 2026 22:51:18.238   5.176506233828512          -83.81918898974067          554.7812470402305          6932.744823840463         0.000932046565596245      
01 Jan 2026 22:52:10.545   35.61524529942772          102.064575637169            535.7680911858197          6906.690365303131         0.0001898754817069852     01 Jan 2026 22:52:10.545   -67.53986090213265         78.07049436310307           565.7388378143796          6925.633240141052         0.002183107141250448      01 Jan 2026 22:52:10.545   8.443966371551117          -84.47354783535802          555.2951648122407          6932.973901210216         0.00091449832739713       
01 Jan 2026 22:53:03.259   32.32695778775186          101.211999061183            534.6873746142746          6906.743090525672         0.0003102649855410801     01 Jan 2026 22:53:03.259   -70.60061318856408         74.46772466161386           566.8790123557619          6926.007031057156         0.002325716394760658      01 Jan 2026 22:53:03.259   11.73539056482183          -85.14042075662634          555.8997838237847          6933.158101190049         0.0009262335649375615     
01 Jan 2026 22:53:54.091   29.15103774566089          100.4316465694324           533.7031166081479          6906.795850620613         0.0004284124330109118     01 Jan 2026 22:53:54.091   -73.47083915644495         69.87556800011433           567.8752090792541          6926.370921226232         0.002452092724498783      01 Jan 2026 22:53:54.091   14.90757758019362          -85.79354360755998          556.5600221991926          6933.291411074623         0.0009666551409173715     
01 Jan 2026 22:54:46.579   25.8672449769796           99.66130967981942           532.7587469002883          6906.850569760363         0.0005441232798951775     01 Jan 2026 22:54:46.579   -76.2981784929956          63.3109687492558            568.7888897015946          6926.749919237737         0.002569473783100149      01 Jan 2026 22:54:46.579   18.18076233092797          -86.48163899115214          557.3145751038182          6933.383772384931         0.001036313602350038      
01 Jan 2026 22:55:39.269   22.56682864186507          98.91773826421115           531.8959570958705          6906.904083153227         0.0006506231981552755     01 Jan 2026 22:55:39.269   -78.89276417434526         53.66421176959732           569.5812898724089          6927.133241619583         0.002672524451432085      01 Jan 2026 22:55:39.269   21.46377139496661          -87.19021859428933          558.1383380100169          6933.43090849864          0.001130369464969598      
01 Jan 2026 22:56:29.411   19.4227823714861           98.23272877105383           531.1641027086371          6906.952272692046         0.000741182428694794      01 Jan 2026 22:56:29.411   -80.94296930855405         39.89394792731191           570.2137990244501          6927.500091906021         0.002755787884685693      01 Jan 2026 22:56:29.411   24.58504401851116          -87.88515879820902          558.9754069185701          6933.434281406572         0.001237458304510317      
01 Jan 2026 22:57:21.869   16.13069874215146          97.5351695679814            530.5008529415682          6906.99850100915          0.0008232705762582197     01 Jan 2026 22:57:21.869   -82.283241904779           19.07452811143482           570.7443573054898          6927.885216053555         0.002826576446317091      01 Jan 2026 22:57:21.869   27.8468564173879           -88.63857889051931          559.8966739798097          6933.395747353404         0.001362912287515926      
01 Jan 2026 22:58:14.620   12.81787371414611          96.84934279965854           529.9478074739027          6907.039473373169         0.0008916376800843506     01 Jan 2026 22:58:14.620   -82.36175464468762         -5.914323654531798          571.1397735568617          6928.272813946249         0.002880265844641682      01 Jan 2026 22:58:14.620   31.12257728277571          -89.42931079246515          560.8589002932467          6933.315167255036         0.001498416639198222      
01 Jan 2026 22:59:04.451   9.68670106137867           96.21253979903618           529.5366730488258          6907.072175457398         0.0009423352149065973     01 Jan 2026 22:59:04.451   -81.2302580282648          -26.52061343806801          571.3848968322491          6928.638118301804         0.002914461478925337      01 Jan 2026 22:59:04.451   34.21248805689905          -90.21326171905093          561.7899495603406          6933.202152551359         0.00163151670568108       
01 Jan 2026 22:59:56.938   6.387191514108057          95.55021226091606           529.2258390613924          6907.099545649428         0.0009804862732221934     01 Jan 2026 22:59:56.938   -79.17570870026968         -41.79975898823673          571.5084218651045          6929.020642776946         0.002932902837181039      01 Jan 2026 22:59:56.938   37.46185234920976          -91.08619813631368          562.7818310446055          6933.046269174321         0.001773935735245889      
01 Jan 2026 23:00:49.669   3.071439766803084          94.89046692834165           529.0437680244067          6907.119156533943         0.00100258007827483       01 Jan 2026 23:00:49.669   -76.62082444917415         -51.92449462119043          571.4951705422791          6929.400993253162         0.002933255116830662      01 Jan 2026 23:00:49.669   40.72004746833366          -92.02256585942992          563.7770185488562          6932.853770174353         0.001916529474318048      
01 Jan 2026 23:01:39.566   -0.06655248160945977       94.26870505030074           528.9938379660525          6907.130109342933         0.001008245012606765      01 Jan 2026 23:01:39.566   -73.96023948074443         -58.48565927455547          571.3588756860063          6929.755607028726         0.002916989486385901      01 Jan 2026 23:01:39.566   43.79655372075214          -92.97575156999991          564.7054272624327          6932.640635601848         0.002048762315639323      
01 Jan 2026 23:02:32.034   -3.366160836259569         93.61481842960885           529.0703814913368          6907.133533359785         0.0009981409402771456     01 Jan 2026 23:02:32.034   -71.01795638549441         -63.45337643694798          571.0903315503219          6930.12103615963          0.002882857004159093      01 Jan 2026 23:02:32.034   47.02351110797313          -94.06501099364363          565.6549269118441          6932.386407690642         0.002182878667384299      
01 Jan 2026 23:03:24.750   -6.680920945254925         92.95488550508787           529.279620263198           6907.128729036246         0.000971530195224644      01 Jan 2026 23:03:24.750   -67.97071841153691         -67.18741785553199          570.6973277449961          6930.478399320296         0.00283157077987206       01 Jan 2026 23:03:24.750   50.25604101222707          -95.27156161979347          566.5682178435463          6932.102437178442         0.002310593629112639      
01 Jan 2026 23:04:14.838   -9.829499490708736         92.32240874269978           529.5989919300373          6907.116821522914         0.0009312576962223973     01 Jan 2026 23:04:14.838   -65.02067314546385         -69.96854499436031          570.2163939407346          6930.806762525262         0.002767784764556224      01 Jan 2026 23:04:14.838   53.31656878301254          -96.54964904594436          567.386200062736           6931.808564801398         0.002423758764933875      
01 Jan 2026 23:05:07.414   -13.13303991446721         91.64981288051987           530.0566165189703          6907.097172561814         0.0008737738942411085     01 Jan 2026 23:05:07.414   -61.8847802168693          -72.33745872989596          569.6072468085886          6931.137419210043         0.002685984583877752      01 Jan 2026 23:05:07.414   56.51518488324422          -98.06868786547669          568.1804917378468          6931.477475581802         0.002532398466764094      
01 Jan 2026 23:06:00.168   -16.44579882766336         90.96265824694886           530.6361274326237          6907.070875041104         0.0008011456456071825     01 Jan 2026 23:06:00.168   -58.70916331153779         -74.31193765790978          568.8983778534457          6931.452312330317         0.002589768026916573      01 Jan 2026 23:06:00.168   59.70654138597263          -99.83237085697948          568.8993337708189          6931.124670720428         0.002629497596620863      
01 Jan 2026 23:06:50.608   -19.61094574875693         90.29070424202162           531.2962715507956          6907.040484358826         0.0007185444399588149     01 Jan 2026 23:06:50.608   -55.65243480399799         -75.92416387355621          568.1391659855854          6931.735214127325         0.002485760673672472      01 Jan 2026 23:06:50.608   62.735857327167            -101.8195604810131          569.5029388826297          6930.770560782518         0.002709948491756569      
01 Jan 2026 23:07:43.200   -22.90823622818343         89.57050367415785           532.0866918066822          6907.004475259951         0.0006198019680210005     01 Jan 2026 23:07:43.200   -52.44881367123787         -77.38977655931036          567.2740665753827          6932.008761505391         0.002366262676835425      01 Jan 2026 23:07:43.200   65.86337372379965          -104.323330615956           570.0350759335433          6930.386448484959         0.002779798285410445      
01 Jan 2026 23:08:35.926   -26.21039823607103         88.82367751144763           532.9740006064631          6906.965283478102         0.0005092392810129587     01 Jan 2026 23:08:35.926   -49.2235461854069          -78.68970713348288          566.3437061602863          6932.258477713473         0.002236791451793314      01 Jan 2026 23:08:35.926   68.95389739164115          -107.463887263987           570.4596278953813          6929.988666992645         0.002834437718142994      
01 Jan 2026 23:09:25.887   -29.33573804877874         88.08799481220039           533.8924490502677          6906.926657038264         0.0003954126606954205     01 Jan 2026 23:09:25.887   -46.15706505282328         -79.79917485045193          565.4156145717025          6932.470097082381         0.002106859556468109      01 Jan 2026 23:09:25.887   71.82096798814452          -111.2994297801287          570.7537476197294          6929.602288084568         0.002871218493737032      
01 Jan 2026 23:10:17.731   -32.57439022803575         87.28960194621914           534.914194052134           6906.88656189836          0.0002706869717141721     01 Jan 2026 23:10:17.731   -42.96619570181421         -80.85045418270219          564.4171348481304          6932.661603944334         0.001966487052069008      01 Jan 2026 23:10:17.731   74.69699170516924          -116.6387988353976          570.9411178257033          6929.193864712976         0.002893323177686557      
01 Jan 2026 23:11:10.380   -35.85813370732446         86.4345210048438            536.010973571234           6906.847509819356         0.0001455847287511762     01 Jan 2026 23:11:10.380   -39.71780340358825         -81.83422245968163          563.3793306574526          6932.824440062408         0.001820358594399988      01 Jan 2026 23:11:10.380   77.44476038351512          -124.3350040808878          571.0030852529335          6928.773474397402         0.002898542805408525      
01 Jan 2026 23:12:00.004   -38.94765284808268         85.5789407285786            537.087240871535           6906.813853059415         8.793121973891295e-05     01 Jan 2026 23:12:00.004   -36.64973658884483         -82.69860462726969          562.3913199112303          6932.946638991951         0.00168160386093061       01 Jan 2026 23:12:00.004   79.74976377436722          -135.0216550481664          570.9393214734982          6928.373938012884         0.002887286715199324      
01 Jan 2026 23:12:51.339   -42.13720648541702         84.63203330047618           538.2313037350359          6906.783941236511         0.0001863123992801664     01 Jan 2026 23:12:51.339   -33.47024278801491         -83.54019893370649          561.3714151894965          6933.039117540046         0.00153965048679244       01 Jan 2026 23:12:51.339   81.59309505935403          -151.4801252658948          570.7460866111851          6927.959016245277         0.002859014432864233      
01 Jan 2026 23:13:43.945   -45.39790178878845         83.58150951082163           539.4223781131386          6906.760263309371         0.0003295170203242633     01 Jan 2026 23:13:43.945   -30.20672421415262         -84.35694158067392          560.3411243041346          6933.096155213593         0.001399059298002898      01 Jan 2026 23:13:43.945   82.48225580647666          -174.6472620943398          570.4126034555284          6927.533796460326         0.002812577244178759      
01 Jan 2026 23:14:33.580   -48.46600107899557         82.49806462637649           540.5506962576983          6906.746060055129         0.0004714900143870767     01 Jan 2026 23:14:33.580   -27.12313625606611         -85.09255690403057          559.3940893015497          6933.1133393231           0.001274415246495101      01 Jan 2026 23:14:33.580   82.07996931878965          162.1664784146472           569.9724931694655          6927.133955924081         0.002752810115613119      
01 Jan 2026 23:15:25.397   -51.65854848754197         81.24706648595745           541.7199671878034          6906.741359950469         0.0006212240461641039     01 Jan 2026 23:15:25.397   -23.90004092685561         -85.83058741510702          558.442557278232           6933.091865140635         0.00115683472889407       01 Jan 2026 23:15:25.397   80.53994064130576          143.0170305967999           569.3848001161768          6926.719220753651         0.002674359445970213      
01 Jan 2026 23:16:18.060   -54.89002372507324         79.81574770168524           542.8855673849048          6906.748899263413         0.0007723259326126574     01 Jan 2026 23:16:18.060   -20.62070441927765         -86.55492172954088          557.525278397783           6933.027502210451         0.001055545572940376      01 Jan 2026 23:16:18.060   78.25519776816566          129.8955143779976           568.6566151144634          6926.301645674534         0.002578533441346795      
01 Jan 2026 23:17:08.257   -57.95488962786663         78.25689332795375           543.9626972542692          6906.769177728778         0.0009134844418029133     01 Jan 2026 23:17:08.257   -17.49193922352067         -87.22567347866847          556.7071152989247          6932.925274831884         0.0009811359124814554     01 Jan 2026 23:17:08.257   75.71442639903211          121.5331434162989           567.8441991123746          6925.908179119502         0.002472973932076641      
01 Jan 2026 23:18:00.745   -61.13916731543902         76.35771385783386           545.0409767515011          6906.80554392661          0.001056399896537013      01 Jan 2026 23:18:00.745   -14.21779545572609         -87.91057316838909          555.9191622338858          6932.774993878999         0.0009310978898164068     01 Jan 2026 23:18:00.745   72.85084578665705          115.4365168261809           566.8773711601916          6925.502237353465         0.00234892374553007       
01 Jan 2026 23:18:53.435   -64.30803378481922         74.07472842930723           546.0618472636443          6906.85903972545          0.00119347519667206       01 Jan 2026 23:18:53.435   -10.92870407618049         -88.58491689320743          555.2055994062966          6932.579086875876         0.000912082500407912      01 Jan 2026 23:18:53.435   69.85194302416836          110.9912748882529           565.7938868760966          6925.100892330551         0.002211804954114382      
01 Jan 2026 23:19:44.469   -67.34080269261317         71.35917737600113           546.9808852530341          6906.928266998615         0.001318742530282234      01 Jan 2026 23:19:44.469   -7.741239499454926         -89.22866542780004          554.59491770148            6932.346209628217         0.0009228428465548854     01 Jan 2026 23:19:44.469   66.87333868066528          107.7054187010843           564.6453191633445          6924.71838949552          0.00206867654508667       
01 Jan 2026 23:20:37.033   -70.41017577878561         67.80794339574399           547.8454685766019          6907.018515608631         0.001438740184700165      01 Jan 2026 23:20:37.033   -4.45690258559591          -89.88508032379966          554.05404469528            6932.062217329442         0.0009599701559755438     01 Jan 2026 23:20:37.033   63.75497531915126          105.0198086341067           563.3705582946523          6924.331000214169         0.001912754144965846      
01 Jan 2026 23:21:29.780   -73.40561881361376         63.07762622403997           548.6201235263707          6907.129252333389         0.001548751688998755      01 Jan 2026 23:21:29.780   -1.16015611219518          -90.53996339146528          553.6051877127829          6931.73278998194          0.001017734469363361      01 Jan 2026 23:21:29.780   60.58960631784296          102.819117410103            562.0092886314214          6923.948968477796         0.001750214755140378      
01 Jan 2026 23:22:21.384   -76.2022577736675          56.65562505907846           549.2800539207337          6907.257749091256         0.001645263854655979      01 Jan 2026 23:22:21.384   2.065660240657706          -91.17971294993542          553.2595807140951          6931.368315272754         0.001087929884517977      01 Jan 2026 23:22:21.384   57.4671347384347           101.0093926646815           560.6101913496268          6923.581571697429         0.001588412997715065      
01 Jan 2026 23:23:13.929   -78.81122153329741         47.11506962732842           549.8458518780371          6907.40944761871          0.001731344207656448      01 Jan 2026 23:23:13.929   5.350353566445386          -91.83294497887915          553.0037702227128          6930.955584565291         0.001167790571296594      01 Jan 2026 23:23:13.929   54.26780811397308          99.42407038217014           559.1304727632296          6923.213657182089         0.00142478968219307       
01 Jan 2026 23:24:06.655   -80.97712374753252         32.58921134267263           550.3006291865395          6907.582945629007         0.001804610550935386      01 Jan 2026 23:24:06.655   8.645972960113637          -92.49313697453496          552.8441028148955          6930.500850103373         0.001252001169610198      01 Jan 2026 23:24:06.655   51.04149164953076          98.03072987187683           557.6039802321529          6922.850345509998         0.00126691546821585       
01 Jan 2026 23:24:57.775   -82.27691937706467         12.14055484413959           550.6298775810683          6907.771376154826         0.001862556772585019      01 Jan 2026 23:24:57.775   11.84046465706287          -93.14058564781483          552.7802592770749          6930.023006716307         0.001334371646233656      01 Jan 2026 23:24:57.775   47.90095748520649          96.82563853766767           556.098189046349           6922.503240704863         0.001126328793827281      
01 Jan 2026 23:25:50.185   -82.35447500742278         -12.78231964638987          550.851047013065           6907.984815787243         0.00190819248516846       01 Jan 2026 23:25:50.185   15.11422782626597          -93.81498267209535          552.8044952142436          6929.497561876365         0.001417188476908255      01 Jan 2026 23:25:50.185   44.67064582417861          95.70728546741398           554.5428715809894          6922.152102142951         0.001003469850719625      
01 Jan 2026 23:26:42.914   -81.12121418053377         -34.47755894176491          550.9539161181792          6908.219577782908         0.001939811795208663      01 Jan 2026 23:26:42.914   18.40625888922202          -94.50783396954836          552.9157819095899          6928.935139463794         0.001497094399314698      01 Jan 2026 23:26:42.914   41.4113607241712           94.67746746381184           552.9815338407589          6921.803037640162         0.0009119943093757036     
01 Jan 2026 23:27:33.237   -79.11566580986015         -48.94031151390821          550.9408860898402          6908.461470052087         0.001956570196985061      01 Jan 2026 23:27:33.237   21.54601393215318          -95.18608526489464          553.0976744786012          6928.369438676033         0.001568975132336644      01 Jan 2026 23:27:33.237   38.29332323879962          93.76660594918921           551.5089714370315          6921.473275070385         0.0008640574503294452     
01 Jan 2026 23:28:25.232   -76.57842705219473         -58.89647881106482          550.8155183468625          6908.728546049592         0.001960239857998251      01 Jan 2026 23:28:25.232   24.78748514000631          -95.90852159164893          553.3563691948293          6927.75820891637          0.001637868452472497      01 Jan 2026 23:28:25.232   35.06500378806273          92.88561167276843           550.0199402217313          6921.13544119423          0.0008599377280651416     
01 Jan 2026 23:29:17.870   -73.7508357575006          -65.75382183114075          550.5764476352551          6909.015234108339         0.00195012058121551       01 Jan 2026 23:29:17.870   28.06590326290258          -96.66736117973113          553.6833307474708          6927.115016203776         0.001701372878278853      01 Jan 2026 23:29:17.870   31.79060229357166          92.04474840108615           548.5607044329308          6920.795843577264         0.0008997640872284421     
01 Jan 2026 23:30:07.700   -70.93767691314238         -70.42341206845704          550.2508613721393          6909.300183023146         0.0019281347384579        01 Jan 2026 23:30:07.700   31.16593177533424          -97.41665158025488          554.044727657124           6926.486747550604         0.001755224109091331      01 Jan 2026 23:30:07.700   28.68590901535421          91.28771372020803           547.237112071809           6920.476137273346         0.0009690976581435328     
01 Jan 2026 23:30:59.800   -67.90980335929902         -74.11142628273186          549.8133462266205          6909.610382567697         0.001892826193569178      01 Jan 2026 23:30:59.800   34.40307926974402          -98.23912027182958          554.4669994640908          6925.813187642948         0.001804618362431324      01 Jan 2026 23:30:59.800   25.43510740391287          90.52958397452744           545.9262479991685          6920.143286390623         0.001062763169717454      
01 Jan 2026 23:31:52.423   -64.79318089492591         -77.01953070229573          549.2783285447222          6909.934302091875         0.001845126170662384      01 Jan 2026 23:31:52.423   37.66767419248367          -99.11899591390967          554.9290021967463          6925.119381734589         0.001846991193766701      01 Jan 2026 23:31:52.423   22.14751200249341          89.79238521797204           544.690662020771           6919.808249339211         0.001168531290155033      
01 Jan 2026 23:32:42.166   -61.81003660776692         -79.25096752600547          548.6946275881965          6910.248179795295         0.001789720981442138      01 Jan 2026 23:32:42.166   40.7483176787808           -100.0060472135667          555.3882966739466          6924.454665398684         0.001879815658851337      01 Jan 2026 23:32:42.166   19.03638765198821          89.11707945265874           543.6151226456923          6919.49240998417          0.001271126627756522      
01 Jan 2026 23:33:34.422   -58.64830479000337         -81.21001855444287          548.0093076429121          6910.583566877282         0.001721676213796372      01 Jan 2026 23:33:34.422   43.97807173216432          -101.0088562713639          555.8833573013435          6923.750934249845         0.001906447949181542      01 Jan 2026 23:33:34.422   15.76504884660108          88.42590190428449           542.5921962371176          6919.161453465482         0.001375753115500279      
01 Jan 2026 23:34:27.103   -55.43920505065597         -82.89212489822796          547.254333426843           6910.924927688527         0.001643960639830385      01 Jan 2026 23:34:27.103   47.22612884648967          -102.1107643284734          556.3838138624551          6923.039882827193         0.001924865908135281      01 Jan 2026 23:34:27.103   12.46447230826397          87.7440973838667            541.6811725880762          6918.828758554221         0.001473546065840666      
01 Jan 2026 23:35:16.992   -52.38457357951618         -84.28144071275413          546.4906749790616          6911.248685708623         0.001563000193828025      01 Jan 2026 23:35:16.992   50.29335225756888          -103.2594450337537          556.8482116249561          6922.368766314022         0.001934234256622637      01 Jan 2026 23:35:16.992   9.33676338552038           87.10903201027604           540.937046825401           6918.514798508515         0.00155605257405707       
01 Jan 2026 23:36:08.744   -49.20303836751466         -85.56176100163761          545.6599242507509          6911.58237235362          0.001472601902625657      01 Jan 2026 23:36:08.744   53.46428406852469          -104.5877621109598          557.3092084626187          6921.678715587645         0.001935372543222037      01 Jan 2026 23:36:08.744   6.09060943570945           86.45810792236092           540.2932127391232          6918.19064954437          0.001628998595676166      
01 Jan 2026 23:37:01.340   -45.95871410675663         -86.73152101439885          544.7878300937355          6911.916409247232         0.001375273105978063      01 Jan 2026 23:37:01.340   56.67284694961037          -106.1211074316532          557.7449703053444          6920.987740279228         0.001927283610201419      01 Jan 2026 23:37:01.340   2.790370414921115          85.80182111123007           539.7774081519774          6917.863425974028         0.001688216010292334      
01 Jan 2026 23:37:51.695   -42.84389085043345         -87.75293859984198          543.9386574285945          6912.228721503861         0.001278106840653036      01 Jan 2026 23:37:51.695   59.72793890248671          -107.8161894947835          558.1211667553516          6920.33956078859          0.001910531947847099      01 Jan 2026 23:37:51.695   -0.3700027632553668        85.1757518862202            539.417549806838           6917.552965038489         0.001729639067695966      
01 Jan 2026 23:38:43.742   -39.6168313399475          -88.72730920348575          543.0588734009498          6912.541055815935         0.001174768435825369      01 Jan 2026 23:38:43.742   62.86300623074966          -109.8814407347451          558.4580649335685          6919.686959498539         0.001883688856592521      01 Jan 2026 23:38:43.742   -3.636793639483121         84.52827465628705           539.1849948607523          6917.235927249432         0.001755919012934637      
01 Jan 2026 23:39:36.419   -36.34393637763108         -89.6451472008099           542.1792268756408          6912.843521652625         0.001068348559343818      01 Jan 2026 23:39:36.419   66.00412584213518          -112.4191272409291          558.7359267704323          6919.048004375773         0.001846405766432541      01 Jan 2026 23:39:36.419   -6.942891403304334         83.8697608740635            539.0939569094817          6916.92020874868          0.001764877745901216      
01 Jan 2026 23:40:27.511   -33.16391812060825         -90.48174024491423          541.3487219574863          6913.121127060944         0.0009644370803617868     01 Jan 2026 23:40:27.511   69.00716515025123          -115.4940827644473          558.9365988478758          6918.452272123634         0.001800316955571008      01 Jan 2026 23:40:27.511   -10.14875802660686         83.22520396037218           539.1428388956219          6916.620253059108         0.001756391174971424      
01 Jan 2026 23:41:20.104   -29.88534761839537         -91.29769862244771          540.5294153488267          6913.388079812295         0.0008577488620988111     01 Jan 2026 23:41:20.104   72.03158024671106          -119.5970739445771          559.0649726474712          6917.86687178951          0.001742499505502611      01 Jan 2026 23:41:20.104   -13.44765100626564         82.55262258771586           539.3310569060841          6916.31943296503          0.001730022883891187      
01 Jan 2026 23:42:12.926   -26.58795433063857         -92.07924734159153          539.7549098760192          6913.634469139519         0.0007517601981641787     01 Jan 2026 23:42:12.926   74.96074696273546          -125.2051820982983          559.1076498458369          6917.310345673632         0.001673738156651537      01 Jan 2026 23:42:12.926   -16.75918808890144         81.86447822573228           539.6560332005884          6916.027135742938         0.0016858153095661        
01 Jan 2026 23:43:03.475   -23.4288168078579          -92.79786275196059          539.0696964397084          6913.847674340989         0.000652107857273402      01 Jan 2026 23:43:03.475   77.5916388931351           -132.8268912923476          559.0627214924689          6916.809820095534         0.001597886211928577      01 Jan 2026 23:43:03.475   -19.92604898957102         81.19063707697997           540.0886047566719          6915.758391264031         0.001627348637545785      
01 Jan 2026 23:43:56.008   -20.14228228718872         -93.51985885550503          538.4256350144815          6914.043788781756         0.0005509222137267049     01 Jan 2026 23:43:56.008   80.00222621598023          -144.6019556985759          558.923432011049           6916.325204997064         0.001508710049056775      01 Jan 2026 23:43:56.008   -23.21460075386981         80.47039450633476           540.6565975564909          6915.492388771931         0.001550520273308687      
01 Jan 2026 23:44:48.806   -16.83636371406591         -94.22478543568074          537.8575730330049          6914.212844649329         0.000452069426368936      01 Jan 2026 23:44:48.806   81.79834074639408          -162.4744929947651          558.6859347568097          6915.876808578752         0.001408640105176681      01 Jan 2026 23:44:48.806   -26.51633680082606         79.72127760057299           541.3399691633995          6915.240798704713         0.001457697338151103      
01 Jan 2026 23:45:38.800   -13.70374536809641         -94.87702728081705          537.4004345585772          6914.345500046828         0.0003613458749818618     01 Jan 2026 23:45:38.800   82.4988358270479           174.8659128007106           558.370017830588           6915.489598953931         0.001304496269077188      01 Jan 2026 23:45:38.800   -29.63917376393307         78.9834370945577            542.0815959967686          6915.019122409942         0.001356350882982172      
01 Jan 2026 23:46:31.210   -10.41788945044516         -95.54842379900403          537.0122198629615          6914.454608395847         0.0002695437306508874     01 Jan 2026 23:46:31.210   81.90197196008535          150.7274356424129           557.9442013751086          6915.124138096476         0.001185909962459636      01 Jan 2026 23:46:31.210   -32.90855390314148         78.17377620755742           542.9469398761576          6914.806176026469         0.001237219959616073      
01 Jan 2026 23:47:23.959   -7.109329939180899         -96.21472107511214          536.7211026710738          6914.532387223807         0.0001814736870884847     01 Jan 2026 23:47:23.959   80.17658734062563          132.3094403342359           557.4197218326217          6914.799265950177         0.001057362858906162      01 Jan 2026 23:47:23.959   -36.19387950196132         77.31348514634578           543.8966208031698          6914.614204679431         0.001105339128721995      
01 Jan 2026 23:48:13.798   -3.982370255433815         -96.83840475610099          536.5416659985822          6914.575630894975         0.0001064020076881625     01 Jan 2026 23:48:13.798   77.93379978563603          120.6288792801594           556.8388291580841          6914.532645017825         0.0009280385604489779     01 Jan 2026 23:48:13.798   -39.29246197901412         76.44974915175965           544.8547200968251          6914.455512530432         0.0009710466879696959     
01 Jan 2026 23:49:06.195   -0.6943245418476088        -97.49079815223479          536.4557669634978          6914.588951457027         6.610809439271426e-05     01 Jan 2026 23:49:06.195   75.23329042755053          112.3618799456063           556.1432464364379          6914.295039473312         0.0007845886937715815     01 Jan 2026 23:49:06.195   -42.54350023489186         75.47645036481521           545.9128801691668          6914.314610780541         0.0008212671897292339     
01 Jan 2026 23:49:58.956   2.616598458369448          -98.14711465320043          536.476832209757           6914.56891374012          0.0001149329568119244     01 Jan 2026 23:49:58.956   72.31838303750077          106.5715314805977           555.3610332474655          6914.100152570318         0.0006333081577656155     01 Jan 2026 23:49:58.956   -45.80907599785208         74.41319506758208           547.0173901727212          6914.201792709248         0.0006633636414029483     
01 Jan 2026 23:50:48.792   5.743658961015837          -98.76909845471631          536.5955086256172          6914.519298043103         0.000190100300469962      01 Jan 2026 23:50:48.792   69.45899034061878          102.5429218536342           554.553570322978           6913.956782662143         0.0004850764778439998     01 Jan 2026 23:50:48.792   -48.88499391728127         73.31353010791683           548.0838765065937          6914.123960944185         0.000509713360177789      
01 Jan 2026 23:51:41.162   9.029021608220436          -99.42764398609619          536.821801322073           6914.435474412569         0.0002755494590945187     01 Jan 2026 23:51:41.162   66.3841208509839           99.27982172343567           553.6414730199285          6913.848260447803         0.0003248698525007382     01 Jan 2026 23:51:41.162   -52.10661685134313         72.03227376552742           549.2155563594106          6914.074189641748         0.0003468282637165129     
01 Jan 2026 23:52:33.904   12.33638032987908          -100.098952022171           537.1515057746292          6914.319005939345         0.0003648282562232044     01 Jan 2026 23:52:33.904   63.23887317622331          96.66960059166128           552.6667727696258          6913.781818260837         0.0001604580811879832     01 Jan 2026 23:52:33.904   -55.33747719308849         70.57563404844132           550.3529256944385          6914.059103572534         0.0001909835864512183     
01 Jan 2026 23:53:24.270   15.4931617987516           -100.7506350097735          537.5571866445462          6914.178751281905         0.0004525245235586642     01 Jan 2026 23:53:24.270   60.2032410273503           94.61844398608055           551.6934102115183          6913.757494107934         1.848972146294391e-05     01 Jan 2026 23:53:24.270   -58.40697760928366         68.98186209133283           551.4243839059891          6914.079128234313         0.0001108059856162368     
01 Jan 2026 23:54:16.754   18.78060647351403          -101.4442066662433          538.0682605688999          6914.003726825059         0.0005463227050970637     01 Jan 2026 23:54:16.754   57.01540161458433          92.8119179336164            550.6461524502602          6913.771506338761         0.0001679722835067442     01 Jan 2026 23:54:16.754   -61.58445908389695         67.04072191921114           552.5131406855098          6914.137274459337         0.0002141215570813337     
01 Jan 2026 23:55:09.532   22.08370921709557          -102.1605127162114          538.6655115780577          6913.79962992321          0.0006430132669380571     01 Jan 2026 23:55:09.532   53.79050724219252          91.24801803311253           549.5715150520655          6913.824513140501         0.0003344295499644745     01 Jan 2026 23:55:09.532   -64.75071785641559         64.69481071644265           553.5671826231755          6914.235426191176         0.0003724765492946499     
01 Jan 2026 23:55:59.573   25.21267031682683          -102.8613484180418          539.3008777899913          6913.581809682            0.0007366682717148136     01 Jan 2026 23:55:59.573   50.71867627678888          89.94294940847305           548.5446018582397          6913.909147677569         0.0004904006433153353     01 Jan 2026 23:55:59.573   -67.71579701076432         61.95778263173371           554.5182899253368          6914.366237611382         0.0005277364045477125     
01 Jan 2026 23:56:51.454   28.45314948851346          -103.6151843650068          540.0212720746749          6913.332980239926         0.0008354180589477673     01 Jan 2026 23:56:51.454   47.52216552133363          88.73161792437247           547.48440230086            6914.030336267163         0.0006484673788873761     01 Jan 2026 23:56:51.454   -70.7347148396133          58.35361069556679           555.4448452734741          6914.541424224213         0.0006868091920766387     
01 Jan 2026 23:57:44.137   31.7394860548171           -104.4151726920194          540.8064118813236          6913.05859839084          0.0009368513175353968     01 Jan 2026 23:57:44.137   44.26610433078108          87.61803908804363           546.4259151365977          6914.186116013712         0.0008035806846859782     01 Jan 2026 23:57:44.137   -73.71224908664516         53.48256821737192           556.314488649391           6914.761064280865         0.0008436173265641108     
01 Jan 2026 23:58:33.823   34.83447956176497          -105.2083019632116          541.5858979208979          6912.782010985093         0.001032922862018334      01 Jan 2026 23:58:33.823   41.18728870362119          86.65378006051809           545.4567917330451          6914.361176929976         0.0009434528736630291     01 Jan 2026 23:58:33.823   -76.38819413366522         47.12233838613259           557.0614628846606          6915.006980616798         0.0009855880238834197     
01 Jan 2026 23:59:25.185   38.02866957806349          -106.0760161469294          542.420192221567           6912.480329713325         0.001131846825676663      01 Jan 2026 23:59:25.185   37.99770724767584          85.72798919585401           544.4973392888987          6914.568659789503         0.001080067944219469      01 Jan 2026 23:59:25.185   -78.9194053576292          37.60687401547946           557.7525119957654          6915.300689497729         0.001125109957381355      
02 Jan 2026 00:00:00.000   40.19041203114709          -106.697057509238           542.9962198717012          6912.268008807049         0.001198215080228951      02 Jan 2026 00:00:00.000   35.83219209405578          85.13470280524454           543.8778033970448          6914.723474675644         0.001167356459802121      02 Jan 2026 00:00:00.000   -80.40404408632169         28.56394246756673           558.1713309230854          6915.522440095572         0.001214995006344235      
