ASC_074A.Earth.Latitude   ASC_074A.Earth.Longitude   ASC_074A.UTCGregorian      ASC_074A.Earth.Altitude   ASC_074B.Earth.Latitude   ASC_074B.Earth.Longitude   ASC_074B.Earth.Altitude   ASC_074B.UTCGregorian      ASC_074C.Earth.Latitude   ASC_074C.Earth.Longitude   ASC_074C.Earth.Altitude   ASC_074C.UTCGregorian      
0.1494966742239341        79.30475126801475          03 Jul 2026 00:00:00.000   536.0001444287263         -0.07323134912892791      -160.6953287475017         536.0000346565503         03 Jul 2026 00:00:00.000   -0.07626520263617774      -40.69516194542925         536.0000375875561         03 Jul 2026 00:00:00.000   
3.058441070056            81.48300162760681          03 Jul 2026 00:01:00.000   536.0400878631681         2.830317846804237         -158.5109425355112         536.0309363595788         03 Jul 2026 00:01:00.000   2.838258660011668         -38.52376460137324         536.0313308670529         03 Jul 2026 00:01:00.000   
7.368975908981121         84.74782966615004          03 Jul 2026 00:02:29.161   536.2240627568144         7.13357963560854          -155.2388012633384         536.1992726341514         03 Jul 2026 00:02:29.161   7.157913012719404         -35.27088299776042         536.2021012470632         03 Jul 2026 00:02:29.161   
11.84463384055943         88.23930351406752          03 Jul 2026 00:04:02.429   536.5666256496988         11.60257193117168         -151.742115556891          536.5232591320328         03 Jul 2026 00:04:02.429   11.64426878409225         -31.79418467228157         536.5308278067496         03 Jul 2026 00:04:02.429   
16.28594306967208         91.87664352307661          03 Jul 2026 00:05:36.163   537.0471639878906         16.03818494993696         -148.1022896003883         536.9835801867357         03 Jul 2026 00:05:36.163   16.0976776730651          -28.17411056074357         536.9978736943867         03 Jul 2026 00:05:36.163   
20.64809546163048         95.69998687394239          03 Jul 2026 00:07:09.958   537.6384492922825         20.39573257482916         -144.2795789997164         537.5538279401353         03 Jul 2026 00:07:09.958   20.47349638959297         -24.37056379020688         537.5764234916824         03 Jul 2026 00:07:09.958   
24.9000317014696          99.76782528465615          03 Jul 2026 00:08:43.769   538.3074998008187         24.64431861150766         -140.2159847037029         538.2017344437372         03 Jul 2026 00:08:43.769   24.74091850780871         -20.32512807019624         538.2337392220015         03 Jul 2026 00:08:43.769   
29.00773327587306         104.1464489393215          03 Jul 2026 00:10:17.591   539.0165141939733         28.75017354512905         -135.8458420127868         538.8901291168359         03 Jul 2026 00:10:17.591   28.86623604947932         -15.97152172510734         538.9321340333408         03 Jul 2026 00:10:17.591   
32.93092390265451         108.9086974696261          03 Jul 2026 00:11:51.425   539.7244698102022         32.67338145908861         -131.0970532730271         539.5785224767187         03 Jul 2026 00:11:51.425   32.80953106194298         -11.23674210258376         539.6305809669111         03 Jul 2026 00:11:51.425   
36.62116408875096         114.1321482142925          03 Jul 2026 00:13:25.276   540.3889579360693         36.36599868019754         -125.8928298901168         540.2249301515421         03 Jul 2026 00:13:25.276   36.52274862043482         -6.042723112975776         540.2865652963355         03 Jul 2026 00:13:25.276   
40.02015540656851         119.8941788889926          03 Jul 2026 00:14:59.141   540.9680785973633         39.77037330016901         -120.1564645165804         540.7877640720644         03 Jul 2026 00:14:59.141   39.94795137218779         -0.3110550308153102        540.8580046449133         03 Jul 2026 00:14:59.141   
43.05905314671094         126.2625786696721          03 Jul 2026 00:16:33.021   541.4223795347243         42.81844546846756         -113.8204104399915         541.2277722061699         03 Jul 2026 00:16:33.021   43.01654061039455         6.027881504001569          541.3052175976009         03 Jul 2026 00:16:33.021   
45.65920651434889         133.2794032736597          03 Jul 2026 00:18:06.914   541.7166618671081         45.43241603278441         -106.8419469521119         541.5098497734089         03 Jul 2026 00:18:06.914   45.64984855422205         13.01896841462104          541.5927605341267         03 Jul 2026 00:18:06.914   
47.73589221245523         140.938464385185           03 Jul 2026 00:19:40.814   541.8216290420833         47.52831304530051         -99.22512991135238         541.6046953401301         03 Jul 2026 00:19:40.814   47.76268062580684         20.65976288253744          541.6911048253696         03 Jul 2026 00:19:40.814   
49.20636598350081         149.1617820025354          03 Jul 2026 00:21:14.714   541.7153224393141         49.02377256489314         -91.0440099425587          541.4902532946717         03 Jul 2026 00:21:14.714   49.27119984036986         28.87630840767617          541.5780942326819         03 Jul 2026 00:21:14.714   
50.00198022570891         157.7867564137911          03 Jul 2026 00:22:48.610   541.3842195740408         49.84985393522178         -82.45585308267755         541.1528186477326         03 Jul 2026 00:22:48.610   50.10502963310244         37.50900085502707          541.2400562319517         03 Jul 2026 00:22:48.610   
50.08141291698097         166.57666410869            03 Jul 2026 00:24:22.497   540.8239730269934         49.96409929020943         -73.69202645897931         540.5877838267561         03 Jul 2026 00:24:22.497   50.22073357921217         46.32158616904881          540.6725457690036         03 Jul 2026 00:24:22.497   
49.44025386683523         175.2610041584336          03 Jul 2026 00:25:56.374   540.0397793909078         49.36025936560423         -65.01952941478484         539.8000159430285         03 Jul 2026 00:25:56.374   49.61189811382085         55.04082843452873          539.8807103213976         03 Jul 2026 00:25:56.374   
48.11207725593633         -176.4088000655176         03 Jul 2026 00:27:30.234   539.046358410209          48.06980837071775         -56.68648673103611         538.8038471489817         03 Jul 2026 00:27:30.234   48.31071005526201         63.41304671194299          538.879259207084          03 Jul 2026 00:27:30.234   
46.16047845570959         -168.613903116804          03 Jul 2026 00:29:04.076   537.8675432113841         46.15449665348465         -48.87638633567173         537.6226802789834         03 Jul 2026 00:29:04.076   46.38023416110671         71.25147131661417          537.6920408993929         03 Jul 2026 00:29:04.076   
43.66604677915989         -161.4503496337841         03 Jul 2026 00:30:37.896   536.5354626366579         43.6936508744318          -41.6890563051923          536.2881918235098         03 Jul 2026 00:30:37.896   43.90128733792213         78.45558357479887          536.3512125392936         03 Jul 2026 00:30:37.896   
40.71376012479934         -154.9383160744174         03 Jul 2026 00:32:11.691   535.0894080312692         40.77161946551602         -35.14850634941506         534.8392248613563         03 Jul 2026 00:32:11.691   40.95953954863766         85.00254820091334          534.8960975568389         03 Jul 2026 00:32:11.691   
37.38406105040748         -149.0445387899091         03 Jul 2026 00:33:45.458   533.5743625729074         37.4687148277698          -29.2245346245176          533.3203489371399         03 Jul 2026 00:33:45.458   37.63629303915466         90.92459768423866          533.371711305168          03 Jul 2026 00:33:45.458   
33.74810629895806         -143.7053400265927         03 Jul 2026 00:35:19.198   532.0392254363378         33.85627571491617         -23.85553988507352         531.7801169403347         03 Jul 2026 00:35:19.198   34.00353200608173         96.28545821258719          531.826988006962          03 Jul 2026 00:35:19.198   
29.86663326755382         -138.8445795240768         03 Jul 2026 00:36:52.909   530.5350032962951         29.99537270928462         -18.96661087145877         530.2692890076132         03 Jul 2026 00:36:52.909   30.12269303977536         101.1618691551468          530.3129824621592         03 Jul 2026 00:36:52.909   
25.79057904149973         -134.3845105698886         03 Jul 2026 00:38:26.586   529.1127933907528         25.93732168282315         -14.48062633384178         528.8388437208596         03 Jul 2026 00:38:26.586   26.04525956126715         105.6323653750116          528.8808676688459         03 Jul 2026 00:38:26.586   
21.56218426368823         -130.2510649424849         03 Jul 2026 00:40:00.229   527.8216111050324         21.72472991849028         -10.32376350563538         527.5378250795056         03 Jul 2026 00:40:00.229   21.81387625116594         109.771791253393           527.5797783099451         03 Jul 2026 00:40:00.229   
17.2166819446262          -126.3762012006545         03 Jul 2026 00:41:33.840   526.7064434050335         17.39315646501125         -6.428015016743093         526.4114046792592         03 Jul 2026 00:41:33.840   17.4640608374854          113.6488593911927          526.454879948089          03 Jul 2026 00:41:33.840   
12.78389091530898         -122.6981780963219         03 Jul 2026 00:43:07.424   525.8064452861709         12.97269572524488         -2.731574290868666         525.4990739689938         03 Jul 2026 00:43:07.424   13.02582156320761         117.3258472522753          525.5455767927833         03 Jul 2026 00:43:07.424   
8.28968293181345          -119.1608194205564         03 Jul 2026 00:44:40.985   525.153374667495          8.489443705011848         0.8218293141695047         524.8330617603378         03 Jul 2026 00:44:40.985   8.525144479581332         120.8593330184894          524.8839508491319         03 Jul 2026 00:44:40.985   
3.757166234787271         -115.7122151066851         03 Jul 2026 00:46:14.529   524.7703003125216         3.966684603909188         4.284186651992261          524.43701225528           03 Jul 2026 00:46:14.529   3.98519189809931          124.3015075549902          524.4934648307353         03 Jul 2026 00:46:14.529   
-0.7922347119914009       -112.3032765322151         03 Jul 2026 00:47:48.064   524.6706728910895         -0.5740260408249006       7.704626323541413          524.3250166863954         03 Jul 2026 00:47:48.064   -0.5726078966884964       127.7016355384055          524.3880186147117         03 Jul 2026 00:47:48.064   
-5.337847163326145        -108.8861974047828         03 Jul 2026 00:49:21.595   524.8577821095087         -5.111926927175407        11.13093492222728          524.5010250713585         03 Jul 2026 00:49:21.595   -5.127622952772294        131.1076107733494          524.5713826735046         03 Jul 2026 00:49:21.595   
-9.858845383348262        -105.4129186467744         03 Jul 2026 00:50:55.130   525.3246318348474         -9.626146094804451        14.61107644146767          524.9586747937537         03 Jul 2026 00:50:55.130   -9.65911078935247         134.5675068581738          525.0370424968551         03 Jul 2026 00:50:55.130   
-14.33338511940539        -101.8335574235072         03 Jul 2026 00:52:28.675   526.0542421016789         -14.09483802144383        18.19474795497467          525.6815495549818         03 Jul 2026 00:52:28.675   -14.14535362851724        138.1311643856366          525.7684658516318         03 Jul 2026 00:52:28.675   
-18.7375931670103         -98.09491639699928         03 Jul 2026 00:54:02.237   527.0203525536226         -18.49417952831433        21.9348541423756           526.6438478865211         03 Jul 2026 00:54:02.237   -18.56265055730917        141.8517022404567          526.7397710972864         03 Jul 2026 00:54:02.237   
-23.0442938191854         -94.13922674947372         03 Jul 2026 00:55:35.818   528.1884473906493         -22.7971069802958         25.88874848702478          527.8113842759158         03 Jul 2026 00:55:35.818   -22.88404687765426        145.7868055642013          527.9167198003843         03 Jul 2026 00:55:35.818   
-27.22196197980707        -89.90284203749461         03 Jul 2026 00:57:09.421   529.5171978404787         -26.97228465308526        30.11952855776921          529.1430204966255         03 Jul 2026 00:57:09.421   -27.07829014095523        150.000079414109           529.2581338906684         03 Jul 2026 00:57:09.421   
-31.23331224209345        -85.31565657361794         03 Jul 2026 00:58:43.048   530.9601745232012         -30.98271440853659        34.69662123649314          530.5923808269272         03 Jul 2026 00:58:43.048   -31.10841736526699        154.5617083103473          530.7175924329358         03 Jul 2026 00:58:43.048   
-35.03370296783278        -80.30178491819959         03 Jul 2026 01:00:16.704   532.4677510102929         -34.7841637789819         39.69514183033756          532.1097704590729         03 Jul 2026 01:00:16.704   -34.93014666735972        159.5478998861038          532.2453306143707         03 Jul 2026 01:00:16.704   
-38.56929201496081        -74.78296786287841         03 Jul 2026 01:01:50.393   533.9890070298834         -38.32334306643092        45.19259788285906          533.6441013718113         03 Jul 2026 01:01:50.393   -38.48999827077604        165.0376622978891          533.7901477760779         03 Jul 2026 01:01:50.393   
-41.77588970505844        -68.68572625326625         03 Jul 2026 01:03:24.116   535.4737580332212         -41.53676320322611        51.261963870064            535.144949141988          03 Jul 2026 01:03:24.116   -41.72407871184659        171.1058851917058          535.3014523475758         03 Jul 2026 01:03:24.116   
-44.57891974703577        -61.95442301159678         03 Jul 2026 01:04:57.872   536.8745195003812         -44.35066014821906        57.95901018033292          536.564544404232          03 Jul 2026 01:04:57.872   -44.55792335254709        177.8105079535925          536.7312489362348         03 Jul 2026 01:04:57.872   
-46.8957203013751         -54.5710589662843          03 Jul 2026 01:06:31.661   538.1483361077835         -46.68318277948075        65.30303904847511          537.8596247669293         03 Jul 2026 01:06:31.661   -46.90862852457121        -174.8272070987587         538.0359948035757         03 Jul 2026 01:06:31.661   
-48.64146963007842        -46.579740196619           03 Jul 2026 01:08:05.478   539.2583488989912         -48.45010064818051        73.252901030441            538.9930156747614         03 Jul 2026 01:08:05.478   -48.69059357002124        -166.8474963954521         539.1781938894119         03 Jul 2026 01:08:05.478   
-49.7397871615261         -38.10584277653423         03 Jul 2026 01:09:39.316   540.1752599807787         -49.57511098434284        81.68783998037753          539.9351018477264         03 Jul 2026 01:09:39.316   -49.82602900300385        -158.3722607734347         540.1278906086991         03 Jul 2026 01:09:39.316   
-50.13600588048918        -29.35698891599928         03 Jul 2026 01:11:13.171   540.8783777385534         -50.00286207092498        90.40562276219057          540.664869159481          03 Jul 2026 01:11:13.171   -50.25835370447744        -149.6075018624882         540.8637391011371         03 Jul 2026 01:11:13.171   
-49.80900622689547        -20.59521714016333         03 Jul 2026 01:12:47.041   541.3562608858028         -49.71076722799346        99.1486615631167           541.170536782166          03 Jul 2026 01:12:47.041   -49.9644218089169         -140.8166047430795         541.3736649417951         03 Jul 2026 01:12:47.041   
-48.77633840086401        -12.08525880584269         03 Jul 2026 01:14:20.921   541.6069935904025         -48.71443065647448        107.6541334306512          541.449815908144          03 Jul 2026 01:14:20.921   -48.96016157829872        -132.2684457189446         541.6551525530685         03 Jul 2026 01:14:20.921   
-47.08996644967208        -4.041670874920265         03 Jul 2026 01:15:54.808   541.6380787070757         -47.06388675397493        115.7064215246693          541.5097857163191         03 Jul 2026 01:15:54.808   -47.29668151641026        -124.1830254611505         541.7151455918984         03 Jul 2026 01:15:54.808   
-44.82469500321569        3.402379423859407          03 Jul 2026 01:17:28.700   541.4659490951217         -44.83244894509942        123.1692372291642          541.3663939407215         03 Jul 2026 01:17:28.700   -45.04873417470045        -116.6984345741315         541.5695647527073         03 Jul 2026 01:17:28.700   
-42.06495966162588        10.19573223602058          03 Jul 2026 01:19:02.590   541.115106546441          -42.10366674500627        129.9876578334053          541.0435887344729         03 Jul 2026 01:19:02.590   -42.3012769018247         -109.8691563490343         541.2424476816132         03 Jul 2026 01:19:02.590   
-38.8939296486336         16.35137988689597          03 Jul 2026 01:20:36.477   540.6169226920547         -38.96037114949701        136.1713502272174          540.5721278319206         03 Jul 2026 01:20:36.477   -39.13827279053567        -103.683798810001          540.7647560579653         03 Jul 2026 01:20:36.477   
-35.38707554459631        21.92225513331362          03 Jul 2026 01:22:10.359   540.0081464322711         -35.4780746140809         141.7708138612796          539.9881032400308         03 Jul 2026 01:22:10.359   -35.63602022307414        -98.08974892262022         540.1728884269241         03 Jul 2026 01:22:10.359   
-31.60965967065234        26.98067420715299          03 Jul 2026 01:23:44.232   539.3292153160473         -31.72229162453119        146.8568198035045          539.3312804845527         03 Jul 2026 01:23:44.232   -31.86051135880584        -93.01427879050011         539.5069996454204         03 Jul 2026 01:23:44.232   
-27.61653085428863        31.60477036995343          03 Jul 2026 01:25:18.097   538.622383735873          -27.74820968878161        151.5066431951352          538.6432644362339         03 Jul 2026 01:25:18.097   -27.86717907822908        -88.37853488104362         538.8091404677607         03 Jul 2026 01:25:18.097   
-23.45372250948158        35.87031195063778          03 Jul 2026 01:26:51.943   537.9298626191949         -23.60221007850494        155.7956493829319          537.9656788371394         03 Jul 2026 01:26:51.943   -23.70249480824441        -84.10597701364678         538.1214086979789         03 Jul 2026 01:26:51.943   
-19.15925328995959        39.84809729972599          03 Jul 2026 01:28:25.769   537.2917410979571         -19.3226333293495         159.7945079692467          537.3381330255552         03 Jul 2026 01:28:25.769   -19.40478861968824        -80.12510887939355         537.4838837353682         03 Jul 2026 01:28:25.769   
-14.7650678891292         43.60253910358963          03 Jul 2026 01:29:59.577   536.7442166971186         -14.94170179766822        163.567644447998           536.7964858206869         03 Jul 2026 01:29:59.577   -15.00621379973921        -76.37094488967965         536.9328630506507         03 Jul 2026 01:29:59.577   
-10.29845908360387        47.19213999185753          03 Jul 2026 01:31:33.372   536.3179490855582         -10.48693773857891        167.173631962077           536.3712255557111         03 Jul 2026 01:31:33.372   -10.53419034393374        -72.78454340995067         536.499217993096          03 Jul 2026 01:31:33.372   
-5.783593473842747        50.67041473112621          03 Jul 2026 01:33:07.156   536.0366955417749         -5.982689805500868        170.6660603988929          536.0861194389963         03 Jul 2026 01:33:07.156   -6.012947671495499        -69.31207525034579         536.2070247524234         03 Jul 2026 01:33:07.156   
-1.242453974869411        54.08744307715381          03 Jul 2026 01:34:40.931   535.9162086322631         -1.451079122136136        174.095057388741           535.9571117434607         03 Jul 2026 01:34:40.931   -1.464478611686589        -65.90325558370876         536.0724490671737         03 Jul 2026 01:34:40.931   
3.304237412408182         57.49141742789583          03 Jul 2026 01:36:14.705   535.9635272373234         3.087075336785982         177.5088141281477          535.9916008765686         03 Jul 2026 01:36:14.705   3.090530820832777         -62.50978062127843         536.1030159247757         03 Jul 2026 01:36:14.705   
7.835904223710975         60.93002848366054          03 Jul 2026 01:37:48.480   536.1766579062914         7.611140915393436         -179.0450463563221         536.1880955792967         03 Jul 2026 01:37:48.480   7.631582312882627         -59.0839263898871          536.2972637584844         03 Jul 2026 01:37:48.480   
12.33132131155165         64.45208132583917          03 Jul 2026 01:39:22.262   536.5446494821726         12.09987842519794         -175.5178682576162         536.5362549318033         03 Jul 2026 01:39:22.262   12.13757079591365         -55.57691755201284         536.644786309932          03 Jul 2026 01:39:22.262   
16.7677099632587          68.10904825303886          03 Jul 2026 01:40:56.053   537.0480847352264         16.53054202619757         -171.8584260622156         537.0173400205467         03 Jul 2026 01:40:56.053   16.58588160546729         -51.9373569477742          537.1266897642781         03 Jul 2026 01:40:56.053   
21.11960785078026         71.95646523638663          03 Jul 2026 01:42:29.857   537.6599413909562         20.8777580111977          -168.0115445609921         537.6050345467584         03 Jul 2026 01:42:29.857   20.95126354125201         -48.10980400271402         537.7164214994673         03 Jul 2026 01:42:29.857   
25.35762720140191         76.05515674163193          03 Jul 2026 01:44:03.671   538.34679252758           25.1122962684727          -163.9168879561629         538.2666075816333         03 Jul 2026 01:44:03.671   25.20458994709273         -44.03351047813405         538.3809431147902         03 Jul 2026 01:44:03.671   
29.44732647972906         80.47230789533251          03 Jul 2026 01:45:37.497   539.0703565551103         29.19995999186288         -159.507892433426          538.9644298686926         03 Jul 2026 01:45:37.497   29.31173155294897         -39.64128575828749         539.0822593999183         03 Jul 2026 01:45:37.497   
33.34766490636179         85.28146625550355          03 Jul 2026 01:47:11.337   539.7892487472627         33.10006292017712         -154.711745114901          539.6577007301685         03 Jul 2026 01:47:11.337   33.23200417089423         -34.85939296388166         539.779160107877          03 Jul 2026 01:47:11.337   
37.00907919194655         90.56035383036404          03 Jul 2026 01:48:45.192   540.460813636907          36.76352939777081         -149.4514993211346         540.3042666393203         03 Jul 2026 01:48:45.192   36.91622104027402         -29.60957810711392         540.4290554249237         03 Jul 2026 01:48:45.192   
40.37218606632265         96.38591679391348          03 Jul 2026 01:50:19.061   541.043097752623          40.13161101861511         -143.6508575295595         540.8625856087156         03 Jul 2026 01:50:19.061   40.30534401225729         -23.81380338189488         540.9899602381374         03 Jul 2026 01:50:19.061   
43.36697943282383         102.8239957331372          03 Jul 2026 01:51:52.943   541.4967534480629         43.13506935422932         -137.2441875160785         541.2936311720132         03 Jul 2026 01:51:52.943   43.32958362739245         -17.40432596873483         541.4224203199174         03 Jul 2026 01:51:52.943   
45.91394720746631         109.9126525874257          03 Jul 2026 01:53:26.839   541.7868652853958         45.69521849254595         -130.1927189581234         541.5627224973896         03 Jul 2026 01:53:26.839   45.90936572248678         -10.34019720164568         541.6913668039579         03 Jul 2026 01:53:26.839   
47.92808188843478         117.6388459569181          03 Jul 2026 01:55:00.741   541.8845758429561         47.72776568789091         -122.5073251776578         541.6411581832881         03 Jul 2026 01:55:00.741   47.95915125521557         -2.630711814731667         541.7677754182123         03 Jul 2026 01:55:00.741   
49.32754319993956         125.9156030978209          03 Jul 2026 01:56:34.642   541.7685266851522         49.15120639092923         -114.2710690353111         541.507662658044          03 Jul 2026 01:56:34.642   49.3959466152204          5.641055867511227          541.630137930546          03 Jul 2026 01:56:34.642   
50.04605866843821         134.5710542193173          03 Jul 2026 01:58:08.537   541.425930195518          49.89893600083975         -105.6506213989209         541.149463326271          03 Jul 2026 01:58:08.537   50.15171575194059         14.30594745620368          541.2655610231059         03 Jul 2026 01:58:08.537   
50.04603984900322         143.3623727683973          03 Jul 2026 01:59:42.424   540.8532734438586         49.93222240732829         -96.8837235918552          540.5629999417679         03 Jul 2026 01:59:42.424   50.18677697477435         23.12123030867848          540.6704923604748         03 Jul 2026 01:59:42.424   
49.3273857852605          152.0187475313038          03 Jul 2026 02:01:16.297   540.0566456706138         49.2491705952024          -88.23801201091713         539.7542560441079         03 Jul 2026 02:01:16.297   49.49910944251505         31.8130604005141           539.8510613078279         03 Jul 2026 02:01:16.297   
47.927481437172           160.2973031085434          03 Jul 2026 02:02:50.155   539.0516647483901         47.88516138042104         -79.95614156380253         538.7386899098919         03 Jul 2026 02:02:50.155   48.1248293255025          40.13338753228373          538.8230099446964         03 Jul 2026 02:02:50.155   
45.91246333655645         168.0258609080812          03 Jul 2026 02:04:23.993   537.8630440181869         45.90460243103891         -72.21265765521503         537.5408082908034         03 Jul 2026 02:04:23.993   46.12965126702311         47.90457966575067          537.6112570357145         03 Jul 2026 02:04:23.993   
43.3639391645187          175.1175915505582          03 Jul 2026 02:05:57.810   536.5236915928972         43.38794021729029         -65.09802820172492         536.1932755957851         03 Jul 2026 02:05:57.810   43.59547962937628         55.03560909081365          536.2489860726928         03 Jul 2026 02:05:57.810   
40.36673776201739         -178.4406594808884         03 Jul 2026 02:07:31.601   535.0735656246416         40.41943886902738         -58.62901563563476         534.7357849306145         03 Jul 2026 02:07:31.601   40.60785981165159         61.5109213090665           534.7764872301213         03 Jul 2026 02:07:31.601   
37.00039218512366         -172.6111858198188         03 Jul 2026 02:09:05.365   533.5581241297359         37.07852911555017         -52.77076015813409         533.2135280199118         03 Jul 2026 02:09:05.365   37.24717772835184         67.36736965171018          533.2395900378606         03 Jul 2026 02:09:05.365   
33.33496343347144         -167.3282996801887         03 Jul 2026 02:10:39.103   532.0265891670433         33.43545373389148         -47.45949150228368         531.6754841501161         03 Jul 2026 02:10:39.103   33.58429933642366         72.67078281503886          531.6879119303749         03 Jul 2026 02:10:39.103   
29.42997607498029         -162.515174921873          03 Jul 2026 02:12:12.813   530.5300281857089         29.55005586224749         -42.61951340262898         530.1725284192717         03 Jul 2026 02:12:12.813   29.6794222316073          77.49861850930799          530.1729258712303         03 Jul 2026 02:12:12.813   
25.33534917596522         -158.0943209006406         03 Jul 2026 02:13:46.491   529.1194076322899         25.4726123655396          -38.17390986999857         528.7555119420995         03 Jul 2026 02:13:46.491   25.58298787497888         81.92915290099077          528.746004092166          03 Jul 2026 02:13:46.491   
21.09255754955811         -153.992362655497          03 Jul 2026 02:15:20.134   527.8434180625582         21.24494314727789         -34.04953237400572         527.473108679259          03 Jul 2026 02:15:20.134   21.33685583766603         86.03651871760661          527.4562340042112         03 Jul 2026 02:15:20.134   
16.73618564633024         -150.1419698330004         03 Jul 2026 02:16:53.745   526.7464952337214         16.9019399734288          -30.17908310538091         526.3698512210149         03 Jul 2026 02:16:53.745   16.97588085639854         89.88869470510868          526.3484344939179         03 Jul 2026 02:16:53.745   
12.29554800835241         -146.4820484670719         03 Jul 2026 02:18:27.328   525.8670662420063         12.47317784049076         -26.50141000527249         525.4843816553539         03 Jul 2026 02:18:27.328   12.52955668914442         93.54728917754227          525.461399427013          03 Jul 2026 02:18:27.328   
7.796129121360421         -142.9569322273291         03 Jul 2026 02:20:00.889   525.2360250516595         7.984354096908413         -22.96076277790296         524.8479200006086         03 Jul 2026 02:20:00.889   8.023475351026143         97.06835174610273          524.82637040598           03 Jul 2026 02:20:00.889   
3.260842646017833         -139.5151244460868         03 Jul 2026 02:21:34.433   524.8754947130692         3.458550192603453         -19.50557488596262         524.4830072025206         03 Jul 2026 02:21:34.433   3.48060065371595          100.5036451438593          524.4657946131001         03 Jul 2026 02:21:34.433   
-1.289033092209058        -136.1077394206592         03 Jul 2026 02:23:07.968   524.7979226306234         -1.082829562343319        -16.08692997451029         524.4025701028013         03 Jul 2026 02:23:07.968   -1.077787111759151        103.9022202079104          524.3924131394851         03 Jul 2026 02:23:07.968   
-5.832892330811078        -132.6869926003654         03 Jul 2026 02:24:41.501   525.0055974461811         -5.619093453252482        -12.6570704648523          524.6094000448838         03 Jul 2026 02:24:41.501   -5.631123199536626        107.311941578585           524.6087682211037         03 Jul 2026 02:24:41.501   
-10.34988235245049        -129.204673320786          03 Jul 2026 02:26:15.038   525.4905701909283         -10.12934311213327        -9.167885908815139         525.0960313822434         03 Jul 2026 02:26:15.038   -10.15863706535006        110.7810302870286          525.1071117434512         03 Jul 2026 02:26:15.038   
-14.81789089843642        -125.6106862154538         03 Jul 2026 02:27:48.586   526.2349671048087         -14.59146407371405        -5.569469964030427         525.845011654088          03 Jul 2026 02:27:48.586   -14.63834039519773        114.3595390403642          525.8697027776734         03 Jul 2026 02:27:48.586   
-19.21283043052412        -121.8513288889008         03 Jul 2026 02:29:22.151   527.2117634429333         -18.98141620198295        -1.808414196848021         526.8296378810028         03 Jul 2026 02:29:22.151   -19.04631481234799        118.1010944148593          526.86956670787           03 Jul 2026 02:29:22.151   
-23.50711430531631        -117.8682319213947         03 Jul 2026 02:30:55.737   528.3858119304432         -23.27172118365553        2.173235281608489          528.0149556764245         03 Jul 2026 02:30:55.737   -23.35519039299507        122.0639891321614          528.0715069525795         03 Jul 2026 02:30:55.737   
-27.66861254908329        -113.5970927056731         03 Jul 2026 02:32:29.344   529.7152993414138         -27.43043363809674        6.439232799245267          529.3591990049863         03 Jul 2026 02:32:29.344   -27.53310407818752        126.3124969195839          529.4335498282107         03 Jul 2026 02:32:29.344   
-31.65937108773504        -108.967036818032          03 Jul 2026 02:34:02.977   531.1535253127749         -31.41988096323589        11.05977481327998          530.8155668135087         03 Jul 2026 02:34:02.977   -31.542417036179          130.917589790239           530.9087172799746         03 Jul 2026 02:34:02.977   
-35.43374197731531        -103.9017806068149         03 Jul 2026 02:35:36.640   532.6507296732188         -35.19481774351478        16.11037654334582          532.3340602173539         03 Jul 2026 02:35:36.640   -35.33783018568429        135.955901689224           532.4468503688659         03 Jul 2026 02:35:36.640   
-38.93680043384877        -98.3231423335081          03 Jul 2026 02:37:10.334   534.1560845165686         -38.70086386681548        21.66847134986048          533.8634962942397         03 Jul 2026 02:37:10.334   -38.86476570598539        141.5063994278985          533.996604883585          03 Jul 2026 02:37:10.334   
-42.10318938996635        -92.15884463775835         03 Jul 2026 02:38:44.061   535.6196984985463         -41.87335342843024        27.80583895044768          535.3535418987276         03 Jul 2026 02:38:44.061   -42.05814023066243        147.6428104520319          535.5074648428481         03 Jul 2026 02:38:44.061   
-44.85726436622138        -85.35634455332001         03 Jul 2026 02:40:17.820   536.9945724043337         -44.63744167389389        34.57516765972888          536.7567024243526         03 Jul 2026 02:40:17.820   -44.84238952976716        154.4200064595941          536.931712860428          03 Jul 2026 02:40:17.820   
-47.11581159416625        -77.90310017465836         03 Jul 2026 02:41:51.612   538.2384573687514         -46.91070861443429        41.99031205242461          538.0302130851032         03 Jul 2026 02:41:51.612   -47.13402051078866        161.8537694031433          538.2263091019868         03 Jul 2026 02:41:51.612   
-48.79435959126291        -69.8511925954991          03 Jul 2026 02:43:25.432   539.315370937933          -48.60925311894906        50.00213103872008          539.137579618603          03 Jul 2026 02:43:25.432   -48.84774880198519        169.8957647503987          539.3544257375361         03 Jul 2026 02:43:25.432   
-49.81817001026135        -61.33552546573465         03 Jul 2026 02:44:59.273   540.1970000576284         -49.65839537388186        58.48025607911003          540.0500002319286         03 Jul 2026 02:44:59.273   -49.90741604484086        178.4143063847953          540.2868748359742         03 Jul 2026 02:44:59.273   
-50.135722436492          -52.57155189224735         03 Jul 2026 02:46:33.132   540.8637766961901         -50.00592965537655        67.21443376013093          540.7474514455243         03 Jul 2026 02:46:33.132   -50.25962620239747        -172.8047905121114         541.0032111479259         03 Jul 2026 02:46:33.132   
-49.73001715775149        -43.82447241027462         03 Jul 2026 02:48:07.005   541.3054507901188         -49.63342581034767        75.94365273401718          541.2192575110757         03 Jul 2026 02:48:07.005   -49.88544998106683        -164.0283772756143         541.4923248420691         03 Jul 2026 02:48:07.005   
-48.62274010354869        -35.35594796047403         03 Jul 2026 02:49:40.889   541.5213337785326         -48.5607036432196         84.40793811178918          541.4643237510309         03 Jul 2026 02:49:40.889   -48.80508488424245        -155.5223545503356         541.7527054267048         03 Jul 2026 02:49:40.889   
-46.86898207193918        -27.3725307431315          03 Jul 2026 02:51:14.779   541.5201384173133         -46.84102941454464        92.39960892700715          541.4909612194542         03 Jul 2026 02:51:14.779   -47.07289233871783        -147.4985579148273         541.7922994443161         03 Jul 2026 02:51:14.779   
-44.54531196997774        -19.99828063218899         03 Jul 2026 02:52:48.671   541.3194346137998         -44.54957625873915        99.79158885259625          541.3163266274842         03 Jul 2026 02:52:48.671   -44.76546918122646        -140.0856611887156         541.6279818557296         03 Jul 2026 02:52:48.671   
-41.73640007409354        -13.27592291203497         03 Jul 2026 02:54:22.564   540.9447220655393         -41.77019456871191        106.5375978044447          540.9654846011599         03 Jul 2026 02:54:22.564   -41.9680342495724         -133.3293972852835         541.2846448864439         03 Jul 2026 02:54:22.564   
-38.52481893051567        -7.186999866768756         03 Jul 2026 02:55:56.454   540.4281895207678         -38.58514533609903        112.6529847356074          540.4701613116677         03 Jul 2026 02:55:56.454   -38.76393791336942        -127.2126837288384         540.7939682076012         03 Jul 2026 02:55:56.454   
-34.98511367773772        -1.675756950071293         03 Jul 2026 02:57:30.336   539.8072029906107         -35.06901185290365        118.1912390218632          539.8672390308511         03 Jul 2026 02:57:30.336   -35.22851514797503        -121.6799661128222         540.1929199456708         03 Jul 2026 02:57:30.336   
-31.18123894253711        3.331559012336065          03 Jul 2026 02:59:04.212   539.1225127744965         -31.2859815133767         123.2246771662999          539.1969812969528         03 Jul 2026 02:59:04.212   -31.42640663368485        -116.65703838098           539.5219761062554         03 Jul 2026 02:59:04.212   
-27.16715384913816        7.912925801417974          03 Jul 2026 03:00:38.077   538.4164665097487         -27.2903233223841         127.8304729849975          538.5012700306434         03 Jul 2026 03:00:38.077   -27.41211410833321        -112.0652104162347         538.8233403966915         03 Jul 2026 03:00:38.077   
-22.98791201772581        12.14374927763329          03 Jul 2026 03:02:11.922   537.7310368254211         -23.12741069153679        132.0836502109106          537.821668545952          03 Jul 2026 03:02:11.922   -23.23109407835651        -107.8283333213292         538.1389812273073         03 Jul 2026 03:02:11.922   
-18.68077443560377        16.09417490037258          03 Jul 2026 03:03:45.748   537.1058093916026         -18.83480068027822        136.0542254072115          537.1974466144566         03 Jul 2026 03:03:45.748   -18.92089043136429        -103.8755997608432         537.50862295756           03 Jul 2026 03:03:45.748   
-14.2771464609658         19.82790908179055          03 Jul 2026 03:05:19.555   536.5762404245488         -14.44415442127536        139.8059073447436          536.6638707863294         03 Jul 2026 03:05:19.555   -14.51309456233084        -100.1427655035783         536.9680002174846         03 Jul 2026 03:05:19.555   
-9.804004417091617        23.40279197204136          03 Jul 2026 03:06:53.347   536.1720474816721         -9.982660078337529        143.3965924218312          536.250622627942          03 Jul 2026 03:06:53.347   -10.03479235249506        -96.57158206163925         536.5472408801543         03 Jul 2026 03:06:53.347   
-5.285154978635774        26.87195791774023          03 Jul 2026 03:08:27.127   535.9158724693725         -5.474293397027941        146.8794765105162          535.9804784495846         03 Jul 2026 03:08:27.127   -5.509839122716563        -93.10862629861516         536.2695146183405         03 Jul 2026 03:08:27.127   
-0.7423515834610366       30.28524128123944          03 Jul 2026 03:10:00.900   535.822269825152          -0.9409366687564269       150.3044298500112          535.8683011040976         03 Jul 2026 03:10:00.900   -0.9599867818593225       -89.70387971205082         536.1500001981885         03 Jul 2026 03:10:00.900   
3.803679508120962         33.69065533022222          03 Jul 2026 03:11:34.670   535.8970546550445         3.5965931868082           153.719454748388           535.9203778952988         03 Jul 2026 03:11:34.670   3.594083583595391         -86.30923412353805         536.1952070801963         03 Jul 2026 03:11:34.670   
8.332345142612425         37.13594207576179          03 Jul 2026 03:13:08.441   536.1370354194914         8.117650003190459         157.1722188711909          536.134129514101          03 Jul 2026 03:13:08.441   8.131864757165532         -82.8769272227222          536.4026765544377         03 Jul 2026 03:13:08.441   
12.82232509980243         40.67013918321939          03 Jul 2026 03:14:42.219   536.5301544242702         12.60090004341095         160.7116066769857          536.4982155232547         03 Jul 2026 03:14:42.219   12.63216330623771         -79.35796092649697         536.7610875364626         03 Jul 2026 03:14:42.219   
17.25062995726144         44.34511112484041          03 Jul 2026 03:16:16.007   537.0560273107485         17.02338489726189         164.389234350834           536.9930316326991         03 Jul 2026 03:16:16.007   17.07215970320224         -75.70055254125482         537.2507610687417         03 Jul 2026 03:16:16.007   
21.59147737443265         48.21695487165667          03 Jul 2026 03:17:49.808   537.6868426213496         21.35940671453292         168.2608386982199          537.5915648178516         03 Jul 2026 03:17:49.808   21.42628790844119         -71.84870344401129         537.8445277865985         03 Jul 2026 03:17:49.808   
25.81496177130657         52.34713153771744          03 Jul 2026 03:19:23.620   538.3885761580177         25.57921132749229         172.3873945118821          538.2605655834523         03 Jul 2026 03:19:23.620   25.6649076487991          -67.74102627033953         538.5089156297763         03 Jul 2026 03:19:23.620   
29.88605172179374         56.80361224663478          03 Jul 2026 03:20:57.447   539.1225780973473         29.64800354261252         176.8362553629349          538.9620949015398         03 Jul 2026 03:20:57.447   29.75330302646365         -63.3095347199643          539.2057129343148         03 Jul 2026 03:20:57.447   
33.76276851219431         61.66045851201259          03 Jul 2026 03:22:31.287   539.8472809434506         33.52414850635088         -178.3192462051769         539.6552060577651         03 Jul 2026 03:22:31.287   33.64985213424411         -58.47995561958573         539.8936668824044         03 Jul 2026 03:22:31.287   
37.39459391649593         66.99571595138633          03 Jul 2026 03:24:05.143   540.5200823914083         37.15760240775643         -173.00183209376           540.2978104085587         03 Jul 2026 03:24:05.143   37.30440978837348         -53.17367349239687         540.5303644077421         03 Jul 2026 03:24:05.143   
40.72094006348829         72.8856629006038           03 Jul 2026 03:25:39.014   541.0992527918652         40.48839593208261         -167.135860207917          540.8485805408909         03 Jul 2026 03:25:39.014   40.65672127468013         -47.31325929842875         541.0741494745689         03 Jul 2026 03:25:39.014   
43.67069324523333         79.39411648832245          03 Jul 2026 03:27:12.900   541.5458558448772         43.44616259517712         -160.6577043444217         541.2688750026746         03 Jul 2026 03:27:12.900   43.63586579224943         -40.83291801293969         541.486060700674          03 Jul 2026 03:27:12.900   
46.16341282163771         86.55464132954786          03 Jul 2026 03:28:46.798   541.8255197118433         45.95126138919814         -153.5330708779654         541.5245232209336         03 Jul 2026 03:28:46.798   46.16129940895485         -33.69612430770852         541.7316295917553         03 Jul 2026 03:28:46.798   
48.1139923099499          94.34733786627358          03 Jul 2026 03:30:20.703   541.9100665047008         47.9192683309837          -145.7796879355924         541.5874716430171         03 Jul 2026 03:30:20.703   48.14732867131314         -25.9190073328402          541.7825405857029         03 Jul 2026 03:30:20.703   
49.44156809171704         102.675892034112           03 Jul 2026 03:31:54.607   541.7788999746172         49.26962073320477         -137.4900099615477         541.4371900217984         03 Jul 2026 03:31:54.607   49.51187559246841         -17.59407126232422         541.6180534504992         03 Jul 2026 03:31:54.607   
50.08240413251649         111.3592918841681          03 Jul 2026 03:33:28.503   541.4200720072422         49.93822800286512         -128.8400039969403         541.0617513601983         03 Jul 2026 03:33:28.503   50.18940127540488         -8.899853521445575         541.2260988527723         03 Jul 2026 03:33:28.503   
50.00275268547104         120.1491986127285          03 Jul 2026 03:35:02.390   540.8309354043204         49.89021159551424         -120.0731850405779         540.4584973214569         03 Jul 2026 03:35:02.390   50.14407463605272         -0.0849218562134177        540.6039616433936         03 Jul 2026 03:35:02.390   
49.20682300663807         128.7750189889605          03 Jul 2026 03:36:36.263   540.0184619651327         49.12804916113702         -111.4572522125996         539.6343635454587         03 Jul 2026 03:36:36.263   49.37824901956161         8.576841094473007          539.7586245681496         03 Jul 2026 03:36:36.263   
47.7357649757048          136.9998917244568          03 Jul 2026 03:38:10.118   538.9991411610099         47.69099090084227         -103.229012209305          538.6057794682156         03 Jul 2026 03:38:10.118   47.93190029242115         16.84333884614986          538.7066831296243         03 Jul 2026 03:38:10.118   
45.6580822313416          144.6610679933355          03 Jul 2026 03:39:43.952   537.7984613511708         45.64592857682039         -95.55355624380604         537.3981478619353         03 Jul 2026 03:39:43.952   45.87319820003161         24.54650661164823          537.473835514782          03 Jul 2026 03:39:43.952   
43.05630451229993         151.680667098914           03 Jul 2026 03:41:17.763   536.4500489689281         43.07432454860698         -88.51222710905263         536.0449817459112         03 Jul 2026 03:41:17.763   43.2850229390578          31.60449079458144          536.094023750371          03 Jul 2026 03:41:17.763   
40.01498545944273         158.0524091321655          03 Jul 2026 03:42:51.548   534.9944350511487         40.0602239701691          -82.11468156282821         534.5866699599119         03 Jul 2026 03:42:51.548   40.25266291890775         38.00881797356443          534.608193848966          03 Jul 2026 03:42:51.548   
36.61275014280731         163.8180984228478          03 Jul 2026 03:44:25.307   533.4775184691634         36.68216906308616         -76.32175745678865         533.0689434529513         03 Jul 2026 03:44:25.307   36.85558946236331         43.80057500204624          533.0627463989904         03 Jul 2026 03:44:25.307   
32.91851578593484         169.0453267404882          03 Jul 2026 03:45:59.037   531.9487943872246         33.00925314097194         -71.06763705006365         531.541112183254          03 Jul 2026 03:45:59.037   33.16350684110781         49.04756037141655          531.5077474631607         03 Jul 2026 03:45:59.037   
28.99065760411378         173.8114220552662          03 Jul 2026 03:47:32.741   530.4594042629788         29.10015110223449         -66.27603878244946         530.0541291721656         03 Jul 2026 03:47:32.741   29.23544326185943         53.82775145884728          529.994957175476          03 Jul 2026 03:47:32.741   
24.87783260364973         178.1938429352562          03 Jul 2026 03:49:06.417   529.0601047341588         25.00385509314056         -61.87003881480346         528.6585780262167         03 Jul 2026 03:49:06.417   25.12056031594824         58.21938445433153          528.5757750640723         03 Jul 2026 03:49:06.417   
20.62090776621703         -177.7349412983018         03 Jul 2026 03:50:40.060   527.7993468726982         20.76155277748903         -57.77738565086166         527.4027726271288         03 Jul 2026 03:50:40.060   20.86009594074464         62.29566627335541          527.2992959296289         03 Jul 2026 03:50:40.060   
16.25381620177144         -173.9083002778368         03 Jul 2026 03:52:13.671   526.72104179491           16.40746405923161         -53.93148688029254         526.3305437101217         03 Jul 2026 03:52:13.671   16.4882434993584          66.12385405027638          526.2100466802694         03 Jul 2026 03:52:13.671   
11.80542324909743         -170.2658132510454         03 Jul 2026 03:53:47.255   525.8629203002929         11.97069772812656         -50.27187632052235         525.4796144336924         03 Jul 2026 03:53:47.255   12.03404061919648         69.76486292470028          525.3463244316263         03 Jul 2026 03:53:47.255   
7.300877705643217         -166.75233365002           03 Jul 2026 03:55:20.816   525.2550177960156         7.476602214101312         -46.74333808212903         524.8800940220362         03 Jul 2026 03:55:20.816   7.52273896695089          73.27420598632841          524.7386594485051         03 Jul 2026 03:55:20.816   
2.762851897504727         -163.3167097872516         03 Jul 2026 03:56:54.362   524.9184811767736         2.948007803776292         -43.29466467208046         524.5532834672813         03 Jul 2026 03:56:54.362   2.977057933359287         76.70328759596299          524.4086021742396         03 Jul 2026 03:56:54.362   
-1.787505727062801        -159.9102405442505         03 Jul 2026 03:58:27.899   524.8647175438009         -1.593818035821014        -39.87713672630632         524.5108124212129         03 Jul 2026 03:58:27.899   -1.581854055533304        80.10096373658928          524.3678547749796         03 Jul 2026 03:58:27.899   
-6.329556152004297        -156.4852051848023         03 Jul 2026 04:00:01.434   525.094954575934          -6.1281549908097          -36.44307092943048         524.7541768313658         03 Jul 2026 04:00:01.434   -6.133400120229581        83.51502789833202          524.6178174082652         03 Jul 2026 04:00:01.434   
-10.8423632727833         -152.9932539432214         03 Jul 2026 04:01:34.973   525.6002090627308         -10.63402387179775        -32.94422603279563         525.2746764024614         03 Jul 2026 04:01:34.973   -10.65672702763237        86.99383534609271          525.149546754099          03 Jul 2026 04:01:34.973   
-15.30371513454719        -149.3839160620716         03 Jul 2026 04:03:08.524   526.3616715899725         -15.08921138501172        -29.33032694821651         526.0537622748679         03 Jul 2026 04:03:08.524   -15.12974736051776        90.58781146763812          525.944134383366          03 Jul 2026 04:03:08.524   
-19.68915772087948        -145.6030702185955         03 Jul 2026 04:04:42.092   527.3514894644086         -19.46931076975917        -25.54755222368377         527.0637817659581         03 Jul 2026 04:04:42.092   -19.52817622332534        94.35100229086437          526.9734880882415         03 Jul 2026 04:04:42.092   
-23.97063528390784        -141.5917758774527         03 Jul 2026 04:06:15.680   528.5338450078571         -23.74637352023762        -21.53738248167517         528.2690202403219         03 Jul 2026 04:06:15.680   -23.82417423579155        98.34227574565305          528.2014103936326         03 Jul 2026 04:06:15.680   
-28.1155455588086         -137.2849248794406         03 Jul 2026 04:07:49.291   529.866492373375          -27.8879802182263         -17.2352642895516          529.6272117441231         03 Jul 2026 04:07:49.291   -27.98540567384351        102.626719478              529.5851454375616         03 Jul 2026 04:07:49.291   
-32.0851091724778         -132.6110220971337         03 Jul 2026 04:09:22.928   531.3024591078629         -31.85563124642922        -12.57038827976483         531.0912234889483         03 Jul 2026 04:09:22.928   -31.97340428005553        107.2759427034386          531.0770908122695         03 Jul 2026 04:09:22.928   
-35.83273728033134        -127.4933373729319         03 Jul 2026 04:10:56.594   532.7919462705668         -35.60313874981605        -7.466801873927594         532.6109526372857         03 Jul 2026 04:10:56.594   -35.74192584635489        112.3670522334014          532.626712149352          03 Jul 2026 04:10:56.594   
-39.3023992971174         -121.8538620678892         03 Jul 2026 04:12:30.292   534.2842978084955         -39.07501575290568        -1.847253726088526         534.1353054487063         03 Jul 2026 04:12:30.292   -39.23527819058766        117.9788805418237          534.1825281378278         03 Jul 2026 04:12:30.292   
-42.42760183921202        -115.6216102820233         03 Jul 2026 04:14:04.022   535.730012305984          -42.2054592251376         4.358739049292558          535.6142316393407         03 Jul 2026 04:14:04.022   -42.38722629556688        124.1839124015655          535.6941402298553         03 Jul 2026 04:14:04.022   
-45.1316692143704         -108.7472920904608         03 Jul 2026 04:15:37.785   537.0826492849046         -44.91859135548047        11.20061459851115          537.0006617353274         03 Jul 2026 04:15:37.785   -45.12114948400502        131.0338126676314          537.1141553565521         03 Jul 2026 04:15:37.785   
-47.33080074275809        -101.2243766334557         03 Jul 2026 04:17:11.579   538.300645835785          -47.1313996399276         18.68622738243462          538.2523611002716         03 Jul 2026 04:17:11.579   -47.35293204145485        138.5383632978109          538.4000206691198         03 Jul 2026 04:17:11.579   
-48.94103902994503        -93.11310868511325         03 Jul 2026 04:18:45.402   539.3489019286899         -48.76048726650043        26.758270709918            539.3335528680709         03 Jul 2026 04:18:45.402   -48.99776769326787        146.6409891939074          539.5156254086532         03 Jul 2026 04:18:45.402   
-49.88946766116552        -84.55786561789408         03 Jul 2026 04:20:19.247   540.2000413811065         -49.7329853166644         35.27685118611006          540.2162106209316         03 Jul 2026 04:20:19.247   -49.98129960964256        155.2003284016934          540.4325734812619         03 Jul 2026 04:20:19.247   
-50.12784599735095        -75.78168304084627         03 Jul 2026 04:21:53.111   540.8355036338271         -49.99996846479988        44.02399627330752          540.8811793453751         03 Jul 2026 04:21:53.111   -50.25343121760139        163.9943159508354          541.1312968965631         03 Jul 2026 04:21:53.111   
-49.64336778272128        -67.05232564324376         03 Jul 2026 04:23:26.987   541.246085905158          -49.54722884162986        52.73592997507131          541.3187313060153         03 Jul 2026 04:23:26.987   -49.79949694395087        172.7532687597929          541.6016086742484         03 Jul 2026 04:23:26.987   
-48.46181859460987        -58.62776014200822         03 Jul 2026 04:25:00.873   541.4321602359687         -48.39874859746757        61.15620071446778          541.5287880103824         03 Jul 2026 04:25:00.873   -48.64389726402096        -178.7851130520949         541.8429351314353         03 Jul 2026 04:25:00.873   
-46.64129890822646        -50.70620220035897         03 Jul 2026 04:26:34.766   541.4034750876699         -46.61088559009083        69.08541885318054          541.5207170346175         03 Jul 2026 04:26:34.766   -46.84410216541595        -170.8242076910432         541.8641337338267         03 Jul 2026 04:26:34.766   
-44.25994335604814        -43.40240700577453         03 Jul 2026 04:28:08.659   541.1785718813117         -44.26045189527404        76.40590871229317          541.3127355676143         03 Jul 2026 04:28:08.659   -44.47833641577904        -163.4831392834387         541.6829239663448         03 Jul 2026 04:28:08.659   
-41.40262848104497        -36.75116392124849         03 Jul 2026 04:29:42.552   540.783822911163          -41.4315508822495         83.07950093184391          540.9309354897214         03 Jul 2026 04:29:42.552   -41.63204389926909        -156.7994579011283         541.3249489238233         03 Jul 2026 04:29:42.552   
-38.1512604267862         -30.72872790696297         03 Jul 2026 04:31:16.442   540.2521528564312         -38.20579295916666        89.12700896999709          540.4079899384378         03 Jul 2026 04:31:16.442   -38.38789435517135        -150.7506195940473         540.8225136193751         03 Jul 2026 04:31:16.442   
-34.57922619668263        -25.27641271315036         03 Jul 2026 04:32:50.326   539.6214790050299         -34.65659594529592        94.604989088436            539.7815859293069         03 Jul 2026 04:32:50.326   -34.82003361339881        -145.2780480558033         540.2130479226698         03 Jul 2026 04:32:50.326   
-30.74951755271678        -20.31970524189935         03 Jul 2026 04:34:24.201   538.932952624501          -30.84716194992077        99.58659858565406          539.0926655469193         03 Jul 2026 04:34:24.201   -30.99210390976436        -140.3067516981938         539.5373682791678         03 Jul 2026 04:34:24.201   
-26.71497340356408        -15.78049982303211         03 Jul 2026 04:35:58.064   538.2290507474881         -26.83061416409618        104.1491793754919          538.3835271971302         03 Jul 2026 04:35:58.064   -26.9574540956943         -135.757921669892          538.8377882506384         03 Jul 2026 04:35:58.064   
-22.51963087390319        -11.58377021497038         03 Jul 2026 04:37:31.909   537.5516191352726         -22.65128413823528        108.3673876389895          537.6958869549871         03 Jul 2026 04:37:31.909   -22.76049644457827        -131.5558146956999         538.1561756069996         03 Jul 2026 04:37:31.909   
-18.20007462679327        -7.660117737677806         03 Jul 2026 04:39:05.735   536.9398948346834         -18.34602939229243        112.3104882155082          537.068925089292          03 Jul 2026 04:39:05.735   -18.43807617913103        -127.630401325278          537.531981739452          03 Jul 2026 04:39:05.735   
-13.78716874362728        -3.9465248965309           03 Jul 2026 04:40:39.544   536.4287338871072         -13.94595072965914        116.0414888305046          536.5375410286406         03 Jul 2026 04:40:39.544   -14.02122575383735        -123.9181559390708         537.0004672497043         03 Jul 2026 04:40:39.544   
-9.307498000502296        -0.3857338412873233        03 Jul 2026 04:42:13.337   536.0470266242419         -9.477829842396121        119.617689180135           536.1307946379329         03 Jul 2026 04:42:13.337   -9.536625484977112        -120.3614384985388         536.5911066022363         03 Jul 2026 04:42:13.337   
-4.784689392314094        3.074892810400724          03 Jul 2026 04:43:47.117   535.8163951049864         -4.965451576004769        123.0917740596957          535.87062430681           03 Jul 2026 04:43:47.117   -5.007939790383153        -116.907344856394          536.3262661530653         03 Jul 2026 04:43:47.117   
-0.2403095527903155       6.484948217654831          03 Jul 2026 04:45:20.890   535.7502109787347         -0.4305040153590081       126.513360673996           535.7708740180205         03 Jul 2026 04:45:20.890   -0.4567242966039474       -113.5061161890297         536.2201918773999         03 Jul 2026 04:45:20.890   
4.304936170681735         9.892318462211399          03 Jul 2026 04:46:54.658   535.8530130065001         4.106221266970095         129.9303144941866          535.8367101162903         03 Jul 2026 04:46:54.658   4.096368984479208         -110.1097867840852         536.278392348645          03 Jul 2026 04:46:54.658   
8.83050618332425          13.3448799639305           03 Jul 2026 04:48:28.428   536.1203068397608         8.624131106555257         133.3904305941143          536.0644034656516         03 Jul 2026 04:48:28.428   8.630892064772492         -106.6704729223648         536.4973950936283         03 Jul 2026 04:48:28.428   
13.3148721983019          16.89184985654985          03 Jul 2026 04:50:02.204   536.5387637603098         13.10168297808082         136.94276777673            536.4415007420548         03 Jul 2026 04:50:02.204   13.12545048892922         -103.1390072347263         536.8649033767088         03 Jul 2026 04:50:02.204   
17.7348471838285          20.58552656515503          03 Jul 2026 04:51:35.989   537.0868393546443         17.51571773862355         140.6393730918706          536.9473999490683         03 Jul 2026 04:51:35.989   17.55703434422438         -99.46318095833419         537.3603675133245         03 Jul 2026 04:51:35.989   
22.06428372830992         24.48255976312303          03 Jul 2026 04:53:09.788   537.7357249458137         21.84016744113391         144.5365342633098          537.5542558284587         03 Jul 2026 04:53:09.788   21.89971975210735         -95.58644694037763         537.9558976775415         03 Jul 2026 04:53:09.788   
26.27274756461866         28.64505794845813          03 Jul 2026 04:54:43.598   538.4506115704944         26.04474243715699         148.6958726142641          538.2281940712792         03 Jul 2026 04:54:43.598   26.1233448982993          -91.44676887910144         538.617494133794          03 Jul 2026 04:54:43.598   
30.3245920316903          33.1417615608878           03 Jul 2026 04:56:17.422   539.1923350393781         30.09402380058543         153.1855107014358          538.9309032177907         03 Jul 2026 04:56:17.422   30.1925855872902          -86.97538096931886         539.3066592968544         03 Jul 2026 04:56:17.422   
34.1769397135322          38.0472773862683           03 Jul 2026 04:57:51.260   539.9190736853343         33.94546803994668         158.0793268196829          539.621295775818          03 Jul 2026 04:57:51.260   34.06492600043752         -82.09743947792437         539.9820841819692         03 Jul 2026 04:57:51.260   
37.77824347108141         43.43982394259584          03 Jul 2026 04:59:25.114   540.5882630766318         37.54799086632556         163.4547742260406          540.2573918292919         03 Jul 2026 04:59:25.114   37.68919272853164         -76.73410938045902         540.601555177931          03 Jul 2026 04:59:25.114   
41.06681937807645         49.3950575941919           03 Jul 2026 05:00:58.985   541.1584940842567         40.84051345171446         169.3868790171012          540.7982031281872         03 Jul 2026 05:00:58.985   41.00402769159219         -70.80850940167194         541.123859340777          03 Jul 2026 05:00:58.985   
43.97034827576954         55.97435626922498          03 Jul 2026 05:02:32.870   541.5913742116927         43.75144720305498         175.9368420590331          541.2055950141666         03 Jul 2026 05:02:32.870   43.93728192780948         -64.25718082081927         541.510663366179          03 Jul 2026 05:02:32.870   
46.4075951633737          63.20665096243715          03 Jul 2026 05:04:06.767   541.853303707564          46.20033531039432         -176.8656574847631         541.4460753490466         03 Jul 2026 05:04:06.767   46.40757475401035         -57.04812201866721         541.7283138306602         03 Jul 2026 05:04:06.767   
48.29344465653669         71.06490300771965          03 Jul 2026 05:05:40.675   541.9170377159826         48.1027181099806          -169.0454781070117         541.4923813931018         03 Jul 2026 05:05:40.675   48.32914105302737         -49.20453438010239         541.749431346112          03 Jul 2026 05:05:40.675   
49.54814341823144         79.44323777254208          03 Jul 2026 05:07:14.580   541.763018819749          49.37911333799146         -160.7046708311983         541.3248456499032         03 Jul 2026 05:07:14.580   49.62093809649629         -40.82853100537325         541.554284577549          03 Jul 2026 05:07:14.580   
50.11066250791058         88.15180019057875          03 Jul 2026 05:08:48.477   541.3804049181826         49.96811873146419         -152.0281761477724         540.9324538569608         03 Jul 2026 05:08:48.477   50.22007645946211         -32.10770310972556         541.1318468339041         03 Jul 2026 05:08:48.477   
49.95118823615936         96.9369997650372           03 Jul 2026 05:10:22.363   540.7676708903891         49.83880150390194         -143.2649875125597         540.3134805339942         03 Jul 2026 05:10:22.363   50.09464648529827         -23.29618910460021         540.4804382660295         03 Jul 2026 05:10:22.363   
49.07823295627933         105.5294773333219          03 Jul 2026 05:11:56.236   539.9328423490597         48.99800066284826         -134.681814729812          539.4757483239027         03 Jul 2026 05:11:56.236   49.25134935663709         -14.66691332227208         539.6079916966637         03 Jul 2026 05:11:56.236   
47.53657005582068         113.6988552280053          03 Jul 2026 05:13:30.089   538.8934033104315         47.48868403155257         -126.5091193738622         538.4365527550599         03 Jul 2026 05:13:30.089   47.73386282915985         -6.455591011398696         538.5319895156763         03 Jul 2026 05:13:30.089   
45.39696796714653         121.2916636034732          03 Jul 2026 05:15:03.919   537.6757192498344         45.3801111902619          -118.90268433631           537.2220923110362         03 Jul 2026 05:15:03.919   45.61269971257938         1.179072998505792          537.2789039447816         03 Jul 2026 05:15:03.919   
42.74266736089776         128.239088939824           03 Jul 2026 05:16:37.726   536.3140949551716         42.7545392390226          -111.934624830177          535.8665252568608         03 Jul 2026 05:16:37.726   42.9715047185384          8.164466352113555          535.8832660727367         03 Jul 2026 05:16:37.726   
39.65795283077834         134.5412001627843          03 Jul 2026 05:18:11.505   534.8496329138816         39.69579245911056         -105.6080460663986         534.4108195795343         03 Jul 2026 05:18:11.505   39.8953202768906          14.49863104604939          534.3865297009006         03 Jul 2026 05:18:11.505   
36.22048932862962         140.2437271617718          03 Jul 2026 05:19:45.256   533.32857438475           36.28147027363416         -99.87968322490215         532.9010829670997         03 Jul 2026 05:19:45.256   36.46265984818048         20.22669497782813          532.8354033393516         03 Jul 2026 05:19:45.256   
32.49796633974664         145.416105471585           03 Jul 2026 05:21:18.980   531.8005454080976         32.57943377501633         -94.68175166620487         531.3867973608458         03 Jul 2026 05:21:18.980   32.74199138100431         25.41836072932187          531.2800830140977         03 Jul 2026 05:21:18.980   
28.54762863048748         150.1360207417466          03 Jul 2026 05:22:52.676   530.3166586836014         28.64721069264377         -89.9375421621405          529.9189120187266         03 Jul 2026 05:22:52.676   28.79120075787531         30.15198390201472          529.7723334777884         03 Jul 2026 05:22:52.676   
24.41717982283475         154.4805417480112          03 Jul 2026 05:24:26.346   528.9274637639019         24.53281865422585         -85.57048961631908         528.5477907032891         03 Jul 2026 05:24:26.346   24.65848511132135         34.50540947327137          528.3634103127215         03 Jul 2026 05:24:26.346   
20.14646537865721         158.5216884451842          03 Jul 2026 05:25:59.986   527.6809500067711         20.27640348019434         -81.50878381634908         527.3212173244065         03 Jul 2026 05:25:59.986   20.38405169859256         38.5513839732555           527.102030998828          03 Jul 2026 05:25:59.986   
15.76893427166127         162.3252162416353          03 Jul 2026 05:27:33.595   526.6205233246283         15.91168120017818         -77.68671449202625         526.2823829118142         03 Jul 2026 05:27:33.595   16.00160296813666         42.35627480162848          526.0323152966866         03 Jul 2026 05:27:33.595   
11.31295343568723         165.9509301273117          03 Jul 2026 05:29:07.179   525.7832064382519         11.46724588527934         -74.04444352826897         525.4681009634796         03 Jul 2026 05:29:07.179   11.53967298297536         45.98036719983239          525.1919496418705         03 Jul 2026 05:29:07.179   
6.80341259194666          169.4534157844838          03 Jul 2026 05:30:40.741   525.1982202221598         6.968173159347044         -70.52733051508322         524.9074032579747         03 Jul 2026 05:30:40.741   7.023250465696462         49.47860085732701          524.6107348630858         03 Jul 2026 05:30:40.741   
2.262802637694316         172.8834632331757          03 Jul 2026 05:32:14.288   524.8857822459549         2.43710093263138          -67.08454377866342         524.6203530501707         03 Jul 2026 05:32:14.288   2.474870131357218         52.90200791583528          524.3093527754554         03 Jul 2026 05:32:14.288   
-2.287812901367701        176.2895854627727          03 Jul 2026 05:33:47.825   524.8563005267861         -2.104796848404887        -63.66756507224446         524.6172488684169         03 Jul 2026 05:33:47.825   -2.084407523404413        56.29924751289371          524.2985332072158         03 Jul 2026 05:33:47.825   
-6.827849257305368        179.7195330960935          03 Jul 2026 05:35:21.360   525.1099803853713         -6.636860627276036        -60.22869275400708         524.8982340340908         03 Jul 2026 05:35:21.360   -6.63404306960872         59.71813583216333          524.578640318492          03 Jul 2026 05:35:21.360   
-11.33625469770867        -176.7781995339041         03 Jul 2026 05:36:54.900   525.6368365770631         -11.13800062834826        -56.7195517370666          525.4533027133593         03 Jul 2026 05:36:54.900   -11.15307099431594        63.20716730538859          525.1396710470917         03 Jul 2026 05:36:54.900   
-15.79066664797361        -173.1527744669997         03 Jul 2026 05:38:28.452   526.4171293427589         -15.58585664890099        -53.08950990304339         526.2627219302994         03 Jul 2026 05:38:28.452   -15.61925719366947        66.81713084577865          525.961686229829          03 Jul 2026 05:38:28.452   
-20.16629840966277        -169.3495909165406         03 Jul 2026 05:40:02.023   527.4221760635255         -19.95569227373111        -49.28427691887978         527.297820478695          03 Jul 2026 05:40:02.023   -20.00798834405274        70.60255111618454          527.0156240550305         03 Jul 2026 05:40:02.023   
-24.43457955362648        -165.3091418878368         03 Jul 2026 05:41:35.613   528.6154575450119         -24.21904711950384        -45.2447786246007          528.5220663624241         03 Jul 2026 05:41:35.613   -24.29091479718977        74.62286609793401          528.2644131911793         03 Jul 2026 05:41:35.613   
-28.56233599567771        -160.9655885831046         03 Jul 2026 05:43:09.225   529.9542330106797         -28.34293289862648        -40.90574444468978         529.8926563725618         03 Jul 2026 05:43:09.225   -28.43513368765446        78.94390392899631          529.6646103150197         03 Jul 2026 05:43:09.225   
-32.51002177118208        -156.2467560690037         03 Jul 2026 05:44:42.863   531.3912444847247         -32.28808733315562        -36.19570083556392         531.3621923093742         03 Jul 2026 05:44:42.863   -32.40141592241149        83.6379740404501           531.1681245062618         03 Jul 2026 05:44:42.863   
-36.23009746596416        -151.0754963206592         03 Jul 2026 05:46:16.530   532.8766353691772         -36.00737750679132        -31.03829392010709         532.8805793279525         03 Jul 2026 05:46:16.530   -36.14256790968682        88.78263718367333          532.7241617425261         03 Jul 2026 05:46:16.530   
-39.66543898482609        -145.3740151310328         03 Jul 2026 05:47:50.229   534.3599281783618         -39.44423032403225        -25.35650053909107         534.3969921891266         03 Jul 2026 05:47:50.229   -39.60179972654316        94.45656821734688          534.2812286910439         03 Jul 2026 05:47:50.229   
-42.74834550739703        -139.0729052285257         03 Jul 2026 05:49:23.961   535.7919945001458         -42.53164383354206        -19.08141932826399         535.8618448880188         03 Jul 2026 05:49:23.961   -42.71165436222134        100.7307524644909          535.7891274656622         03 Jul 2026 05:49:23.961   
-45.40115804336479        -132.1263912877492         03 Jul 2026 05:50:57.726   537.1269901923743         -45.1927640851429         -12.16710964403979         537.2287383734119         03 Jul 2026 05:50:57.726   -45.39449883838292        107.6534288446095          537.2009154072075         03 Jul 2026 05:50:57.726   
-47.53963240108497        -124.5340695422764         03 Jul 2026 05:52:31.522   538.3241175071744         -47.34413628159032        -4.611802942688023         538.4562457140401         03 Jul 2026 05:52:31.522   -47.56572799625905        115.2283146523255          538.4746876269764         03 Jul 2026 05:52:31.522   
-49.08036087655385        -116.3649551474828         03 Jul 2026 05:54:05.348   539.349148695439          -48.90290344847987        3.518472887591074          539.509466756178          03 Jul 2026 05:54:05.348   -49.14102785016799        123.3900393934544          539.5751159387428         03 Jul 2026 05:54:05.348   
-49.95248520924267        -107.7726646158601         03 Jul 2026 05:55:39.196   540.1757153483277         -49.79823591397124        12.07459327923648          540.361354535502          03 Jul 2026 05:55:39.196   -50.0480525994593         131.9878341134649          540.4747525203838         03 Jul 2026 05:55:39.196   
-50.11118772494255        -98.98768431603651         03 Jul 2026 05:57:13.061   540.7862551832786         -49.98461299941557        20.83105507514492          540.9936996716351         03 Jul 2026 05:57:13.061   -50.24011564143208        140.7918896844656          541.1549877922134         03 Jul 2026 05:57:13.061   
-49.54794442712693        -90.27947311615019         03 Jul 2026 05:58:46.938   541.1726048384789         -49.45211247502738        29.52222131849171          541.3977582701391         03 Jul 2026 05:58:46.938   -49.70687476862403        149.5305309428888          541.6066563818649         03 Jul 2026 05:58:46.938   
-48.29255104615249        -81.90149364374896         03 Jul 2026 06:00:20.826   541.3361206399641         -48.22876107511888        37.89597626931918          541.5743983327984         03 Jul 2026 06:00:20.826   -48.47682182098923        157.9458096118627          541.8301638998691         03 Jul 2026 06:00:20.826   
-46.40603161628327        -74.0436426687193          03 Jul 2026 06:01:54.718   541.2874508907908         -46.37389473690033        45.76117470053942          541.5338893633116         03 Jul 2026 06:01:54.718   -46.61043688222304        165.8427109925553          541.8352678968467         03 Jul 2026 06:01:54.718   
-43.96782995557998        -66.81098245297336         03 Jul 2026 06:03:28.613   541.0459267557226         -43.96569119420086        53.00988008113163          541.2953013811784         03 Jul 2026 06:03:28.613   -44.18731780719448        173.1119809429547          541.6404843119089         03 Jul 2026 06:03:28.613   
-41.06299172004584        -60.23090390678168         03 Jul 2026 06:05:02.505   540.6385814235218         -41.08845941423146        59.61144158194326          540.8855217230348         03 Jul 2026 06:05:02.505   -41.29310559103916        179.7236634009792          541.2721192262452         03 Jul 2026 06:05:02.505   
-37.77267852985555        -54.27459042671961         03 Jul 2026 06:06:36.393   540.0988392558429         -37.82308065218312        65.59187631913217          540.337935154007          03 Jul 2026 06:06:36.393   -38.00972631550986        -174.2944766496693         540.7629778473884         03 Jul 2026 06:06:36.393   
-34.16917107651511        -48.88074732543069         03 Jul 2026 06:08:10.275   539.4649471084249         -34.24186357316432        71.01045322501784          539.6908416104761         03 Jul 2026 06:08:10.275   -34.41020444488089        -168.8811691740631         540.1508145056441         03 Jul 2026 06:08:10.275   
-30.31424220140323        -43.9738847941773          03 Jul 2026 06:09:44.149   538.7781995302475         -30.40677824629715        75.94137243477124          538.9856672009291         03 Jul 2026 06:09:44.149   -30.55694250752317        -163.960411071473          539.4765784181764         03 Jul 2026 06:09:44.149   
-26.259829970848          -39.47615726582956         03 Jul 2026 06:11:18.008   538.08107455749           -26.37002873034664        80.46174799388362          538.2650897028934         03 Jul 2026 06:11:18.008   -26.50236778740315        -159.4536503453901         538.7825688050661         03 Jul 2026 06:11:18.008   
-22.04898647831854        -35.31295179736994         03 Jul 2026 06:12:51.849   537.4151929545278         -22.17494440611654        84.64583449145213          537.5709887524945         03 Jul 2026 06:12:51.849   -22.28988947583642        -155.2855683036145         538.1104116385159         03 Jul 2026 06:12:51.849   
-17.71756543580116        -31.41554983661859         03 Jul 2026 06:14:25.672   536.8194067590302         -17.85763614942764        88.56221499589802          536.9425325946077         03 Jul 2026 06:14:25.672   -17.95560686177402        -151.3868332256388         537.4991566189756         03 Jul 2026 06:14:25.672   
-13.29591157664034        -27.72163104035296         03 Jul 2026 06:15:59.478   536.3280279240544         -13.44867231934482        92.2731920151723           536.4144115224472         03 Jul 2026 06:15:59.478   -13.53002094500525        -147.6946352020543         536.9835081506344         03 Jul 2026 06:15:59.478   
-8.810157163313898        -24.17445628136192         03 Jul 2026 06:17:33.271   535.9692418852237         -8.974372127219782        95.83553653180245          536.0152590130228         03 Jul 2026 06:17:33.271   -9.039349595740644        -144.1518703156794         536.5922321142134         03 Jul 2026 06:17:33.271   
-4.283629406986273        -20.72178108297695         03 Jul 2026 06:19:07.053   535.7638379784503         -4.458213327499518        99.30153022802035          535.7663940885568         03 Jul 2026 06:19:07.053   -4.506949122958798        -140.7060429287601         536.3468722133293         03 Jul 2026 06:19:07.053   
0.2620901291982457        -17.31438825604052         03 Jul 2026 06:20:40.827   535.7242449845071         0.07810622723433566       102.7204045800521          535.6808661474761         03 Jul 2026 06:20:40.827   0.04561688588454604       -137.3077835267038         536.2607623357699         03 Jul 2026 06:20:40.827   
4.806438635977137         -13.90439931362646         03 Jul 2026 06:22:14.598   535.8539590992868         4.613939837860403         106.1400097951571          535.7628850428046         03 Jul 2026 06:22:14.598   4.597845742891004         -133.9091460243024         536.3384206100936         03 Jul 2026 06:22:14.598   
9.328719807322885         -10.44392687790336         03 Jul 2026 06:23:48.370   536.1473896193402         9.128540190931577         109.6081450478955          536.0076659842098         03 Jul 2026 06:23:48.370   9.129140999489191         -130.4622457565783         536.5753596458335         03 Jul 2026 06:23:48.370   
13.8073079654685          -6.88345656579749          03 Jul 2026 06:25:22.147   536.5901049846971         13.60026589814326         113.1741608606085          536.4016616596637         03 Jul 2026 06:25:22.147   13.61801757974732         -126.9176267604548         536.9582896506581         03 Jul 2026 06:25:22.147   
18.21874198698251         -3.170278638042855         03 Jul 2026 06:26:55.935   537.159494635157          18.00568081712809         116.8905105048326          536.9232000763859         03 Jul 2026 06:26:55.935   18.04119860590759         -123.2226750680083         537.4657356749185         03 Jul 2026 06:26:55.935   
22.53646175229762         0.7528024314670181         03 Jul 2026 06:28:29.734   537.8257690800319         22.31830016458875         120.8140225724736          537.5434535512941         03 Jul 2026 06:28:29.734   22.37235517749041         -119.3202998522059         538.068997338054          03 Jul 2026 06:28:29.734   
26.729583655111           4.948654232981176          03 Jul 2026 06:30:03.546   538.5532971296761         26.50737985679388         125.0070720943297          538.2277349647493         03 Jul 2026 06:30:03.546   26.58088468454419         -115.1477019486577         538.7334465114154         03 Jul 2026 06:30:03.546   
30.76167321677658         9.486639871438951          03 Jul 2026 06:31:37.370   539.3022548967156         30.53670777929397         129.538398525123           538.9370997479646         03 Jul 2026 06:31:37.370   30.63068296319906         -110.6354773465183         539.4201393480243         03 Jul 2026 06:31:37.370   
34.58902351087725         14.44198096813783          03 Jul 2026 06:33:11.209   540.0304153502693         34.36290537369762         134.4824893937223          539.6300923600393         03 Jul 2026 06:33:11.209   34.47841139520983         -105.708135201857          540.0875813886314         03 Jul 2026 06:33:11.209   
38.15899941468282         19.8929483103597           03 Jul 2026 06:34:45.063   540.695054934934          37.93379497727312         139.9168474800657          540.2646138272776         03 Jul 2026 06:34:45.063   38.0718102578555          -100.2867295336201         540.6936177974194         03 Jul 2026 06:34:45.063   
41.40873979877747         25.91427491917911          03 Jul 2026 06:36:18.932   541.2548887197127         41.18711479353667         145.9155804149119          540.7998269664049         03 Jul 2026 06:36:18.932   41.34833622652738         -94.29521060170727         541.197361960285          03 Jul 2026 06:36:18.932   
44.26490094103511         32.56494074476612          03 Jul 2026 06:37:52.817   541.6719444926339         44.05024420783704         152.5375090398221          541.1980134538153         03 Jul 2026 06:37:52.817   44.23479204128561         -87.67239507008311         541.5610735024802         03 Jul 2026 06:37:52.817   
46.64547349131648         39.8689054896713           03 Jul 2026 06:39:26.715   541.9132857225522         46.44193973011951         159.8073765505261          541.4262951995579         03 Jul 2026 06:39:26.715   46.64897486270891         -80.39112110855883         541.7518975191879         03 Jul 2026 06:39:26.715   
48.46535667165811         47.7913098713135           03 Jul 2026 06:41:00.621   541.9525666870495         48.27773555457313         167.6925443161819          541.4582014614416         03 Jul 2026 06:41:00.621   48.5050613355104          -72.48232994502578         541.7434420908075         03 Jul 2026 06:41:00.621   
49.64622143440985         56.21720413186315          03 Jul 2026 06:42:34.528   541.7713203391522         49.47954707890651         176.0818890890078          541.2749828427177         03 Jul 2026 06:42:34.528   49.72335105018149         -64.05726318206881         541.5170991015939         03 Jul 2026 06:42:34.528   
50.12983514234631         64.94785158661806          03 Jul 2026 06:44:08.428   541.359922568402          49.9887441247342          -175.2184938015502         540.8666115975784         03 Jul 2026 06:44:08.428   50.24368389252606         -55.3126262672462          541.0630418644996         03 Jul 2026 06:44:08.428   
49.89040794507898         73.72516113123297          03 Jul 2026 06:45:42.316   540.7181356340652         49.7784173844986          -166.4622855025638         540.2323688488459         03 Jul 2026 06:45:42.316   50.03815773925304         -46.50740907224822         540.3808085502342         03 Jul 2026 06:45:42.316   
48.94075918213372         82.28127255587384          03 Jul 2026 06:47:16.188   539.8552942290435         48.85975056186703         -157.9149185526358         539.3810749275253         03 Jul 2026 06:47:16.188   49.11782345777193         -37.91334423521498         539.4795309464125         03 Jul 2026 06:47:16.188   
47.32913007854656         90.39321965970368          03 Jul 2026 06:48:50.041   538.7900754049597         47.27925320700968         -149.7995857001189         538.330899656592          03 Jul 2026 06:48:50.041   47.52990858604128         -29.75885855141524         538.3777419889693         03 Jul 2026 06:48:50.041   
45.12833488508436         97.91695044445427          03 Jul 2026 06:50:23.872   537.549930973787          45.10831395892345         -142.26265035091           537.1088263643214         03 Jul 2026 06:50:23.872   45.3470530604195          -22.19317366321597         537.1028428895961         03 Jul 2026 06:50:23.872   
42.42233789712455         104.7920434344378          03 Jul 2026 06:51:57.677   536.1701293750393         42.42998090266419         -135.3677195228722         535.7497147643489         03 Jul 2026 06:51:57.677   42.65368179072326         -15.28034927746013         535.6901705082282         03 Jul 2026 06:51:57.677   
39.29491485299703         111.0250751773291          03 Jul 2026 06:53:31.454   534.6924174988681         39.3276119565214          -129.1112308843504         534.2949725259523         03 Jul 2026 06:53:31.454   39.53435698111556         -9.015671264828644         534.181674384412          03 Jul 2026 06:53:31.454   
35.82272842350439         116.6653684561579          03 Jul 2026 06:55:05.203   533.1634791609631         35.87781967617744         -123.4461843484376         532.7910109097083         03 Jul 2026 06:55:05.203   36.06659626844772         -3.350302402828025         532.6243813765805         03 Jul 2026 06:55:05.203   
32.07241321937205         121.7837589133377          03 Jul 2026 06:56:38.922   531.6331821460635         32.14740700771099         -118.3032958277494         531.287479360436          03 Jul 2026 06:56:38.922   32.31780778337384         1.786924917187557          531.06863671463           03 Jul 2026 06:56:38.922   
28.10007369403564         126.4582831332318          03 Jul 2026 06:58:12.612   530.1525697701918         28.19274919161854         -113.6054467061256         529.835240221174          03 Jul 2026 06:58:12.612   28.34472822263551         6.474745974865784          529.5660761827921         03 Jul 2026 06:58:12.612   
23.95234283087389         130.7657351249821          03 Jul 2026 06:59:46.276   528.7718653843967         24.0607772516905          -109.2763192485644         528.4843528478405         03 Jul 2026 06:59:46.276   24.19447475471011         10.79073761233475          528.1676025026754         03 Jul 2026 06:59:46.276   
19.66819515683695         134.7775270350207          03 Jul 2026 07:01:19.914   527.5385459395075         19.79074931111195         -105.2447038665728         527.2821265970197         03 Jul 2026 07:01:19.914   19.90637548367385         14.80703384434458          526.9214225453907         03 Jul 2026 07:01:19.914   
15.28051217762975         138.5586449564209          03 Jul 2026 07:02:53.522   526.495374502887          15.41579781781335         -101.4456641686416         526.2711394505886         03 Jul 2026 07:02:53.522   15.51355873771157         18.58922349146795          525.8710352966636         03 Jul 2026 07:02:53.522   
10.81727669977022         142.1682047200003          03 Jul 2026 07:04:27.105   525.6785890087576         10.96411831947099         -97.82006109053633         525.4874211549895         03 Jul 2026 07:04:27.105   11.04416905760464         22.19689251836829          525.053373766912          03 Jul 2026 07:04:27.105   
6.303034905969372         145.6603272578383          03 Jul 2026 07:06:00.668   525.1164977963845         6.460430572654862         -94.31373042821906         524.9590470360699         03 Jul 2026 07:06:00.668   6.522846860271768         25.68450621458266          524.4973560187682         03 Jul 2026 07:06:00.668   
1.760080608884263         149.0854747822546          03 Jul 2026 07:07:34.215   524.8283466204366         1.927164631851496         -90.87618019095207         524.7050105196431         03 Jul 2026 07:07:34.215   1.971925339165995         29.10276018418442          524.2227106699238         03 Jul 2026 07:07:34.215   
-2.790569962773263        152.4919692715052          03 Jul 2026 07:09:07.753   524.8235393050672         -2.614562255272951        -87.45909474041817         524.7344546013474         03 Jul 2026 07:09:07.753   -2.587586713928001        32.50011499027917          524.2391628088535         03 Jul 2026 07:09:07.753   
-7.328363262368102        155.9276036026645          03 Jul 2026 07:10:41.291   525.101276913133          -7.144129744858439        -84.01474112967877         525.0463246037907         03 Jul 2026 07:10:41.291   -7.135185993108227        35.92442249890857          524.5460484513133         03 Jul 2026 07:10:41.291   
-11.83215444422372        159.4410680421747          03 Jul 2026 07:12:14.834   525.650612335653          -11.64036200114429        -80.49455926001234         525.6294336227375         03 Jul 2026 07:12:14.834   -11.64981929741911        39.42436785766694          525.1323539207724         03 Jul 2026 07:12:14.834   
-16.27928248631896        163.0834862566592          03 Jul 2026 07:13:48.389   526.4508961012052         -16.08060686347718        -76.84764274688455         526.462916927776          03 Jul 2026 07:13:48.389   -16.10895992828635        43.0510227188735           525.977157948796          03 Jul 2026 07:13:48.389   
-20.64462175526949        166.9099580332123          03 Jul 2026 07:15:21.962   527.4726391394706         -20.43979498599066        -73.01921453588679         527.5170981964857         03 Jul 2026 07:15:21.962   -20.48766232759174        46.85941068963969          527.0505027271802         03 Jul 2026 07:15:21.962   
-24.89916192115531        170.9806495804795          03 Jul 2026 07:16:55.553   528.6786587762845         -24.689032221515          -68.94955508535001         528.7546297674335         03 Jul 2026 07:16:55.553   -24.75714427323635        50.90963391289985          528.3145541009771         03 Jul 2026 07:16:55.553   
-29.00909342856817        175.3620966988216          03 Jul 2026 07:18:29.165   530.0257073699076         -28.79470175470724        -64.5727123499442          530.1321139091024         03 Jul 2026 07:18:29.165   -28.88387466296062        55.26823116135223          529.7252607794408         03 Jul 2026 07:18:29.165   
-32.93410978336426        -179.8728283088729         03 Jul 2026 07:20:02.804   531.4662264536009         -32.71678911913732        -59.816531716196           531.6018397101825         03 Jul 2026 07:20:02.804   -32.82787017734722        60.00823626114563          531.2341382583891         03 Jul 2026 07:20:02.804   
-36.62571114680782        -174.6465811635292         03 Jul 2026 07:21:36.473   532.9502634936471         -36.40721132718464        -54.60427688884195         533.1136803325562         03 Jul 2026 07:21:36.473   -36.54097970837314        65.20765378632569          532.7902182706175         03 Jul 2026 07:21:36.473   
-40.02556435617592        -168.8818482948977         03 Jul 2026 07:23:10.173   534.4274185766326         -39.808198355575          -48.85940895747337         534.6170195343439         03 Jul 2026 07:23:10.173   -39.96519922456891        70.94475375598681          534.3420253664917         03 Jul 2026 07:23:10.173   
-43.06484980720692        -162.5108832485557         03 Jul 2026 07:24:43.906   535.8489085490246         -42.85164154966213        -42.51466974837312         536.0628012688067         03 Jul 2026 07:24:43.906   -43.03193560581678        77.2889647693876           535.8396740499466         03 Jul 2026 07:24:43.906   
-45.66492624282279        -155.4918148628676         03 Jul 2026 07:26:17.671   537.1694126429529         -45.45971216381754        -35.52796916223298         537.4053647867922         03 Jul 2026 07:26:17.671   -45.66253637469693        84.28474140220384          537.2367363703925         03 Jul 2026 07:26:17.671   
-47.74119923914036        -147.8307944064149         03 Jul 2026 07:27:51.468   538.3488559728876         -47.5486005566443         -27.90400027120684         538.604228274954          03 Jul 2026 07:27:51.468   -47.77198647472506        91.92933756461339          538.4920471117439         03 Jul 2026 07:27:51.468   
-49.21103133687688        -139.6056716640205         03 Jul 2026 07:29:25.293   539.3539043450319         -49.03619619156665        -19.71751791046502         539.6255928800629         03 Jul 2026 07:29:25.293   -49.27666730250192        100.1485390353479          539.5712119328864         03 Jul 2026 07:29:25.293   
-50.0057706861238         -130.9796745751135         03 Jul 2026 07:30:59.140   540.1591707965244         -49.85383230663296        -11.12719903713216         540.4435684633127         03 Jul 2026 07:30:59.140   -50.10637037041452        108.7817913000436          540.4478216062353         03 Jul 2026 07:30:59.140   
-50.08425236013591        -122.1896414118769         03 Jul 2026 07:32:33.004   540.7481918600588         -49.95959477755028        -2.364961754930706         541.0411791652141         03 Jul 2026 07:32:33.004   -50.21803339943805        117.5926115706402          541.1044422280183         03 Jul 2026 07:32:33.004   
-49.44222986375028        -113.5061212146587         03 Jul 2026 07:34:06.883   541.1138676123201         -49.34781244150923        6.302282527496861          541.4108356031229         03 Jul 2026 07:34:06.883   -49.60561954213906        126.3078957338061          541.5330565648665         03 Jul 2026 07:34:06.883   
-48.11346125992629        -105.1777274714259         03 Jul 2026 07:35:40.771   541.2585767819737         -48.05048390209908        14.62705027441663          541.5544851980667         03 Jul 2026 07:35:40.771   -48.30165723103609        134.6743474554168          541.7351838469403         03 Jul 2026 07:35:40.771   
-46.16169894192046        -97.38539921653705         03 Jul 2026 07:37:14.662   541.1939116002977         -46.12971491566828        22.4270161681748           541.4833804537802         03 Jul 2026 07:37:14.662   -46.36944297439712        142.5059169813163          541.7216237718121         03 Jul 2026 07:37:14.662   
-43.66759542258586        -90.22482128818625         03 Jul 2026 07:38:48.556   540.9400002503535         -43.66494297704194        29.60360664264626          541.2174285890287         03 Jul 2026 07:38:48.556   -43.88985239079071        149.7028738879023          541.5117893974111         03 Jul 2026 07:38:48.556   
-40.71614766292603        -83.71595195626826         03 Jul 2026 07:40:22.447   540.5244916849006         -40.74046985624807        36.13367742196856          540.7841958753816         03 Jul 2026 07:40:22.447   -40.94851586679565        156.2428746534611          541.1327023490585         03 Jul 2026 07:40:22.447   
-37.38773507439042        -77.82531920524701         03 Jul 2026 07:41:56.334   539.98122678462           -37.43641843225242        42.04800366124788          540.2175880324148         03 Jul 2026 07:41:56.334   -37.6265888574096         162.1584838148522          540.6176805755622         03 Jul 2026 07:41:56.334   
-33.75355608111104        -72.48932493881379         03 Jul 2026 07:43:30.213   539.3486583408303         -33.8240233195333         47.40824804375877          539.5562697678879         03 Jul 2026 07:43:30.213   -33.99600929623607        167.5133645483974          540.0047742312418         03 Jul 2026 07:43:30.213   
-29.87420818112529        -67.63168054684921         03 Jul 2026 07:45:04.083   538.6680592055145         -29.96407772448933        52.28947307175694          538.8418625401109         03 Jul 2026 07:45:04.083   -30.11799327383689        172.3843634872934          539.3349905362475         03 Jul 2026 07:45:04.083   
-25.80060389044446        -63.17470767268884         03 Jul 2026 07:46:37.936   537.9816831987346         -25.90775345265661        56.76866284136993          538.117091972671          03 Jul 2026 07:46:37.936   -26.04392992892748        176.8498807452723          538.6504684891506         03 Jul 2026 07:46:37.936   
-21.57488388512287        -59.04433122442384         03 Jul 2026 07:48:11.771   537.330731354592          -21.69746046822949        60.91955242954739          537.4237288421918         03 Jul 2026 07:48:11.771   -21.81630547611555        -179.0153032456196         537.9924573373974         03 Jul 2026 07:48:11.771   
-17.23216859445451        -55.17251255149692         03 Jul 2026 07:49:45.590   536.753481833025          -17.36856870068155        64.81005117263017          536.8006972039484         03 Jul 2026 07:49:45.590   -17.47047618341388        -175.1425444093329         537.3994497835738         03 Jul 2026 07:49:45.590   
-12.80226607365483        -51.49760594893927         03 Jul 2026 07:51:19.393   536.283555899151          -12.95110330595851        68.50178622163605          536.2823209078279         03 Jul 2026 07:51:19.393   -13.03639847925673        -171.4697177255846         536.9054467567839         03 Jul 2026 07:51:19.393   
-8.311006991807171        -47.96349586667736         03 Jul 2026 07:52:53.182   535.9483645877335         -8.471076684013674        72.05090074733107          535.8967524563541         03 Jul 2026 07:52:53.182   -8.539982340854079        -167.9403531478285         536.5383961334546         03 Jul 2026 07:52:53.182   
-3.781386180235396        -44.51828001048988         03 Jul 2026 07:54:26.962   535.7678472369817         -3.951630915210921        75.50932938794467          535.6646981075446         03 Jul 2026 07:54:26.962   -4.004246303933955        -164.5023068242547         536.3189162335257         03 Jul 2026 07:54:26.962   
0.7651761161307143        -41.11296726232304         03 Jul 2026 07:56:00.735   535.7535588957653         0.5856995872251639        78.92607227552372          535.5984994692562         03 Jul 2026 07:56:00.735   0.5494120634589905        -161.1064438060257         536.2593649449991         03 Jul 2026 07:56:00.735   
5.308053672579924         -37.69982479908821         03 Jul 2026 07:57:34.506   535.9081099745827         5.120205750892556         82.34882871193861          535.7015664028395         03 Jul 2026 07:57:34.506   5.100430797799608         -157.7049706239842         536.3632536931373         03 Jul 2026 07:57:34.506   
9.826588414971246         -34.23078860902009         03 Jul 2026 07:59:08.279   536.2250381137792         9.631178159074821         85.82557009988793          535.9682446416919         03 Jul 2026 07:59:08.279   9.628256202560692         -154.2498319721267         536.6250902502989         03 Jul 2026 07:59:08.279   
14.29897580083285         -30.65608088163428         03 Jul 2026 08:00:42.059   536.6890719724333         14.09679544633157         89.40590589880252          536.3840776732995         03 Jul 2026 08:00:42.059   14.11122887222302         -150.6913123657543         537.0306150284441         03 Jul 2026 08:00:42.059   
18.70144443377156         -26.92257796020149         03 Jul 2026 08:02:15.850   537.2768080396709         18.493309381829           93.14269873861855          536.9264744418133         03 Jul 2026 08:02:15.850   18.52576654059232         -146.9763849376758         537.5574457229905         03 Jul 2026 08:02:15.850   
23.00704145756747         -22.97248375296298         03 Jul 2026 08:03:49.654   537.9577403393905         22.79384008775125         97.09337289771516          537.5657279708257         03 Jul 2026 08:03:49.654   22.84515297469831         -143.0473549433318         538.1760786671402         03 Jul 2026 08:03:49.654   
27.18432945659149         -18.74223071746342         03 Jul 2026 08:05:23.470   538.6956160665877         26.96708722251465         101.3209979481548          538.2663528361209         03 Jul 2026 08:05:23.470   27.03823728641695         -138.8407123927433         538.8512168445286         03 Jul 2026 08:05:23.470   
31.19610757314648         -14.16178850611807         03 Jul 2026 08:06:57.299   539.4501034617606         30.97607018227143         105.8949751977124          538.9887270932259         03 Jul 2026 08:06:57.299   31.06815362740968         -134.2863627702595         539.5434091592642         03 Jul 2026 08:06:57.299   
34.99774513603161         -9.155430162047148         03 Jul 2026 08:08:31.142   540.1786199975013         34.77648518004038         110.8902938738519          539.6908925056123         03 Jul 2026 08:08:31.142   34.89064192116277         -129.3082680368314         540.2108564220898         03 Jul 2026 08:08:31.142   
38.53556333091233         -3.64482516211132          03 Jul 2026 08:10:05.000   540.838271109511          38.3151100973297          116.3845183229255          540.3304628432297         03 Jul 2026 08:10:05.000   38.45239561941995         -123.8273547467379         540.8113312183896         03 Jul 2026 08:10:05.000   
41.74551381692618         2.443714821405196          03 Jul 2026 08:11:38.873   541.387789128401          41.52849511577946         122.4507260046804          540.8665339953641         03 Jul 2026 08:11:38.873   41.68966994033121         -117.7685185315252         541.3041043261801         03 Jul 2026 08:11:38.873   
44.55308339755685         9.166164386222297          03 Jul 2026 08:13:12.758   541.7894260940402         44.34284659012384         129.1447691621654          541.2615517458271         03 Jul 2026 08:13:12.758   44.52806546466979         -111.073456468882          541.6518295442502         03 Jul 2026 08:13:12.758   
46.87566491432769         16.54129776412204          03 Jul 2026 08:14:46.656   542.0107210638944         46.67631294122182         136.4862661642803          541.4830619724717         03 Jul 2026 08:14:46.656   46.88472723208618         -103.7200757464592         541.8223067883027         03 Jul 2026 08:14:46.656   
48.62838595388338         24.52639104612395          03 Jul 2026 08:16:20.562   542.0260107540225         48.44463498701133         144.4347837283094          541.5052158826284         03 Jul 2026 08:16:20.562   48.67398490097028         -95.74713904609182         541.7899999804295         03 Jul 2026 08:16:20.562   
49.73445292012995         32.99703933640814          03 Jul 2026 08:17:54.469   541.8177068497271         49.57123032870827         152.8697756058077          541.3100529778467         03 Jul 2026 08:17:54.469   49.81759403880348         -87.27545528400614         541.5373283007939         03 Jul 2026 08:17:54.469   
50.13865346366723         41.74621874082099          03 Jul 2026 08:19:28.370   541.3772312612209         50.00045553106995         161.5889813577232          540.8884562781113         03 Jul 2026 08:19:28.370   50.25836345329439         -78.5103144065054          541.0556176288082         03 Jul 2026 08:19:28.370   
49.81930442500349         50.51176820503506          03 Jul 2026 08:21:02.258   540.7055404570774         49.70949464836313         170.3344617932391          540.2407086124949         03 Jul 2026 08:21:02.258   49.97250357521816         -69.71516791926133         540.3456533852022         03 Jul 2026 08:21:02.258   
48.7934728939363          59.02844159514878          03 Jul 2026 08:22:36.131   539.8132170301478         48.71380553785498         178.8431600143926          539.3766260567809         03 Jul 2026 08:22:36.131   48.97538204322157         -61.15943794138067         539.4178046009838         03 Jul 2026 08:22:36.131   
47.11274382238791         67.0808183702995           03 Jul 2026 08:24:09.984   538.7202087877031         47.06330274064324         -173.1007383305074         538.3153418426091         03 Jul 2026 08:24:09.984   47.31766986852795         -53.06409346181186         538.2918026948864         03 Jul 2026 08:24:09.984   
44.85181701232721         74.53437009061662          03 Jul 2026 08:25:43.815   537.4551823946404         44.83133476031902         -165.6341017663334         537.084705486348          03 Jul 2026 08:25:43.815   45.07398384160108         -45.56872105104078         536.9961344519479         03 Jul 2026 08:25:43.815   
42.09508476295294         81.33723747096286          03 Jul 2026 08:27:17.620   536.0544783045234         42.10144090090645         -158.8118874849588         535.7202800827954         03 Jul 2026 08:27:17.620   42.32923592109904         -38.72861784692623         535.5670337453912         03 Jul 2026 08:27:17.620   
38.92582723861122         87.50181951030169          03 Jul 2026 08:28:51.398   534.5607708690795         38.95652209083583         -152.6245757322615         534.2640359411571         03 Jul 2026 08:28:51.398   39.16751733595943         -32.5330609247049          534.0471741807232         03 Jul 2026 08:28:51.398   
35.41974612532108         93.08066834045511          03 Jul 2026 08:30:25.147   533.0214558825228         35.47224514887352         -147.0218112516645         532.7627610517438         03 Jul 2026 08:30:25.147   35.66538594910106         -26.92985466547908         532.4840802858716         03 Jul 2026 08:30:25.147   
31.64224051839394         98.14612058510335          03 Jul 2026 08:31:58.865   531.4867897720706         31.71417706842523         -141.9327163141091         531.2662121914909         03 Jul 2026 08:31:58.865   31.88900384158253         -21.84625838933562         530.9282782507198         03 Jul 2026 08:31:58.865   
27.64829384941192         102.7763942147205          03 Jul 2026 08:33:32.555   530.0079480670674         27.73756190263734         -137.2799347211827         529.8251722642226         03 Jul 2026 08:33:32.555   27.89397212588927         -17.20332532555318         529.4313533874683         03 Jul 2026 08:33:32.555   
23.48367383410406         107.0477504860609          03 Jul 2026 08:35:06.218   528.6350356300909         23.58845099409493         -132.9876537065246         528.4894491690684         03 Jul 2026 08:35:06.218   23.7265286060102          -12.9240055559187          528.0439449781452         03 Jul 2026 08:35:06.218   
19.18645694846391         111.0310570996292          03 Jul 2026 08:36:39.855   527.4150709281466         19.30519006462445         -128.9851975270666         527.3058427371552         03 Jul 2026 08:36:39.855   19.42509111020308         -8.93671513795625          526.8137008569838         03 Jul 2026 08:36:39.855   
14.78903120346874         114.7905021626122          03 Jul 2026 08:38:13.464   526.3901933219659         14.92040360623412         -125.2084289685072         526.3163270602472         03 Jul 2026 08:38:13.464   15.02228463078198         -5.176674002680905         525.7834441354998         03 Jul 2026 08:38:13.464   
10.31892766545889         118.3846049858455          03 Jul 2026 08:39:47.047   525.595783301851          10.46182262562834         -121.5988116949028         525.5561538235861         03 Jul 2026 08:39:47.047   10.54579386293051         -1.58490433877786          524.9892422922685         03 Jul 2026 08:39:47.047   
5.800394363042953         121.8670120585998          03 Jul 2026 08:41:20.609   525.0591483890857         5.95385716119166          -118.1026647131245         525.0525158312212         03 Jul 2026 08:41:20.609   6.019954248535441         1.892573690514992          524.4590407214946         03 Jul 2026 08:41:20.609   
1.25551258956838          125.2878959623663          03 Jul 2026 08:42:54.158   524.7984348855289         1.418714393570243         -114.6697951623243         524.823443957479          03 Jul 2026 08:42:54.158   1.466880300309466         5.306156304653202          524.2115214887754         03 Jul 2026 08:42:54.158   
-3.294835159550224        128.695476720614           03 Jul 2026 08:44:27.699   524.8219102550429         -3.122631552043247        -111.2519989036937         524.8770810539554         03 Jul 2026 08:44:27.699   -3.092558915691821        8.70419377217709           524.2553379716755         03 Jul 2026 08:44:27.699   
-7.830014834755552        132.1375323638214          03 Jul 2026 08:46:01.240   525.1276464970315         -7.649488714821818        -107.801567498982          525.2113627256176         03 Jul 2026 08:46:01.240   -7.637785492147729        12.13451665598374          524.588759624974          03 Jul 2026 08:46:01.240   
-12.32876047683273        135.6629547773329          03 Jul 2026 08:47:34.787   525.7036106480036         -12.14056835808022        -104.2697486348466         525.8141108824238         03 Jul 2026 08:47:34.787   -12.14763149537497        15.64600716730093          525.1997365759671         03 Jul 2026 08:47:34.787   
-16.76821749321432        139.3232675338155          03 Jul 2026 08:49:08.347   526.5281628508692         -16.57303256811708        -100.6052455262453         526.6635380910038         03 Jul 2026 08:49:08.347   -16.59938365193829        19.29013485082831          526.0663862306865         03 Jul 2026 08:49:08.347   
-21.12268257970447        143.1738967780026          03 Jul 2026 08:50:41.922   527.5708833076915         -20.92124241151982        -96.75296466454229         527.7290810094873         03 Jul 2026 08:50:41.922   -20.96752539259143        23.12225280469927          527.1578213597413         03 Jul 2026 08:50:41.922   
-25.36286015658095        147.275820921272           03 Jul 2026 08:52:15.515   528.7938985858646         -25.15602608305933        -92.65238397603892         528.9727357023085         03 Jul 2026 08:52:15.515   -25.22299730895159        27.20328329965166          528.4354988062296         03 Jul 2026 08:52:15.515   
-29.45433669989759        151.6963402433044          03 Jul 2026 08:53:49.131   530.1534281096447         -29.24317114577087        -88.23679614266639         530.3506065532092         03 Jul 2026 08:53:49.131   -29.33167154657951        31.60054814737558          529.8547958472009         03 Jul 2026 08:53:49.131   
-33.35591045657539        156.5088972187249          03 Jul 2026 08:55:22.773   531.6015327622163         -33.14177703331823        -83.43348217238305         531.8146535077931         03 Jul 2026 08:55:22.773   -33.25267427303974        36.38768639882244          531.3667965279474         03 Jul 2026 08:55:22.773   
-37.01803997359501        161.7912713851439          03 Jul 2026 08:56:56.444   533.0880839382926         -36.80272869418258        -78.16546746156853         533.31465620581           03 Jul 2026 08:56:56.444   -36.9368127618566         41.64299593000765          532.920305910865          03 Jul 2026 08:56:56.444   
-40.38130534777277        167.620349540531           03 Jul 2026 08:58:30.146   534.5627494456867         -40.16717809553644        -72.35661898295646         534.8001903645227         03 Jul 2026 08:58:30.146   -40.32498756285867        47.44440688735747          534.4638790489025         03 Jul 2026 08:58:30.146   
-43.37567930896502        174.0618307135515          03 Jul 2026 09:00:03.881   535.9769740714473         -43.16581351388002        -65.94167287512552         536.2225969174597         03 Jul 2026 09:00:03.881   -43.34737307241068        53.85941735467566          535.947841237974          03 Jul 2026 09:00:03.881   
-45.92165961402863        -178.8464841359937         03 Jul 2026 09:01:37.649   537.2859079734299         -45.71993941520515        -58.88251292856725         537.5368993284746         03 Jul 2026 09:01:37.649   -45.92440996759923        60.92853798081956          537.3262514270218         03 Jul 2026 09:01:37.649   
-47.93438841291563        -171.1176495931408         03 Jul 2026 09:03:11.448   538.4501020797898         -47.74545760571641        -51.19059884591415         538.7034901673978         03 Jul 2026 09:03:11.448   -47.97074944497792        68.6422055617211           538.5586210192678         03 Jul 2026 09:03:11.448   
-49.33213108876649        -162.8387143790939         03 Jul 2026 09:04:45.274   539.437010826824          -49.16110919126996        -42.94974952518641         539.689630408212          03 Jul 2026 09:04:45.274   -49.40359103248277        76.9169730858291           539.6114328892236         03 Jul 2026 09:04:45.274   
-50.04867339379122        -154.1821681295659         03 Jul 2026 09:06:19.120   540.2221892842108         -49.90059277282368        -34.32785537401338         540.4706499542717         03 Jul 2026 09:06:19.120   -50.15509169852054        85.58280860401162          540.4593456784714         03 Jul 2026 09:06:19.120   
-50.04662350664697        -145.3910275755769         03 Jul 2026 09:07:52.984   540.7902017654287         -49.92569612496544        -25.56312727656741         541.0308667200034         03 Jul 2026 09:07:52.984   -50.18593573379654        94.39668722947702          541.0861083361642         03 Jul 2026 09:07:52.984   
-49.32609359453997        -136.7361153306569         03 Jul 2026 09:09:26.861   541.135024746337          -49.23506815063008        -16.92301441555354         541.3640071946184         03 Jul 2026 09:09:26.861   -49.49448208104327        103.0848699205442          541.4849570613469         03 Jul 2026 09:09:26.861   
-47.92472016282965        -128.4603656197331         03 Jul 2026 09:11:00.745   541.260106754391          -47.86459756223784        -8.649614672043922         541.4732904223401         03 Jul 2026 09:11:00.745   -48.11722262419994        111.3995454933667          541.6586696409076         03 Jul 2026 09:11:00.745   
-45.90873132889548        -120.7352155586504         03 Jul 2026 09:12:34.637   541.1780467235703         -45.87892011793936        -0.9159405295686289        541.371132071482          03 Jul 2026 09:12:34.637   -46.120025864765          119.1641907205011          541.6192451601655         03 Jul 2026 09:12:34.637   
-43.35986355708537        -113.6473708304861         03 Jul 2026 09:14:08.529   540.909862036794          -43.35862372723798        6.18837519445031           541.0784414245754         03 Jul 2026 09:14:08.529   -43.5849241000198         126.2882151060634          541.3871674487254         03 Jul 2026 09:14:08.529   
-40.36294542011042        -107.2096292113914         03 Jul 2026 09:15:42.418   540.4839352936751         -40.38790045469221        12.64741931753548          540.62359174828           03 Jul 2026 09:15:42.418   -40.59742006109789        132.7566267443904          540.9903602290551         03 Jul 2026 09:15:42.418   
-36.99748682365819        -101.384117893258          03 Jul 2026 09:17:16.303   539.9346401664388         -37.04604310082921        18.49647966420316          540.0410652449536         03 Jul 2026 09:17:16.303   -37.23781298763859        138.6065426251409          540.4628216947794         03 Jul 2026 09:17:16.303   
-33.33347123149998        -96.10503178522812         03 Jul 2026 09:18:50.181   539.3007215472035         -33.40309278750843        23.79953163464477          539.369844118919          03 Jul 2026 09:18:50.181   -33.57682283635462        143.9039282833614          539.8430176185766         03 Jul 2026 09:18:50.181   
-29.43041405651909        -91.29560281658183         03 Jul 2026 09:20:24.048   538.6235247555924         -29.5187683505821         28.63219590390227          538.6516433843153         03 Jul 2026 09:20:24.048   -29.67457335111851        148.7261579533788          539.1721248002741         03 Jul 2026 09:20:24.048   
-25.3382266491782         -86.87840671997746         03 Jul 2026 09:21:57.899   537.9451223260739         -25.44324128003561        33.07125427140972          537.9290329726555         03 Jul 2026 09:21:57.899   -25.58144090557832        153.1513964712082          538.4921730470078         03 Jul 2026 09:21:57.899   
-21.09824079443225        -82.78001499879987         03 Jul 2026 09:23:31.728   537.3063038227474         -21.21811007897323        37.18982549239785          537.2434083549115         03 Jul 2026 09:23:31.728   -21.33909232928437        157.2537801506317          537.8440467800228         03 Jul 2026 09:23:31.728   
-16.74486120623462        -78.93305635686127         03 Jul 2026 09:25:05.541   536.7447198922664         -16.87802570509316        41.05516766913623          536.6331137663747         03 Jul 2026 09:25:05.541   -16.98215961347897        161.101280648822           537.2656331019734         03 Jul 2026 09:25:05.541   
-12.30736164572389        -75.27653317979916         03 Jul 2026 09:26:39.337   536.2932080240244         -12.45247588192753        44.72826686194782          536.1317465028997         03 Jul 2026 09:26:39.337   -12.54005832740807        164.7553670215615          536.7901468843693         03 Jul 2026 09:26:39.337   
-7.81115637358383         -71.75484096469091         03 Jul 2026 09:28:13.120   535.9782838757774         -7.967054226813543        48.26475715808613          535.7666222898079         03 Jul 2026 09:28:13.120   -8.038277120039425        168.2719901377797          536.4446139682232         03 Jul 2026 09:28:13.120   
-3.279080279387872        -68.3165367086463          03 Jul 2026 09:29:46.894   535.8189384131201         -3.444741043409411        51.7161128545076           535.5575501581679         03 Jul 2026 09:29:46.894   -3.499671113479075        171.7028276003248          536.2486541602239         03 Jul 2026 09:29:46.894   
1.267684486879832         -64.91277692060793         03 Jul 2026 09:31:20.663   535.8257558186197         1.093167946068671         55.13118488876943          535.5159290877064         03 Jul 2026 09:31:20.663   1.054603040567123         175.0968610713277          536.2135779509181         03 Jul 2026 09:31:20.663   
5.808550496241076         -61.49588152344754         03 Jul 2026 09:32:54.430   536.0004166119998         5.626002619969553         58.55761764548159          535.6442365621169         03 Jul 2026 09:32:54.430   5.604024323076983         178.5018275848942          536.3418660986208         03 Jul 2026 09:32:54.430   
10.32278587493537         -58.01767521824755         03 Jul 2026 09:34:28.202   536.3355972080499         10.13297937841451         62.04349178553917          535.9359148582644         03 Jul 2026 09:34:28.202   10.1279670484887          -178.0341076552152         536.6270410781808         03 Jul 2026 09:34:28.202   
14.78841532107121         -54.42809153962379         03 Jul 2026 09:36:01.982   536.8152619662542         14.59210524023094         65.63870376772027          536.375656821202          03 Jul 2026 09:36:01.982   14.60460268051383         -174.4609389934218         537.0539343716455         03 Jul 2026 09:36:01.982   
19.18132187209191         -50.67360424754045         03 Jul 2026 09:37:35.773   537.4153524165395         18.97928529274717         69.39651753911789          536.9400879711666         03 Jul 2026 09:37:35.773   19.01000465579744         -170.7252311519253         537.599349958793          03 Jul 2026 09:37:35.773   
23.47418539386728         -46.69577869581543         03 Jul 2026 09:39:09.579   538.1048520909762         23.26727089131069         73.37499531076963          537.5988251624885         03 Jul 2026 09:39:09.579   23.31709060344841         -166.768639494474          538.2331065078915         03 Jul 2026 09:39:09.579   
27.6350902046092          -42.43024783158189         03 Jul 2026 09:40:43.400   538.847148068503          27.42428185973492         77.63800621641359          538.3158318293754         03 Jul 2026 09:40:43.400   27.49423180312792         -162.5268346927558         538.9193820681921         03 Jul 2026 09:40:43.400   
31.62597041115565         -37.80638781570878         03 Jul 2026 09:42:17.236   539.6016504693735         31.41247125792492         82.25554694490194          539.0510276641317         03 Jul 2026 09:42:17.236   31.50369491378218         -157.9290946081684         539.6183205136849         03 Jul 2026 09:42:17.236   
35.4012400680124          -32.74800822383295         03 Jul 2026 09:43:51.085   540.3256719690889         35.18657860815983         87.30307619691747          539.7621532811754         03 Jul 2026 09:43:51.085   35.30025810751069         -152.8988653908573         540.287896946742          03 Jul 2026 09:43:51.085   
38.90612817517165         -27.17684406278405         03 Jul 2026 09:45:24.949   540.976357849755          38.69228773912207         92.8581069581338           540.406684802706          03 Jul 2026 09:45:24.949   38.82950859886208         -147.3570633889504         540.8858407926364         03 Jul 2026 09:45:24.949   
42.07536524678336         -21.02048593311489         03 Jul 2026 09:46:58.827   541.512610913479          41.86492396413918         98.99246688248066          540.9437406809611         03 Jul 2026 09:46:58.827   42.02645340627249         -141.2297634780844         541.3715577139228         03 Jul 2026 09:46:58.827   
44.83342815564489         -14.22591554558646         03 Jul 2026 09:48:32.717   541.8970089971872         44.62967536316528         105.7591014443966          541.3359798060173         03 Jul 2026 09:48:32.717   44.81563904095805         -134.4615113496627         541.7080412517844         03 Jul 2026 09:48:32.717   
47.09704894764703         -6.780101971492869         03 Jul 2026 09:50:06.617   542.0975378870708         46.90401189243229         113.1719557013451          541.5513173194067         03 Jul 2026 09:50:06.617   47.11348434116667         -127.0358818985094         541.8636043608903         03 Jul 2026 09:50:06.617   
48.78170397651985         1.266004749239292          03 Jul 2026 09:51:40.525   542.0891299852674         48.60399273492377         121.1824352524766          541.5644507709922         03 Jul 2026 09:51:40.525   48.83459013401798         -118.9998952975338         541.8134155015105         03 Jul 2026 09:51:40.525   
49.81233986069497         9.778518272822733          03 Jul 2026 09:53:14.432   541.8549209059629         49.6547354423472          129.6605176474619          541.3581098086506         03 Jul 2026 09:53:14.432   49.90238532097197         -110.4840522458085         541.5407574095389         03 Jul 2026 09:53:14.432   
50.13695315116119         18.54245281395687          03 Jul 2026 09:54:48.332   541.387170394868          50.00376998472505         138.3958658673683          540.9239817893658         03 Jul 2026 09:54:48.332   50.2628657935091          -101.7019903731956         541.0379478579725         03 Jul 2026 09:54:48.332   
49.7380434545178          27.2927196653411           03 Jul 2026 09:56:22.221   540.6877520613843         49.63245668749325         147.1273750779729          540.263216427471          03 Jul 2026 09:56:22.221   49.89647401205158         -92.92051537377142         540.3068361773658         03 Jul 2026 09:56:22.221   
48.63685615994287         35.76704755198208          03 Jul 2026 09:57:56.092   539.7682640382718         48.56046785826268         155.5946956569851          539.3865594525059         03 Jul 2026 09:57:56.092   48.82286506954961         -84.40634531620383         539.3589271314495         03 Jul 2026 09:57:56.092   
46.88814729926771         43.75811614347926          03 Jul 2026 09:59:29.946   538.6496849253754         46.84096246337977         163.5899415785279          538.3140425637857         03 Jul 2026 09:59:29.946   47.09601153076345         -76.37235583351216         538.2150533439226         03 Jul 2026 09:59:29.946   
44.56831518098436         51.1408954034185           03 Jul 2026 10:01:03.776   537.3617235380489         44.54907044181045         170.9857272123673          537.0743691457083         03 Jul 2026 10:01:03.776   44.79233450680565         -68.94843649316519         536.9047496445473         03 Jul 2026 10:01:03.776   
41.76210450530126         57.87166052235939          03 Jul 2026 10:02:37.581   535.9417256009956         41.76875083375908         177.7353351145088          535.7038636591305         03 Jul 2026 10:02:37.581   41.99715881474545         -62.18148358111931         535.4651861428147         03 Jul 2026 10:02:37.581   
38.55215952892367         63.96848610752282          03 Jul 2026 10:04:11.358   534.4332396162772         38.58230961744518         -176.145887821823          534.2450797735837         03 Jul 2026 10:04:11.358   38.79395864347293         -56.0548707537445          533.9397635912701         03 Jul 2026 10:04:11.358   
35.01309387412795         69.48700084655945          03 Jul 2026 10:05:45.107   532.8843897378065         35.06434097184731         -170.6043707705277         532.7452092265557         03 Jul 2026 10:05:45.107   35.25819537731974         -50.51317702339436         532.3765164309871         03 Jul 2026 10:05:45.107   
31.20916400091326         74.50067317755892          03 Jul 2026 10:07:18.826   531.345988768152          31.27926670344592         -165.5680029036076         531.2542264795593         03 Jul 2026 10:07:18.826   31.45486727653353         -45.48245283939681         530.8262514887529         03 Jul 2026 10:07:18.826   
27.19426338600782         79.08779345181051          03 Jul 2026 10:08:52.516   529.8695197272827         27.28122887575265         -160.9592925859137         529.8228935654579         03 Jul 2026 10:08:52.516   27.43846115660742         -40.88365027479824         529.3405485549001         03 Jul 2026 10:08:52.516   
23.0132532575094          83.32411676095676          03 Jul 2026 10:10:26.179   528.5051408541785         23.11535627055391         -156.7028999649436         528.500776961625          03 Jul 2026 10:10:26.179   23.25428561065501         -36.64022433563392         527.9697750030728         03 Jul 2026 10:10:26.179   
18.70350899058106         87.2797862823671           03 Jul 2026 10:11:59.816   527.2996559484163         18.81927681153658         -152.7288603576986         527.3342228115634         03 Jul 2026 10:11:59.816   18.94003809106408         -32.68132743514832         526.7610531371811         03 Jul 2026 10:11:59.816   
14.29675606267925         91.01838115217916          03 Jul 2026 10:13:33.424   526.2946875619664         14.42493726525801         -148.9736432039903         526.3645240161495         03 Jul 2026 10:13:33.424   14.52766526544086         -28.94280497119107         525.7564175618363         03 Jul 2026 10:13:33.424   
9.820183281169491         94.59775426029222          03 Jul 2026 10:15:07.007   525.5249024418472         9.95971234367358          -145.3793833524943         525.6261378498193         03 Jul 2026 10:15:07.007   10.04449708247976         -25.36636266411648         524.9910117737099         03 Jul 2026 10:15:07.007   
5.297714345856316         98.07112832343265          03 Jul 2026 10:16:40.571   525.0166619899774         5.447675811585578         -141.8928308649644         525.1453199774351         03 Jul 2026 10:16:40.571   5.514534455697479         -21.89846003311481         524.49169997646           03 Jul 2026 10:16:40.571   
0.7512280338603979        101.4884056375596          03 Jul 2026 10:18:14.121   524.7870178323265         0.9108219022494713        -138.4640715540772         524.9391007519262         03 Jul 2026 10:18:14.121   0.9596808667928893        -18.48898451076692         524.276016104659          03 Jul 2026 10:18:14.121   
-3.798430722908879        104.8976595604101          03 Jul 2026 10:19:47.664   524.8430458732373         -3.629922113761044        -135.0450565012367         525.0146006716386         03 Jul 2026 10:19:47.664   -3.599239539528646        -15.08974322002824         524.3514475890761         03 Jul 2026 10:19:47.664   
-8.330588750730433        108.3467090403844          03 Jul 2026 10:21:21.207   525.1815784581559         -8.15383339829712         -131.588044318048          525.3687455849522         03 Jul 2026 10:21:21.207   -8.141616593696524        -11.65287269765323         524.7151187401805         03 Jul 2026 10:21:21.207   
-12.82383565275326        111.8846514833528          03 Jul 2026 10:22:54.757   525.7893570495926         -12.63948629154106        -128.0440843924222         525.9884042650274         03 Jul 2026 10:22:54.757   -12.64614462201228        -8.129290154916257         525.3539006357769         03 Jul 2026 10:22:54.757   
-17.25513618380488        115.5634407074794          03 Jul 2026 10:24:28.321   526.6436022381331         -17.06386908699488        -124.3614559401672         526.8509461140829         03 Jul 2026 10:24:28.321   -17.08993665232069        -4.467097229756572         526.2449493079575         03 Jul 2026 10:24:28.321   
-21.59841050626498        119.4390319721267          03 Jul 2026 10:26:01.900   527.7128685207163         -21.40097290611174        -120.4845415040469         527.9250855937544         03 Jul 2026 10:26:01.900   -21.44710638887261        -0.6104077423466128        527.3565385432521         03 Jul 2026 10:26:01.900   
-25.82383890240064        123.5730492246404          03 Jul 2026 10:27:35.498   528.958416377407          -25.62110806786891        -116.3521767416581         529.1722476810737         03 Jul 2026 10:27:35.498   -25.68807671935769        3.50235767930807           528.6494331213898         03 Jul 2026 10:27:35.498   
-29.89630711011324        128.0334655800443          03 Jul 2026 10:29:09.118   530.3357849191161         -29.68936727458832        -111.8969812370157         530.5481335625263         03 Jul 2026 10:29:09.118   -29.77802413531852        7.939216675650711          530.0784744130542         03 Jul 2026 10:29:09.118   
-33.77383590172284        132.8944087978713          03 Jul 2026 10:30:42.765   531.7966041795544         -33.56407754629402        -107.0455440044535         532.0045272900361         03 Jul 2026 10:30:42.765   -33.67529986627055        12.77453251951978          531.5944217085344         03 Jul 2026 10:30:42.765   
-37.40581957145908        138.2338437490827          03 Jul 2026 10:32:16.441   533.2905010866116         -37.19506311738456        -101.720686021674          533.4911967774779         03 Jul 2026 10:32:16.441   -37.32964302090835        18.08685067933479          533.1458974581483         03 Jul 2026 10:32:16.441   
-40.73168082013987        144.1280249146313          03 Jul 2026 10:33:50.149   534.7671316567948         -40.52231829431333        -95.84686639670709         534.9579213002435         03 Jul 2026 10:33:50.149   -40.68078237335371        23.95355807412969          534.681469088815          03 Jul 2026 10:33:50.149   
-43.68023180596979        150.640454939655           03 Jul 2026 10:35:23.889   536.1781345131085         -43.47536261994792        -89.36094553934907         536.3564411891457         03 Jul 2026 10:35:23.889   -43.65770066354305        30.44006819272879          536.1516530211511         03 Jul 2026 10:35:23.889   
-46.17112821500027        157.8045134355849          03 Jul 2026 10:36:57.662   537.4790653064574         -45.97463598567997        -82.22911946343555         537.6423890227916         03 Jul 2026 10:36:57.662   -46.17994387787979        37.58257927983168          537.5109011644445         03 Jul 2026 10:36:57.662   
-48.1193628739214         165.5999400751821          03 Jul 2026 10:38:31.464   538.6310440933839         -47.93584657905015        -74.46992252445531         538.7769366507355         03 Jul 2026 10:38:31.464   -48.16193970647348        45.36437215565047          538.7192895548951         03 Jul 2026 10:38:31.464   
-49.44428194855765        173.9304166967284          03 Jul 2026 10:40:05.294   539.6022548935725         -49.2787477331453         -66.17634524096695         539.7282963986981         03 Jul 2026 10:40:05.294   -49.52188675647728        53.69264213348615          539.7440533868948         03 Jul 2026 10:40:05.294   
-50.0822656097431         -177.3857071945469         03 Jul 2026 10:41:39.142   540.3691033378336         -49.93955063812287        -57.52546117857152         540.472884250099          03 Jul 2026 10:41:39.142   -50.19447618883849        62.38792427833452          540.5607664850313         03 Jul 2026 10:41:39.142   
-49.99981849834675        -168.5970237144611         03 Jul 2026 10:43:13.006   540.9171004221389         -49.88387279907089        -48.76125801244724         540.9962101008878         03 Jul 2026 10:43:13.006   -50.14428319052914        71.20122391825511          541.1542400638309         03 Jul 2026 10:43:13.006   
-49.20141630412068        -159.9739347269714         03 Jul 2026 10:44:46.882   541.2412158485149         -49.11470655030909        -40.15109649529048         541.2932435805897         03 Jul 2026 10:44:46.882   -49.37409018314445        79.85887561336443          541.5188721552104         03 Jul 2026 10:44:46.882   
-47.72837728408704        -151.7527288846593         03 Jul 2026 10:46:20.768   541.345904528589          -47.67166227401789        -31.93074615698193         541.368453759721          03 Jul 2026 10:46:20.768   -47.92417416058436        88.11957251283758          541.6586657479984         03 Jul 2026 10:46:20.768   
-45.64936100005597        -144.095924925543          03 Jul 2026 10:47:54.658   541.2447214009671         -45.62188493614506        -24.26447132092552         541.235440687874          03 Jul 2026 10:47:54.658   -45.86293681010878        95.81578986010624          541.5868270081564         03 Jul 2026 10:47:54.658   
-43.04694015158368        -137.0809299980972         03 Jul 2026 10:49:28.549   540.9595757756724         -43.04688736091678        -17.23260460652735         540.916202771692          03 Jul 2026 10:49:28.549   -43.27332029802395        102.8664434726419          541.3250057795303         03 Jul 2026 10:49:28.549   
-40.0056642642714         -130.7137445793175         03 Jul 2026 10:51:02.438   540.519620378318          -40.03065438407314        -10.84414941939518         540.4400398746493         03 Jul 2026 10:51:02.438   -40.24058393464797        109.2635541712946          540.9021688826315         03 Jul 2026 10:51:02.438   
-36.60409180044083        -124.9523703693698         03 Jul 2026 10:52:36.323   539.9598405669376         -36.65157445917731        -5.05954661743657          539.8421515929713         03 Jul 2026 10:52:36.323   -36.84408251651479        115.0485254721629          540.3531797560418         03 Jul 2026 10:52:36.323   
-32.91109922665494        -119.7292017922168         03 Jul 2026 10:54:10.201   539.31941857948           -32.97860611775148        0.1871087176017805         539.1620076991239         03 Jul 2026 10:54:10.201   -33.15341987900677        120.2892189468071          539.7171582933361         03 Jul 2026 10:54:10.201   
-28.98512377627605        -114.9670609576853         03 Jul 2026 10:55:44.066   538.6399244664062         -29.07039935664697        4.97194220081461           538.4415398638002         03 Jul 2026 10:55:44.066   -29.22762642108801        125.0634644938211          539.0356743625689         03 Jul 2026 10:55:44.066   
-24.87497960757983        -110.5887048303549         03 Jul 2026 10:57:17.912   537.9633938227935         -24.97602985702789        9.371617453048684          537.7232145312337         03 Jul 2026 10:57:17.912   -25.11596565154444        129.44926102394            538.3508334301478         03 Jul 2026 10:57:17.912   
-20.6211957353945         -106.5213839250773         03 Jul 2026 10:58:51.739   537.3303632033803         -20.73629004841359        13.45861123975385          537.0480574561907         03 Jul 2026 10:58:51.739   -20.85928794548493        133.5200643467924          537.7033221368465         03 Jul 2026 10:58:51.739   
-16.25750294829984        -102.6984303686535         03 Jul 2026 11:00:25.547   536.777999228163          -16.38515260134906        17.29949849137602          536.453768858385          03 Jul 2026 11:00:25.547   -16.49154053876854        137.3431342660108          537.1305467661259         03 Jul 2026 11:00:25.547   
-11.81263444581533        -99.05946889521641         03 Jul 2026 11:01:59.340   536.3384575227974         -11.95156063697721        20.95465279884275          535.9730706482305         03 Jul 2026 11:01:59.340   -12.04159042243633        140.9793070988002          536.6650010100202         03 Jul 2026 11:01:59.340   
-7.311760754990478        -95.5495129491086          03 Jul 2026 11:03:33.119   536.0374270958828         -7.46086053931145         24.47909374352819          535.6322366255617         03 Jul 2026 11:03:33.119   -7.534677167476254        144.4839061913785          536.3328150762618         03 Jul 2026 11:03:33.119   
-2.777430368468562        -92.11744497953343         03 Jul 2026 11:05:06.889   535.8929434431275         -2.93574427565726         27.9239712810979           535.4498895074785         03 Jul 2026 11:05:06.889   -2.993366011401364        147.9082759275533          536.1525649055975         03 Jul 2026 11:05:06.889   
1.769263041633011         -88.71465274015489         03 Jul 2026 11:06:40.653   535.9145839064477         1.602581954824439         31.33790479933702          535.4361855658908         03 Jul 2026 11:06:40.653   1.561276634951186         151.3011615321723          536.1344585289198         03 Jul 2026 11:06:40.653   
6.307786420457518         -85.29346943893468         03 Jul 2026 11:08:14.416   536.1030210514127         6.133502312628194         34.76852525086452          535.5923580094868         03 Jul 2026 11:08:14.416   6.108784731598862         154.7102842978134          536.2798724569066         03 Jul 2026 11:08:14.416   
10.81726188132393         -81.80564334093718         03 Jul 2026 11:09:48.183   536.4499750677141         10.63608639092329         38.26399001400292          535.9106622388636         03 Jul 2026 11:09:48.183   10.62838596749371         158.1838870043838          536.5812816206098         03 Jul 2026 11:09:48.183   
15.27561248562303         -78.2007534686154          03 Jul 2026 11:11:21.958   536.9385711558853         15.08823775383341         41.87455163344779          536.3747276445274         03 Jul 2026 11:11:21.958   15.0981489488068          161.7723345675377          537.0225897620467         03 Jul 2026 11:11:21.958   
19.65846222724157         -74.42478547232841         03 Jul 2026 11:12:55.745   537.5440656618221         19.46559999790355         45.65396482631924          536.9602803214484         03 Jul 2026 11:12:55.745   19.49388581443627         165.5295603600075          537.5798290049033         03 Jul 2026 11:12:55.745   
23.93805426467126         -70.41870935333692         03 Jul 2026 11:14:29.548   538.2349339922976         23.74048468368732         49.66089116290787          537.63622657224           03 Jul 2026 11:14:29.548   23.7880737697542          169.5145215287919          538.2222210450027         03 Jul 2026 11:14:29.548   
28.08195999928229         -66.11738886536413         03 Jul 2026 11:16:03.369   538.9742680469608         27.88059481611377         53.95997459345217          538.3660452163904         03 Jul 2026 11:16:03.369   27.94856562354052         173.7923429614349          538.9135518230496         03 Jul 2026 11:16:03.369   
32.05139443812079         -61.44944770875389         03 Jul 2026 11:17:37.208   539.7213838332164         31.84735970448828         58.62197186002165          539.1093883228932         03 Jul 2026 11:17:37.208   31.9368998662936          178.4345386816921          539.6137643005413         03 Jul 2026 11:17:37.208   
35.79975796113355         -56.3382813897847          03 Jul 2026 11:19:11.063   540.4336744677175         35.594499594538           63.72276674135136          539.8239236129421         03 Jul 2026 11:19:11.063   35.70682563882254         -176.4818665888081         540.2807990251031         03 Jul 2026 11:19:11.063   
39.2710616169588          -50.70591931710715         03 Jul 2026 11:20:44.932   541.0685377313293         39.06647308146074         69.33959481755356          540.4672497413367         03 Jul 2026 11:20:44.932   39.20268709556935         -170.8780079296917         540.8725179566454         03 Jul 2026 11:20:44.932   
42.39886744410395         -44.48131043874667         03 Jul 2026 11:22:18.814   541.5853137457734         42.19742685378895         75.54295072615849          540.9988195917886         03 Jul 2026 11:22:18.814   42.35828472095886         -164.6812312262425         541.3486444773735         03 Jul 2026 11:22:18.814   
45.10662706465619         -37.6147173763954          03 Jul 2026 11:23:52.709   541.9471532110665         44.91150884132157         82.38253385322032          541.3817932573183         03 Jul 2026 11:23:52.709   45.09708498791896         -157.8392861520462         541.6726380162509         03 Jul 2026 11:23:52.709   
47.31054211955338         -30.09898000289855         03 Jul 2026 11:25:26.613   542.1227198575161         47.12563658667761         89.86645498001423          541.5847247024458         03 Jul 2026 11:25:26.613   47.33490631223891         -150.3416017168228         541.8134068494992         03 Jul 2026 11:25:26.613   
48.92652595630918         -21.99354809670271         03 Jul 2026 11:27:00.523   542.087703079741          48.75627663150331         97.93763111050866          541.5830610636858         03 Jul 2026 11:27:00.523   48.98671381944089         -142.2438144447573         541.7468295917743         03 Jul 2026 11:27:00.523   
49.88139913005521         -13.44195620796499         03 Jul 2026 11:28:34.429   541.8260605845735         49.73038957120286         106.4563283323344          541.3603739296013         03 Jul 2026 11:28:34.429   49.9777633787945          -133.6863780648819         541.4570069437177         03 Jul 2026 11:28:34.429   
50.1265393505167          -4.666619000367543         03 Jul 2026 11:30:08.326   541.3308972881405         49.99887185224527         115.2046021427677          540.9092384145861         03 Jul 2026 11:30:08.326   50.25744724007527         -124.8908094261922         540.9371425401232         03 Jul 2026 11:30:08.326   
49.64867616722133         4.065101694657639          03 Jul 2026 11:31:42.212   540.6049195230808         49.54733542193264         123.9188086890842          540.2316913889199         03 Jul 2026 11:31:42.212   49.81053081573224         -116.1266109386174         540.1900009077362         03 Jul 2026 11:31:42.212   
48.47313086129952         12.49477920764673          03 Jul 2026 11:33:16.082   539.6605454406545         48.39959351500936         132.3421978455286          539.3393508821064         03 Jul 2026 11:33:16.082   48.66089326430077         -107.656853786538          539.228019470459          03 Jul 2026 11:33:16.082   
46.65769907742476         20.42322524110903          03 Jul 2026 11:34:49.932   538.5195713287121         46.61193697921335         140.2749041181809          538.2531023311385         03 Jul 2026 11:34:49.932   46.8656994342015          -99.68618582169297         538.0729733205208         03 Jul 2026 11:34:49.932   
44.28027681931906         27.7350074675261           03 Jul 2026 11:36:23.760   537.2124420337113         44.26108543881055         147.5991916105743          537.0023945196162         03 Jul 2026 11:36:23.760   44.50298154832678         -92.33460736327024         536.7552456207814         03 Jul 2026 11:36:23.760   
41.42581110298715         34.39426552881012          03 Jul 2026 11:37:57.562   535.7771987471833         41.43126689012674         154.276365413685           535.6242162210829         03 Jul 2026 11:37:57.562   41.65832326960479         -85.64082424820606         535.3127779750648         03 Jul 2026 11:37:57.562   
38.17626768483296         40.4243391088957           03 Jul 2026 11:39:31.337   534.2579917361145         38.20414347130816         160.3272202356748          534.1616456878182         03 Jul 2026 11:39:31.337   38.41452987994604         -79.5826892134573          533.7895887761661         03 Jul 2026 11:39:31.337   
34.60515036072717         45.88368422979953          03 Jul 2026 11:41:05.083   532.703424927422          34.65320730692028         165.808307732263           532.6622288063872         03 Jul 2026 11:41:05.083   34.84593416550336         -74.10179699554766         532.2341288406051         03 Jul 2026 11:41:05.083   
30.77554682440147         50.84678405278917          03 Jul 2026 11:42:38.801   531.1646646747467         30.84170163458405         170.7928592691054          531.1761223141766         03 Jul 2026 11:42:38.801   31.01633462810641         -69.12310871861941         530.697405087657          03 Jul 2026 11:42:38.801   
26.74033382269263         55.39184589429534          03 Jul 2026 11:44:12.490   529.6934035201275         26.82273312300862         175.358345520466           529.7540899307278         03 Jul 2026 11:44:12.490   26.97916836881352         -64.5676380532982          529.2309624030004         03 Jul 2026 11:44:12.490   
22.54338538167745         59.5941939036152           03 Jul 2026 11:45:46.152   528.3397714079611         22.64042257137443         179.5797065564907          528.4454419195063         03 Jul 2026 11:45:46.152   22.77872662655817         -60.35927778174508         527.8848142273891         03 Jul 2026 11:45:46.152   
18.22148874004342         63.52314347321835          03 Jul 2026 11:47:19.787   527.1504106477551         18.33178888124598         -176.4739106194872         527.2961289794493         03 Jul 2026 11:47:19.787   18.45209333838398         -56.42802803117056         526.7055344878763         03 Jul 2026 11:47:19.787   
13.80583764265966         67.24158877231453          03 Jul 2026 11:48:53.393   526.1665213070937         13.92822895068186         -172.7396609979908         526.3468054476616         03 Jul 2026 11:48:53.393   14.03066275056483         -52.71044249331914         525.7343155819508         03 Jul 2026 11:48:53.393   
9.323115232573537         70.80689068864346          03 Jul 2026 11:50:26.974   525.4221187153389         9.456596738537845         -169.1601773060451         525.6310981739307         03 Jul 2026 11:50:26.974   9.541242422117801         -49.14874171562508         525.0052322455258         03 Jul 2026 11:50:26.974   
4.796999419671031         74.27181041116785          03 Jul 2026 11:52:00.536   524.9427581348027         4.940707508281877         -165.6826797079251         525.1743300864655         03 Jul 2026 11:52:00.536   5.007574307671515         -45.68986701043565         524.5439615578643         03 Jul 2026 11:52:00.536   
0.2491914284365991        77.68598893361086          03 Jul 2026 11:53:34.085   524.7445182122974         0.4023678502537807        -162.2575239621473         524.992499229129          03 Jul 2026 11:53:34.085   0.4513737311534268        -42.28398413981637         524.3667518350576         03 Jul 2026 11:53:34.085   
-4.299511912303886        81.09738642513513          03 Jul 2026 11:55:07.629   524.8333853350005         -4.137551060906372        -158.8367822372128         525.0916522516363         03 Jul 2026 11:55:07.629   -4.106591905871566        -38.88302701982294         524.4797815235952         03 Jul 2026 11:55:07.629   
-8.82840832133749         84.55389424905162          03 Jul 2026 11:56:41.172   525.2050327474153         -8.658303419085238        -155.3726472638613         525.4676486359767         03 Jul 2026 11:56:41.172   -8.645690695821436        -35.43907003476279         524.878905202886          03 Jul 2026 11:56:41.172   
-13.31594506895425        88.10484203026027          03 Jul 2026 11:58:14.723   525.8450295468047         -13.13832588200356        -151.8159412201622         526.1063501858844         03 Jul 2026 11:58:14.723   -13.14448114761301        -31.90280486661257         525.5498233921089         03 Jul 2026 11:58:14.723   
-17.73880484344117        91.80255528545379          03 Jul 2026 11:59:48.289   526.7294612678097         -17.55432808186231        -148.1145749505092         526.9842193008953         03 Jul 2026 11:59:48.289   -17.57980013154242        -28.22196394143754         526.4686629709404         03 Jul 2026 11:59:48.289   
-22.07068346593101        95.70367262320612          03 Jul 2026 12:01:21.872   527.8258896709267         -21.88007878862964        -144.2122489929293         528.0692549611977         03 Jul 2026 12:01:21.872   -21.92554305992682        -24.33997578128329         527.6028983341557         03 Jul 2026 12:01:21.872   
-26.28114495880023        99.87041644805147          03 Jul 2026 12:02:55.474   529.094682983744          -26.08527332617135        -140.0471997801476         529.3222985560024         03 Jul 2026 12:02:55.474   -26.15152124043068        -20.19465252775246         528.9126522391616         03 Jul 2026 12:02:55.474   
-30.33433918531255        104.3714191183772          03 Jul 2026 12:04:29.099   530.4906774325391         -30.13426845116622        -135.5513833717195         530.6986707988281         03 Jul 2026 12:04:29.099   -30.22217853608056        -15.71729710282544         530.3523407929042         03 Jul 2026 12:04:29.099   
-34.18742691320593        109.2813912765678          03 Jul 2026 12:06:02.751   531.9650361459289         -33.98452940753224        -130.6507962097176         532.1500079062807         03 Jul 2026 12:06:02.751   -34.09500652105602        -10.83292906532365         531.8725299476437         03 Jul 2026 12:06:02.751   
-37.78879500408694        114.678500698196           03 Jul 2026 12:07:36.432   533.4671685721978         -37.58486874251109        -125.2680378261397         533.6261626645564         03 Jul 2026 12:07:36.432   -37.71873161644441        -5.462747294063296         533.4218665880117         03 Jul 2026 12:07:36.432   
-41.07667018098562        120.6381918720581          03 Jul 2026 12:09:10.145   534.946723140315          -40.87407633812918        -119.3283441342843         535.0771830864296         03 Jul 2026 12:09:10.145   -41.03187110686461        0.4698987009045214         534.9490992299388         03 Jul 2026 12:09:10.145   
-43.97877001525593        127.2216644221603          03 Jul 2026 12:10:43.889   536.3555866402876         -43.78056140773489        -112.7708257639243         536.4553024453508         03 Jul 2026 12:10:43.889   -43.96228337639878        7.02820484916406           536.4051199222113         03 Jul 2026 12:10:43.889   
-46.41392639706748        134.4575448803983          03 Jul 2026 12:12:17.666   537.6497428599187         -46.22391255746527        -105.5663593716606         537.7167948580982         03 Jul 2026 12:12:17.666   -46.42864226102014        14.24368662272686          537.7448739718684         03 Jul 2026 12:12:17.666   
-48.29711193805205        142.3182012237382          03 Jul 2026 12:13:51.472   538.7909317220974         -48.11977472739552        -97.74077949031258         538.8236378320062         03 Jul 2026 12:13:51.472   -48.34529215036257        22.09225211901933          538.9290740474244         03 Jul 2026 12:13:51.472   
-49.54889485766046        150.6980418783379          03 Jul 2026 12:15:25.306   539.7480946749447         -49.38906649392886        -89.39632986902545         539.7449659035528         03 Jul 2026 12:15:25.306   -49.63159132167679        30.47168468679465          539.9257006362714         03 Jul 2026 12:15:25.306   
-50.1083639442756         159.4064080552563          03 Jul 2026 12:16:59.156   540.4984741008302         -49.97065041074821        -80.71918973570662         540.4581848504004         03 Jul 2026 12:16:59.156   -50.22490541784567        39.19321311932158          540.7111482575219         03 Jul 2026 12:16:59.156   
-49.94598244717592        168.1898770117801          03 Jul 2026 12:18:33.024   541.0285079335918         -49.834072054029          -71.95841960770244         540.9498769360889         03 Jul 2026 12:18:33.024   -50.09379126118148        48.00264150004571          541.2711628651941         03 Jul 2026 12:18:33.024   
-49.07052917562694        176.7789715177931          03 Jul 2026 12:20:06.902   541.33408383183           -48.98664450910417        -63.38076720637975         541.2160777097142         03 Jul 2026 12:20:06.902   -49.24541393098639        56.62695526562922          541.6011136859115         03 Jul 2026 12:20:06.902   
-47.52696467178313        -175.0559981554055         03 Jul 2026 12:21:40.787   541.420574428279          -47.47168816211685        -55.2156465170532          541.2623255999424         03 Jul 2026 12:21:40.787   -47.72380074242522        64.83139614404519          541.7060387112315         03 Jul 2026 12:21:40.787   
-45.3861307133574         -167.4679324074558         03 Jul 2026 12:23:14.677   541.3024033318361         -45.35862504505694        -47.61778113979799         541.1032434109948         03 Jul 2026 12:23:14.677   -45.59963179577823        72.45821555748383          541.6002030394038         03 Jul 2026 12:23:14.677   
-42.73136294505758        -160.5254618578698         03 Jul 2026 12:24:48.567   541.0022581441062         -42.7298194046046         -40.65864789358039         540.7617628030275         03 Jul 2026 12:24:48.567   -42.95667003981558        79.43535047304306          541.3062929627458         03 Jul 2026 12:24:48.567   
-39.64682386132753        -154.2280077868761         03 Jul 2026 12:26:22.454   540.5499523463322         -39.66893348875227        -34.34051095493302         540.267990995997          03 Jul 2026 12:26:22.454   -39.87980744330506        85.76162347121716          540.8542511710339         03 Jul 2026 12:26:22.454   
-36.21007540650631        -148.5297081577811         03 Jul 2026 12:27:56.338   539.9809893023767         -36.25339532652264        -28.6197811701754          539.657775370757          03 Jul 2026 12:27:56.338   -36.44739557099116        91.48245190299708          540.2798097754048         03 Jul 2026 12:27:56.338   
-32.48882888259806        -143.3612746912896         03 Jul 2026 12:29:30.215   539.3349154392454         -32.55101200713312        -23.42873840583847         538.9710528164769         03 Jul 2026 12:29:30.215   -32.72785375833324        96.6674588789069           539.6228139297473         03 Jul 2026 12:29:30.215   
-28.54049186123769        -138.6452919401875         03 Jul 2026 12:31:04.077   538.6535051494966         -28.61940356012534        -18.69092994026465         538.2500254223523         03 Jul 2026 12:31:04.077   -28.779160408328          101.3947409224204          538.9253825488286         03 Jul 2026 12:31:04.077   
-24.41283264941263        -134.3047812124871         03 Jul 2026 12:32:37.921   537.9787763165214         -24.50659350495392        -14.32990184292584         537.5371594523895         03 Jul 2026 12:32:37.921   -24.6495127233855         105.7420342093328          538.2299051671826         03 Jul 2026 12:32:37.921   
-20.14547322813604        -130.2675600740106         03 Jul 2026 12:34:11.747   537.3510443748501         -20.2524585441781         -10.27371496636027         536.8732240036697         03 Jul 2026 12:34:11.747   -20.37883713014359        109.7822157995933          537.5770855341962         03 Jul 2026 12:34:11.747   
-15.77158990802958        -126.4677598725476         03 Jul 2026 12:35:45.554   536.8070878846711         -15.89040774684745        -6.456580768358378         536.295441892963          03 Jul 2026 12:35:45.554   -16.00051354735515        113.5817302205542          537.0041054484518         03 Jul 2026 12:35:45.554   
-11.31951060649587        -122.8456980010548         03 Jul 2026 12:37:19.345   536.3784826057299         -11.44897139084422        -2.818814075466775         535.8358104140789         03 Jul 2026 12:37:19.345   -11.54299453961357        117.2007057145663          536.5429639151535         03 Jul 2026 12:37:19.345   
-6.814006605333206        -119.3468379354202         03 Jul 2026 12:38:53.123   536.0901599380613         -6.953091245787395        0.6941551502562801         535.5196483182208         03 Jul 2026 12:38:53.123   -7.03111423388662         120.6940025309852          536.2190436652509         03 Jul 2026 12:38:53.123   
-2.277481641367021        -115.9204645297495         03 Jul 2026 12:40:26.891   535.959278125486          -2.425310744260169        4.133073004492564          535.3644598800574         03 Jul 2026 12:40:26.891   -2.487289651480398        124.1125528564013          536.0499914474858         03 Jul 2026 12:40:26.891   
2.26915074710619          -112.5180936239115         03 Jul 2026 12:42:00.653   535.9944428023609         2.113345701101621         7.546429901239365          535.3791514885625         03 Jul 2026 12:42:00.653   2.067594466589425         127.5049672110012          536.0449436054341         03 Jul 2026 12:42:00.653   
6.80533010187161          -109.0921009932649         03 Jul 2026 12:43:34.415   536.1953205468808         6.642235000660563         10.9818140856459           535.5636469050896         03 Jul 2026 12:43:34.415   6.613044237580908         130.918921371922           536.2041424869658         03 Jul 2026 12:43:34.415   
11.31011134702663         -105.5940649065024         03 Jul 2026 12:45:08.180   536.5526430953132         11.14035799617107         14.48755444775972          535.9088943493234         03 Jul 2026 12:45:08.180   11.12821825071626         134.4028287529287          536.5189337113725         03 Jul 2026 12:45:08.180   
15.7611777205823          -101.9732823376039         03 Jul 2026 12:46:41.953   537.0486153952725         15.58537541191712         18.11418867035423          536.3972805793401         03 Jul 2026 12:46:41.953   15.59094173643071         138.0073413884177          536.9721621124581         03 Jul 2026 12:46:41.953   
20.13386621764808         -98.17524691963943         03 Jul 2026 12:48:15.738   537.6577072563005         19.95263916790493         21.91596833302358          537.0034288372117         03 Jul 2026 12:48:15.738   19.97673487047251         141.7868946361247          537.5389442441856         03 Jul 2026 12:48:15.738   
24.40000619933295         -94.14029081875988         03 Jul 2026 12:49:49.538   538.3477884482572         24.21404075620172         25.95219901036117          537.6953396290783         03 Jul 2026 12:49:49.538   24.25765425612883         145.8010998795867          538.1877805927979         03 Jul 2026 12:49:49.538   
28.52654392512214         -89.80261107445223         03 Jul 2026 12:51:23.357   539.0815519724538         28.33665017431193         30.28819837497526          538.4358174266999         03 Jul 2026 12:51:23.357   28.40091795921765         150.1157738827139          538.8819548520632         03 Jul 2026 12:51:23.357   
32.47405431975872         -85.09001658966288         03 Jul 2026 12:52:57.196   539.8181842140993         32.2812469626562          34.99554490821595          539.1841410381212         03 Jul 2026 12:52:57.196   32.36741164371069         154.8032804883865          539.5811809861889         03 Jul 2026 12:52:57.196   
36.19491980773191         -79.92553913231328         03 Jul 2026 12:54:31.052   540.5151615600771         36.00052224879605         40.15049230997158          539.8978558156205         03 Jul 2026 12:54:31.052   36.10984715252518         159.9410569828087          540.2433833586201         03 Jul 2026 12:54:31.052   
39.63202508456556         -74.23144897840936         03 Jul 2026 12:56:04.923   541.1302137109387         39.43779543057347         45.83003986047274          540.5347296862492         03 Jul 2026 12:56:04.923   39.57141444266097         165.6077878198291          540.8266466307359         03 Jul 2026 12:56:04.923   
42.71770380294782         -67.93829328660753         03 Jul 2026 12:57:38.807   541.6232263900965         42.52597030403692         52.10308628517455          541.0546441634833         03 Jul 2026 12:57:38.807   42.68464553774704         171.8745923817173          541.2911167905195         03 Jul 2026 12:57:38.807   
45.37444360195606         -60.99976377296884         03 Jul 2026 12:59:12.705   541.9581016504435         45.18821470502493         59.01589832140932          541.4214421716215         03 Jul 2026 12:59:12.705   45.37199032802491         178.7903313326894          541.6008658242199         03 Jul 2026 12:59:12.705   
47.51796054007008         -53.41487651725475         03 Jul 2026 13:00:46.612   542.1043917509605         47.34094327437799         66.5703929862272           541.6045441696624         03 Jul 2026 13:00:46.612   47.54871941302066         -173.640633620811          541.7255410989646         03 Jul 2026 13:00:46.612   
49.06468873848974         -45.25200357018625         03 Jul 2026 13:02:20.521   542.0387854690216         48.90112692012541         74.70051284869639          541.5804179118186         03 Jul 2026 13:02:20.521   49.13026172265459         -165.4830316089555         541.6418690980036         03 Jul 2026 13:02:20.521   
49.94355530921749         -36.66380867737318         03 Jul 2026 13:03:54.425   541.7462953642616         49.79782676598006         83.25727319490734          541.3337540170096         03 Jul 2026 13:03:54.425   50.04396050754136         -156.886785572504          541.3348612062082         03 Jul 2026 13:03:54.425   
50.10937152229808         -27.87976032833639         03 Jul 2026 13:05:28.322   541.2210630757299         49.9853900938652          92.01547591384592          540.8582614772749         03 Jul 2026 13:05:28.322   50.24268648174953         -148.0809029138892         540.7986381121782         03 Jul 2026 13:05:28.322   
49.5531097592815          -19.16926754035068         03 Jul 2026 13:07:02.205   540.4668081793197         49.45372411837484         100.7091981751063          540.1571101009495         03 Jul 2026 13:07:02.205   49.71556398246964         -139.3372876729086         540.0368937334215         03 Jul 2026 13:07:02.205   
48.3041134109961          -10.78625147263793         03 Jul 2026 13:08:36.071   539.4968595335467         48.23075175568009         109.0860298624681          539.2429637449613         03 Jul 2026 13:08:36.071   48.4906535738766          -130.9146013498193         539.0629347396007         03 Jul 2026 13:08:36.071   
46.42303452664722         -2.921312698395097         03 Jul 2026 13:10:09.918   538.3338108830476         46.37572084784218         116.9546762124475          538.1376419830249         03 Jul 2026 13:10:09.918   46.62812489327413         -123.0087179902156         537.8993377041015         03 Jul 2026 13:10:09.918   
43.98915713041656         4.319409039060621          03 Jul 2026 13:11:43.741   537.0087896159366         43.96682461365457         124.2068204552249          536.8714020832858         03 Jul 2026 13:11:43.741   44.2074963632945          -115.7300067521985         536.5772124097939         03 Jul 2026 13:11:43.741   
41.08745973214013         10.90782087534881          03 Jul 2026 13:13:17.539   535.56033695121           41.08837672969049         130.8117336091927          535.4818396920136         03 Jul 2026 13:13:17.539   41.31442326071663         -109.1090709859664         535.1350716482266         03 Jul 2026 13:13:17.539   
37.79921225062083         16.87211976374301          03 Jul 2026 13:14:51.310   534.0329985288763         37.82136304601763         136.7952607695968          534.0125037361149         03 Jul 2026 13:14:51.310   38.03101043749855         -103.1186661449052         533.6174089911738         03 Jul 2026 13:14:51.310   
34.19680163108679         22.27336438994292          03 Jul 2026 13:16:25.053   532.475589352659          34.23815369549329         142.2167030170679          532.511192207282          03 Jul 2026 13:16:25.053   34.43044531160946         -97.69765007137927         532.0729518615617         03 Jul 2026 13:16:25.053   
30.3421829357242          27.18689519286713          03 Jul 2026 13:17:58.766   530.9393480908166         30.40083953374215         147.1502411991665          531.0281366401841         03 Jul 2026 13:17:58.766   30.5753567018027          -92.77007342143949         530.5528069688826         03 Jul 2026 13:17:58.766   
26.28710172494673         31.6909270371617           03 Jul 2026 13:19:32.453   529.4758429638532         26.36137100832267         151.6734020638536          529.6139438987748         03 Jul 2026 13:19:32.453   26.51801391519384         -88.25693748531862         529.1083642246676         03 Jul 2026 13:19:32.453   
22.07460425334497         35.86016352614926          03 Jul 2026 13:21:06.113   528.1349769096196         22.16301524454052         155.860523253571           528.3176317723719         03 Jul 2026 13:21:06.113   22.30184821699603         -84.08277526836464         527.789305730731          03 Jul 2026 13:21:06.113   
17.74091215756035         39.76310878880523          03 Jul 2026 13:22:39.744   526.9630221658899         17.84220206776618         159.7799411680861          527.1846925319951         03 Jul 2026 13:22:39.744   17.9633512940119          -80.17842648094503         526.6416501702688         03 Jul 2026 13:22:39.744   
13.31657212975281         43.46209973117008          03 Jul 2026 13:24:13.346   526.0005834056174         13.42966226565518         163.493936531307           526.2550877315916         03 Jul 2026 13:24:13.346   13.53324849917249         -76.48103119642738         525.7057348299031         03 Jul 2026 13:24:13.346   
8.827902116594705         47.0139127821153           03 Jul 2026 13:25:46.923   525.2809847031285         8.951868919754602         167.0592811813945          525.5616547442523         03 Jul 2026 13:25:46.923   9.037964788426997         -72.93342110007558         525.0146221388268         03 Jul 2026 13:25:46.923   
4.298298272170872         50.4709087024861           03 Jul 2026 13:27:20.482   524.8289578531803         4.432343610493677         170.5283434342798          525.1288079336246         03 Jul 2026 13:27:20.482   4.500946405633716         -69.48296071791053         524.5928063630627         03 Jul 2026 13:27:20.482   
-0.2506895445417712       53.88247520751272          03 Jul 2026 13:28:54.029   524.6596606819739         -0.1072671329945331       173.9505044159291          524.9715630680003         03 Jul 2026 13:28:54.029   -0.05625383191867236      -66.08008782725473         524.4552463342588         03 Jul 2026 13:28:54.029   
-4.798279126971837        57.29646091399309          03 Jul 2026 13:30:27.570   524.7780820021662         -4.646112757899769        177.3735725564502          525.0949404172134         03 Jul 2026 13:30:27.570   -4.612892119211219        -62.67686277910807         524.6067765381622         03 Jul 2026 13:30:27.570   
-9.323755915229139        60.76086702254666          03 Jul 2026 13:32:01.112   525.1788582914915         -9.163438382389767        -179.1545404637283         525.4937722006925         03 Jul 2026 13:32:01.112   -9.148331677926095        -59.22526175257607         525.0419225477253         03 Jul 2026 13:32:01.112   
-13.80541726798849        64.32527397126405          03 Jul 2026 13:33:34.662   525.8465266031599         -13.63753191092941        -175.5844093037144         526.1529379533049         03 Jul 2026 13:33:34.662   -13.64098732456653        -55.67573396582337         525.7451397512232         03 Jul 2026 13:33:34.662   
-18.21964585374478        68.04238811864769          03 Jul 2026 13:35:08.226   526.7561794728235         -18.0448021325273         -171.8635652780031         527.0479958299193         03 Jul 2026 13:35:08.226   -18.06740116040181        -51.97563583151209         526.6914455901251         03 Jul 2026 13:35:08.226   
-22.53986005344899        71.969506725682            03 Jul 2026 13:36:41.810   527.8745146863976         -22.35873745291993        -167.9350498099973         528.146203387324          03 Jul 2026 13:36:41.810   -22.40119620880926        -48.06773865757295         527.8474392525313         03 Jul 2026 13:36:41.810   
-26.734985774474          76.16943390920952          03 Jul 2026 13:38:15.413   529.1611282266904         -26.54839069261729        -163.7365159914546         529.4077801077856         03 Jul 2026 13:38:15.413   -26.61154940701245        -43.88926809313579         529.1725579684689         03 Jul 2026 13:38:15.413   
-30.76857464502212        80.71161046745495          03 Jul 2026 13:39:49.040   530.5703241770725         -30.57751394113681        -159.1991088496882         530.7876813439716         03 Jul 2026 13:39:49.040   -30.66230971812471        -39.37070727518044         530.6208586958992         03 Jul 2026 13:39:49.040   
-34.5968299859776         85.67122914173268          03 Jul 2026 13:41:22.693   532.0528913716744         -34.40260699617773        -154.2483390971041         532.2373444949153         03 Jul 2026 13:41:22.693   -34.51001173412723        -34.43657071434927         532.1427645267022         03 Jul 2026 13:41:22.693   
-38.16709009934715        91.12655593915429          03 Jul 2026 13:42:56.376   533.5581224070702         -37.97142378925135        -148.8067028354959         533.7066789313967         03 Jul 2026 13:42:56.376   -38.10232982604611        -29.00792264142529         533.6870682785066         03 Jul 2026 13:42:56.376   
-41.41640307251545        97.15211827311957          03 Jul 2026 13:44:30.090   535.0357788893416         -41.22156309912926        -142.8003446334852         535.1460098091111         03 Jul 2026 13:44:30.090   -41.37659161237773        -23.00897861175742         535.2028940072514         03 Jul 2026 13:44:30.090   
-44.27143069652595        103.8066586557679          03 Jul 2026 13:46:03.836   536.4381245988334         -44.08036252693809        -136.1708196963639         536.5080942797431         03 Jul 2026 13:46:03.836   -44.25957813844281        -16.37894297269751         536.6417455875398         03 Jul 2026 13:46:03.836   
-46.65022863505283        111.1137896193762          03 Jul 2026 13:47:37.615   537.7216927985337         -46.46661374930988        -128.8940037674094         537.7498835618298         03 Jul 2026 13:47:37.615   -46.66915152339045        -9.091276025607295         537.9593018920532         03 Jul 2026 13:47:37.615   
-48.46785771124082        119.0383287022347          03 Jul 2026 13:49:11.423   538.8489760478315         -48.29602394050113        -121.0032810315386         538.8342128316053         03 Jul 2026 13:49:11.423   -48.51969994088301        -1.17764933245418          539.1171515394799         03 Jul 2026 13:49:11.423   
-49.64622009705387        127.4652358479098          03 Jul 2026 13:50:45.258   539.7897805274788         -49.49081790479772        -112.6103905654815         539.7311658128256         03 Jul 2026 13:50:45.258   -49.73187571657861        7.250124366473667          540.0842001078499         03 Jul 2026 13:50:45.258   
-50.12727528952706        136.1957265544093          03 Jul 2026 13:52:19.115   540.522347993382          -49.99271308567366        -103.9097731623843         540.4192105358179         03 Jul 2026 13:52:19.115   -50.24590657156978        15.9948796127732           540.8378516688063         03 Jul 2026 13:52:19.115   
-49.88542557786447        144.9713221488758          03 Jul 2026 13:53:52.986   541.0340556972851         -49.77520453012196        -95.15576172488828         540.8859203878364         03 Jul 2026 13:53:52.986   -50.03432394187161        24.79706613692094          541.3647648018568         03 Jul 2026 13:53:52.986   
-48.93374385521767        153.5242939289908          03 Jul 2026 13:55:26.867   541.3217931888348         -48.8499514360747         -86.61358251221618         541.1283702396813         03 Jul 2026 13:55:26.867   -49.10866866737887        33.38524148090485          541.6612794622206         03 Jul 2026 13:55:26.867   
-47.32066839221083        161.6321232242666          03 Jul 2026 13:57:00.753   541.3918745764631         -47.26383621845012        -78.50560406650973         541.1530695977444         03 Jul 2026 13:57:00.753   -47.51654015016098        41.53185186695548          541.7333643987076         03 Jul 2026 13:57:00.753   
-45.11912898992676        169.1512238077608          03 Jul 2026 13:58:34.642   541.2595658610426         -45.08845925083795        -70.97720815578582         540.9755106534276         03 Jul 2026 13:58:34.642   -45.33077817125689        49.08865885381319          541.596163313432          03 Jul 2026 13:58:34.642   
-42.41300097956488        176.0218427810396          03 Jul 2026 14:00:08.531   540.9482587326111         -42.40679750784511        -64.09084956920415         540.6193534624717         03 Jul 2026 14:00:08.531   -42.63571923051302        55.99271945778357          541.2731701957819         03 Jul 2026 14:00:08.531   
-39.28607730509601        -177.7494292585703         03 Jul 2026 14:01:42.417   540.4883265975623         -39.30218540784002        -57.84259846187047         540.1152934561896         03 Jul 2026 14:01:42.417   -39.51588498150785        62.24906006669735          540.7950707551017         03 Jul 2026 14:01:42.417   
-35.81498957368665        -172.1132128052515         03 Jul 2026 14:03:16.296   539.9156681145632         -35.85113538843932        -52.18518818487224         539.4996034455962         03 Jul 2026 14:03:16.296   -36.04867655516063        67.90672943682056          540.1982565035587         03 Jul 2026 14:03:16.296   
-32.06621321761699        -166.998524949643          03 Jul 2026 14:04:50.168   539.2700223467355         -32.12021553827057        -47.04908979751392         538.8124439544745         03 Jul 2026 14:04:50.168   -32.30125056115637        73.03709315462795          539.5231006827262         03 Jul 2026 14:04:50.168   
-28.09604048545749        -162.3276800729583         03 Jul 2026 14:06:24.026   538.593182589545          -28.16591721099123        -42.35751232199309         538.0960692615945         03 Jul 2026 14:06:24.026   -28.33044400511173        77.71852295829174          538.8121311368695         03 Jul 2026 14:06:24.026   
-23.95128096360039        -158.0241034732173         03 Jul 2026 14:07:57.866   537.9270045624107         -24.03528851298383        -38.03437194030496         537.3928159077068         03 Jul 2026 14:07:57.866   -24.18347363827511        82.02833518876545          538.1079927677656         03 Jul 2026 14:07:57.866   
-19.67074608281962        -154.0162555270165         03 Jul 2026 14:09:31.686   537.3114612735444         -19.76737942920513        -34.00835999244101         536.7431391392602         03 Jul 2026 14:09:31.686   -19.89943864409491        86.03874099502154          537.4514626560913         03 Jul 2026 14:09:31.686   
-15.28702076684252        -150.2389937648488         03 Jul 2026 14:11:05.489   536.7828313887067         -15.39499355695066        -30.21441396400088         536.1837837728735         03 Jul 2026 14:11:05.489   -15.51111547646069        89.81543548725831          536.8796090270798         03 Jul 2026 14:11:05.489   
-10.8279556969555         -146.6332425843667         03 Jul 2026 14:12:39.277   536.3720361150472         -10.94617282724031        -26.59346084711065         535.746102888651          03 Jul 2026 14:12:39.277   -11.04647110684727        93.41791976026974          536.4241074315187         03 Jul 2026 14:12:39.277   
-6.317961376054863        -143.1449251555081         03 Jul 2026 14:14:13.053   536.103224841916          -6.445490021022002        -23.09139701404016         535.4546277421705         03 Jul 2026 14:14:13.053   -6.529973443620406        96.90057823538723          536.1098154485044         03 Jul 2026 14:14:13.053   
-1.779217344713622        -139.7236419228214         03 Jul 2026 14:15:46.821   535.9926752044812         -1.915258792292258        -19.65779815283707         535.3259560800307         03 Jul 2026 14:15:46.821   -1.983812206885807        100.3140154579537          535.9536711393448         03 Jul 2026 14:15:46.821   
2.767362085026804         -136.3211429760006         03 Jul 2026 14:17:20.584   536.0480380723948         2.623499026431119         -16.24441283910457         535.3679888712613         03 Jul 2026 14:17:20.584   2.571128107234583         103.7065997147538          535.9639411386261         03 Jul 2026 14:17:20.584   
7.301237304684593         -132.889777025095          03 Jul 2026 14:18:54.347   536.2679797219744         7.150162076828633         -12.80362790525351         535.5795688943363         03 Jul 2026 14:18:54.347   7.114374089039827         107.1260292014566          536.1398686807461         03 Jul 2026 14:18:54.347   
11.80133691523653         -129.3809638346917         03 Jul 2026 14:20:28.114   536.6422326945649         11.64360374466442         -9.286955881768598         535.9505324864094         03 Jul 2026 14:20:28.114   11.62495614211821         110.6208746810268          536.4717303210818         03 Jul 2026 14:20:28.114   
16.24514642195395         -125.7436503712516         03 Jul 2026 14:22:01.888   537.1520521090388         16.08128377422206         -5.643506793230204         536.4621704461415         03 Jul 2026 14:22:01.888   16.08049864859813         114.2421404921476          536.9412948640975         03 Jul 2026 14:22:01.888   
20.6076828264811          -121.9228245512649         03 Jul 2026 14:23:35.675   537.7710547898869         20.43822876120694         -1.818519407018005         537.0880747488518         03 Jul 2026 14:23:35.675   20.45619730189626         118.044774090395           537.5226607335226         03 Jul 2026 14:23:35.675   
24.86025749813477         -117.8582393618849         03 Jul 2026 14:25:09.476   538.4663909507035         24.6858047840046          2.247895815728345          537.7953194587999         03 Jul 2026 14:25:09.476   24.72358439730101         122.088977849505           538.1834213511693         03 Jul 2026 14:25:09.476   
28.96927491637469         -113.4833153462979         03 Jul 2026 14:26:43.296   539.2002430054017         28.7905302748399          6.621837541552139          538.5459700385918         03 Jul 2026 14:26:43.296   28.84932822149937         126.4413629408533          538.8861514843975         03 Jul 2026 14:26:43.296   
32.89449125885634         -108.725229283209          03 Jul 2026 14:28:17.136   539.9314949682002         32.71235423528356         11.37551869419841          539.2987619153664         03 Jul 2026 14:28:17.136   32.79348427253023         131.1749524257518          539.5900645528054         03 Jul 2026 14:28:17.136   
36.58734468523342         -103.5066098253717         03 Jul 2026 14:29:50.994   540.6175794293422         36.40300989007935         16.58559395580989          540.0109548733226         03 Jul 2026 14:29:50.994   36.50780429233971         136.3676238576537          540.2528457395856         03 Jul 2026 14:29:50.994   
39.98954253485729         -97.7501551549107          03 Jul 2026 14:31:24.866   541.2164271235233         39.80462449605242         22.32862594686694          540.6402883483079         03 Jul 2026 14:31:24.866   39.93427757354814         142.0976811251431          540.8325897818995         03 Jul 2026 14:31:24.866   
43.03234281627395         -91.387931607338           03 Jul 2026 14:32:58.753   541.6884056208737         42.84901122648735         28.67197556463763          541.146923794834          03 Jul 2026 14:32:58.753   43.00432870969946         148.4347721124325          541.2897335832859         03 Jul 2026 14:32:58.753   
45.63716414818049         -84.37761362078068         03 Jul 2026 14:34:32.652   541.9981056004217         45.4582549603097          35.65789708600956          541.4952284350447         03 Jul 2026 14:34:32.652   45.63929459275154         155.4238022168267          541.5888452255194         03 Jul 2026 14:34:32.652   
47.71940520456916         -76.72453758392609         03 Jul 2026 14:36:06.559   542.115999900816          47.54844218316268         43.28193832350579          541.6554303468256         03 Jul 2026 14:36:06.559   47.7540794268306          163.0627729280106          541.7002919944189         03 Jul 2026 14:36:06.559   
49.19620815711473         -68.50590578288676         03 Jul 2026 14:37:40.468   542.0198516534019         49.03724775530137         51.4691317412132           541.6050150497222         03 Jul 2026 14:37:40.468   49.2647785299522          171.2779649970358          541.6016653948855         03 Jul 2026 14:37:40.468   
49.99867936763736         -59.88374025729522         03 Jul 2026 14:39:14.372   541.6958557395901         49.855921691757           60.06100572799781          541.3298594733078         03 Jul 2026 14:39:14.372   50.10090589810102         179.9097969680351          541.2789435943068         03 Jul 2026 14:39:14.372   
50.08519984036933         -51.09406750703748         03 Jul 2026 14:40:48.267   541.1393686118136         49.96241511743936         68.82562717362313          540.8249507409846         03 Jul 2026 14:40:48.267   50.21895153532771         -171.2776620356646         540.7272461612711         03 Jul 2026 14:40:48.267   
49.45098958576443         -42.40745560825043         03 Jul 2026 14:42:22.150   540.3553061863058         49.35094788257029         77.49573779154414          540.0947689019067         03 Jul 2026 14:42:22.150   49.61239577198142         -162.5577417906101         539.9512554112925         03 Jul 2026 14:42:22.150   
48.12930861313082         -34.072962870903           03 Jul 2026 14:43:56.015   539.3581246594067         48.05344886681383         85.82369652844692          539.1532588279533         03 Jul 2026 14:43:56.015   48.31335240000629         -154.1842700735313         538.9652164436293         03 Jul 2026 14:43:56.015   
46.18351654006329         -26.27241773018557         03 Jul 2026 14:45:29.861   538.171411360885          46.13196635573021         93.6270224072471           538.0234136684066         03 Jul 2026 14:45:29.861   46.38481808568043         -146.3441435089564         537.7925403800136         03 Jul 2026 14:45:29.861   
43.69413041468425         -19.10275109339768         03 Jul 2026 14:47:03.682   536.8271285866867         43.66599899818114         100.8067630232122          536.7365149969701         03 Jul 2026 14:47:03.682   43.90761574681852         -139.1382109264188         536.4650516708825         03 Jul 2026 14:47:03.682   
40.74612003777602         -12.58470423473455         03 Jul 2026 14:48:37.478   535.3644523073108         40.73989164874169         107.3397395183946          535.330976717024          03 Jul 2026 14:48:37.478   40.96741300900048         -132.5894409621457         535.02182219325           03 Jul 2026 14:48:37.478   
37.41993877790811         -6.685318746671984         03 Jul 2026 14:50:11.247   533.8283273997131         37.43382285896533         113.256735826723           533.8509110060368         03 Jul 2026 14:50:11.247   37.6454839834955          -126.6656385264268         533.5077141213487         03 Jul 2026 14:50:11.247   
33.78694032034858         -1.341297576039598         03 Jul 2026 14:51:44.986   532.2677970223058         33.81911662535424         118.6194165871323          532.3444749493647         03 Jul 2026 14:51:44.986   34.0139512890302          -121.3033299114092         531.9716914194814         03 Jul 2026 14:51:44.986   
29.90782077425107         3.52363345297808           03 Jul 2026 14:53:18.697   530.7340281142797         29.95658185464262         123.5029700520258          530.8619242999021         03 Jul 2026 14:53:18.697   30.13414911834029         -116.4256049106671         530.4648274162973         03 Jul 2026 14:53:18.697   
25.83338278065459         7.987423121396987          03 Jul 2026 14:54:52.380   529.2783965393764         25.89719866604241         127.9846895540464          529.453726656634          03 Jul 2026 14:54:52.380   26.05737064129065         -111.9537422753811         529.0383710616625         03 Jul 2026 14:54:52.380   
21.60576061880466         12.12426742607516          03 Jul 2026 14:56:26.038   527.95036978805           21.68329661127177         132.1384131018196          528.1684821733024         03 Jul 2026 14:56:26.038   21.82610689968326         -107.8128099537606         527.7416183818577         03 Jul 2026 14:56:26.038   
17.26060566632914         16.00187667340129          03 Jul 2026 14:57:59.664   526.7956671098973         17.35071253645235         136.0316768304473          527.0511159473435         03 Jul 2026 14:57:59.664   17.47625637139281         -103.9344732676697         526.6200631481024         03 Jul 2026 14:57:59.664   
12.82785192628234         19.68201827763864          03 Jul 2026 14:59:33.262   525.8541386245133         12.92954657639675         139.7261801573041          526.1408017535341         03 Jul 2026 14:59:33.262   13.03791302947405         -100.2564719055908         525.7132847026814         03 Jul 2026 14:59:33.262   
8.333477748487724         23.22089095349055          03 Jul 2026 15:01:06.836   525.1582779403852         8.445918011248702         143.278103398703           525.4695021897123         03 Jul 2026 15:01:06.836   8.537147230279245         -96.7222415701262          525.0534684396453         03 Jul 2026 15:01:06.836   
3.800648243612708         26.67044441892511          03 Jul 2026 15:02:40.391   524.7318913732397         3.923107087823274         146.7393911336571          525.0606633471334         03 Jul 2026 15:02:40.391   3.997161906055703         -93.27957969753679         524.664091776016          03 Jul 2026 15:02:40.391   
-0.7492461949218768       30.07984649960794          03 Jul 2026 15:04:13.934   524.5891482880043         -0.6174059223708168       150.1591942434673          524.9282808782464         03 Jul 2026 15:04:13.934   -0.5606598512756544       -89.87916181116664         524.5589937104933         03 Jul 2026 15:04:13.934   
-5.295551111302641        33.496943590195            03 Jul 2026 15:05:47.473   524.7340284026986         -5.1549017510743          153.5853113637679          525.0763523579917         03 Jul 2026 15:05:47.473   -5.115710781097523        -86.47306506837683         524.7418397621277         03 Jul 2026 15:05:47.473   
-9.817401261015021        36.96976891994086          03 Jul 2026 15:07:21.013   525.1601606029808         -9.668476166527215        157.0656809162498          525.4987107140187         03 Jul 2026 15:07:21.013   -9.647210779063355        -83.01324487216812         525.205974493294          03 Jul 2026 15:07:21.013   
-14.29294743463143        40.54818133807801          03 Jul 2026 15:08:54.562   525.8511051931928         -14.13626906841667        160.6500039928394          526.1792899413422         03 Jul 2026 15:08:54.562   -14.13343472130574        -79.4498808906648          525.9347117468023         03 Jul 2026 15:08:54.562   
-18.69834412466756        44.28535585847656          03 Jul 2026 15:10:28.126   526.7810578749186         -18.53445734767607        164.3912171353676          527.0928022961125         03 Jul 2026 15:10:28.126   -18.55070265770159        -75.7298672862251          526.9020359462093         03 Jul 2026 15:10:28.126   
-23.00654691041994        48.23911580649032          03 Jul 2026 15:12:01.709   527.9159038164989         -22.83606092981926        168.3468051625348          528.2057585670436         03 Jul 2026 15:12:01.709   -22.87218019946931        -71.79545215995356         528.073643145477          03 Jul 2026 15:12:01.709   
-27.1859835166716         52.47299194566024          03 Jul 2026 15:13:35.312   529.2145929358931         -27.00962662484783        172.5798418575339          529.4778050869654         03 Jul 2026 15:13:35.312   -27.0665513741286         -67.58313338398257         529.4082949851363         03 Jul 2026 15:13:35.312   
-31.19942331932385        57.05704841001976          03 Jul 2026 15:15:08.938   530.6309272969047         -31.01811478686999        177.159804413708           530.8634682908487         03 Jul 2026 15:15:08.938   -31.09688696412042        -63.02276230206624         530.8595821518384         03 Jul 2026 15:15:08.938   
-35.00225584330303        62.06709309577113          03 Jul 2026 15:16:42.592   532.1154506921248         -34.8172002770236         -177.8382069461736         532.314004785394          03 Jul 2026 15:16:42.592   -34.91891077297741        -58.03822047544728         532.3777843595071         03 Jul 2026 15:16:42.592   
-38.5406798860767         67.58130687096495          03 Jul 2026 15:18:16.274   533.6173802519334         -38.35348557447659        -172.3367818261156         533.7793001244327         03 Jul 2026 15:18:16.274   -38.47915643560331        -52.55062439405356         533.9117741644377         03 Jul 2026 15:18:16.274   
-41.75069398019433        73.67338764221809          03 Jul 2026 15:19:49.989   535.0867177719983         -41.56350754112168        -166.2629085403661         535.2099513647036         03 Jul 2026 15:19:49.989   -41.71389544879947        -46.4849716495696          535.411111520848          03 Jul 2026 15:19:49.989   
-44.55777328313068        80.39913260830178          03 Jul 2026 15:21:23.735   536.4761083337771         -44.37340514714786        -159.5611060964756         536.5591110458799         03 Jul 2026 15:21:23.735   -44.54870390763566        -39.78335291808929         536.8278929662411         03 Jul 2026 15:21:23.735   
-46.87932142063564        87.77695825521114          03 Jul 2026 15:22:57.513   537.7427446008332         -46.70130682752066        -152.2124721310656         537.7843826653479         03 Jul 2026 15:22:57.513   -46.90076155962915        -32.42438007227943         538.1186648404992         03 Jul 2026 15:22:57.513   
-48.63057927541252        95.76374996105243          03 Jul 2026 15:24:31.321   538.8499553755873         -48.46309053233389        -144.2583641895417         538.8494131619727         03 Jul 2026 15:24:31.321   -48.6845960245077         -24.44767067463139         539.2460340220796         03 Jul 2026 15:24:31.321   
-49.73500437316378        104.235303487109           03 Jul 2026 15:26:05.156   539.7685749687762         -49.58253370745712        -135.8197642158084         539.7252734274089         03 Jul 2026 15:26:05.156   -49.82237902065035        -15.97432275002369         540.180075000947          03 Jul 2026 15:26:05.156   
-50.13751297884351        112.9845758493014          03 Jul 2026 15:27:39.016   540.4779337879108         -50.00432282011759        -127.0995048429689         540.3914692036869         03 Jul 2026 15:27:39.016   -50.25728331676859        -7.209989338888749         540.8993686017338         03 Jul 2026 15:27:39.016   
-49.81654838217941        121.7491572596693          03 Jul 2026 15:29:12.890   540.9665417632004         -49.70603241257049        -118.3560234774642         540.8366482786132         03 Jul 2026 15:29:12.890   -49.96591132103588        1.581596802248724          541.391741466573          03 Jul 2026 15:29:12.890   
-48.78936660830556        130.263727167972           03 Jul 2026 15:30:46.774   541.2324226731898         -48.70357350972277        -109.8522834298248         541.0589560443086         03 Jul 2026 15:30:46.774   -48.96405395552938        10.13126240171878          541.6546574746244         03 Jul 2026 15:30:46.774   
-47.10777375015212        138.3129463980565          03 Jul 2026 15:32:20.662   541.2829568750358         -47.04728121860451        -101.803511002996          541.0659036372117         03 Jul 2026 15:32:20.662   -47.30275319050391        18.218674178411            541.6951107231253         03 Jul 2026 15:32:20.662   
-44.84655179985587        145.7628703284692          03 Jul 2026 15:33:54.552   541.1343710333749         -44.81068833992005        -94.34535525777893         540.8738754157475         03 Jul 2026 15:33:54.552   -45.05675632248312        25.70541099367203          541.5291543393623         03 Jul 2026 15:33:54.552   
-42.09012787670122        152.5619396552144          03 Jul 2026 15:35:28.440   540.8108549545486         -42.07737740166176        -87.53190688029889         540.5072633349728         03 Jul 2026 15:35:28.440   -42.31097292290277        32.53692439521292          541.1810420779793         03 Jul 2026 15:35:28.440   
-38.92176530238943        158.722754484522           03 Jul 2026 15:37:02.323   540.3433758140291         -38.93017763705205        -81.35304652939583         539.9972893980912         03 Jul 2026 15:37:02.323   -39.14938955681344        38.7244039871821           540.6820496272521         03 Jul 2026 15:37:02.323   
-35.41707058870083        164.2980363705984          03 Jul 2026 15:38:36.199   539.7682035317139         -35.44457577457798        -75.75802303220425         539.3805335424267         03 Jul 2026 15:38:36.199   -35.64836173361167        44.32032418884275          540.0689888782854         03 Jul 2026 15:38:36.199   
-31.64135606714805        169.3601484656187          03 Jul 2026 15:40:10.068   539.1252211807423         -31.68596108101117        -70.67583576239399         538.6972412762861         03 Jul 2026 15:40:10.068   -31.87385841212448        49.39745858313604          539.3824912472983         03 Jul 2026 15:40:10.068   
-27.64978168571562        173.9870003590282          03 Jul 2026 15:41:43.922   538.4561353851877         -27.70967056309277        -66.02942199800911         537.9895290952636         03 Jul 2026 15:41:43.922   -27.88156192172442        54.03439751862065          538.6651817866223         03 Jul 2026 15:41:43.922   
-23.48826238478528        178.2546765140372          03 Jul 2026 15:43:17.757   537.8025173141623         -23.56183440584873        -61.74317115997578         537.2994112201313         03 Jul 2026 15:43:17.757   -23.71777651537664        58.30794635351586          537.959669952359          03 Jul 2026 15:43:17.757   
-19.19488351928464        -177.7659815540535         03 Jul 2026 15:44:51.573   537.2038609816955         -19.28075546645902        -57.74647341737094         536.6668429077963         03 Jul 2026 15:44:51.573   -19.42086218465159        62.28959341715953          537.3065543304492         03 Jul 2026 15:44:51.573   
-14.80154890649281        -174.0104410687104         03 Jul 2026 15:46:25.372   536.6957847617277         -14.89853887432304        -53.97488497495711         536.1279079357646         03 Jul 2026 15:46:25.372   -15.02290498675426        66.04440075418037          536.7425748575324         03 Jul 2026 15:46:25.372   
-10.33563190385387        -170.4202096145005         03 Jul 2026 15:47:59.158   536.3084292482627         -10.44273525274108        -50.3699284909539          535.7132029875775         03 Jul 2026 15:47:59.158   -10.55138826934356        69.63126618505531          536.2989694731959         03 Jul 2026 15:47:59.158   
-5.8213793615392          -166.9417919912931         03 Jul 2026 15:49:32.931   536.0650740811734         -5.937742752245339        -46.87809496053151         535.4464403654238         03 Jul 2026 15:49:32.931   -6.030612385551908        73.10397653975075          536.0000576244092         03 Jul 2026 15:49:32.931   
-1.28071828679312         -163.5250445469559         03 Jul 2026 15:51:06.697   535.9810364725399         -1.405614998955707        -43.44922659783214         535.3433310903902         03 Jul 2026 15:51:06.697   -1.482511855756724        76.51286801517236          535.8621099615339         03 Jul 2026 15:51:06.697   
3.265552589667144         -160.1218364891086         03 Jul 2026 15:52:40.459   536.0629747932062         3.132746715778939         -40.0351995007267          535.4108775050481         03 Jul 2026 15:52:40.459   3.072146047068124         79.90618047105198          535.8926392421254         03 Jul 2026 15:52:40.459   
7.796905092276058         -156.6844699153447         03 Jul 2026 15:54:14.223   536.3085584371838         7.65673511497908          -36.58835981744593         535.6470319679192         03 Jul 2026 15:54:14.223   7.612900308371226         83.33165214630385          536.0900624642954         03 Jul 2026 15:54:14.223   
12.29211359132815         -153.1641970786311         03 Jul 2026 15:55:47.992   536.7065419340042         12.14506998201977         -33.06005630049059         536.0407618800218         03 Jul 2026 15:55:47.992   12.1186274266538          86.83801750409069          536.4437746516905         03 Jul 2026 15:55:47.992   
16.72849537003672         -149.5095551496761         03 Jul 2026 15:57:21.770   537.2372635653646         16.5750413135156          -29.39899085992863         536.5725409064207         03 Jul 2026 15:57:21.770   16.56678369076126         90.47668930476692          536.9346481061439         03 Jul 2026 15:57:21.770   
21.08067344026789         -145.6650458465243         03 Jul 2026 15:58:55.562   537.8734983642262         20.92127838895734         -25.54991675986455         537.2151974560147         03 Jul 2026 15:58:55.562   20.93217023896519         94.30310348759303          537.5358909521101         03 Jul 2026 15:58:55.562   
25.3194618827257          -141.5697802010318         03 Jul 2026 16:00:29.368   538.5816747174713         25.15464468928491         -21.45230300841007         537.9351290082313         03 Jul 2026 16:00:29.368   25.18582094379977         98.37811114467455          538.2142656019023         03 Jul 2026 16:00:29.368   
29.41062707768112         -137.1564522460312         03 Jul 2026 16:02:03.194   539.3234084468686         29.24101335195484         -17.03932624026551         538.6938379473295         03 Jul 2026 16:02:03.194   29.29376382927459         102.7690632674841          538.9316229841097         03 Jul 2026 16:02:03.194   
33.31307282393842         -132.3516266080298         03 Jul 2026 16:03:37.039   540.0571929671332         33.13947222308735         -12.2381663573533          539.4496256292405         03 Jul 2026 16:03:37.039   33.21519765676808         107.5496182021058          539.6465936553386         03 Jul 2026 16:03:37.039   
36.97715638824292         -127.0777530974495         03 Jul 2026 16:05:10.899   540.740271072842          36.80066372659574         -6.971999738466605         540.1594709534993         03 Jul 2026 16:05:10.899   36.9007847804632          112.7978689391279          540.316457197915          03 Jul 2026 16:05:10.899   
40.3435338982768          -121.2579144933447         03 Jul 2026 16:06:44.774   541.3306471193519         40.16565344450331         -1.164665164841559         540.781055122452          03 Jul 2026 16:06:44.774   40.29144929157204         118.5917850828335          540.8991516754731         03 Jul 2026 16:06:44.774   
43.34230784996369         -114.8260930660961         03 Jul 2026 16:08:18.662   541.7889855912108         43.16508922783237         5.249258590752872          541.2746728537777         03 Jul 2026 16:08:18.662   43.31743615862379         124.9991596571579          541.355174548642          03 Jul 2026 16:08:18.662   
45.89403680585818         -107.7439079148264         03 Jul 2026 16:09:52.561   542.0804179448087         45.72018775820025         12.30805057249261          541.6050529086624         03 Jul 2026 16:09:52.561   45.8991865223753          132.0610048106484          541.649395185811          03 Jul 2026 16:09:52.561   
47.91383108004649         -100.0234464881258         03 Jul 2026 16:11:26.471   542.176165808396          47.74674161828356         20.00046975514869          541.7429937534826         03 Jul 2026 16:11:26.471   47.95126973030538         139.7685722605662          541.7526888582579         03 Jul 2026 16:11:26.471   
49.31968350008626         -91.75099305614255         03 Jul 2026 16:13:00.380   542.0549403462901         49.16327512009089         28.24241260852532          541.6667707745673         03 Jul 2026 16:13:00.380   49.3905863329859          148.0389559052866          541.6433516184534         03 Jul 2026 16:13:00.380   
50.04507406303764         -83.09760426762286         03 Jul 2026 16:14:34.284   541.7040308362284         49.90342030089905         36.86628423955237          541.3632374878371         03 Jul 2026 16:14:34.284   50.1490037538165          156.7033025178012          541.3082115348279         03 Jul 2026 16:14:34.284   
50.05204887377247         -74.30566873905303         03 Jul 2026 16:16:08.180   541.1199938166483         49.92881888826543         45.63366245646278          540.8285148973073         03 Jul 2026 16:16:08.180   50.18670286528973         165.5190102371403          540.7433429126395         03 Jul 2026 16:16:08.180   
49.34011469730566         -65.64610318557648         03 Jul 2026 16:17:42.064   540.3089746723344         49.23802785773783         54.27680724595596          540.0683109852162         03 Jul 2026 16:17:42.064   49.50152871895643         174.2121647071998          539.9544141058286         03 Jul 2026 16:17:42.064   
47.94635295328654         -57.3624896668227          03 Jul 2026 16:19:15.930   539.2866441849292         47.86686782009222         62.55348344216862          539.0978495126856         03 Jul 2026 16:19:15.930   48.12951991989028         -177.4656265160725         538.9566479325686         03 Jul 2026 16:19:15.930   
45.93669960929483         -49.62775468031965         03 Jul 2026 16:20:49.776   538.0777325519302         45.88003693168045         70.2901491822651           537.9413936566471         03 Jul 2026 16:20:49.776   46.13634062251037         -169.6922064924536         537.7743750498921         03 Jul 2026 16:20:49.776   
43.39270152356954         -42.52953715669579         03 Jul 2026 16:22:23.598   536.7151679218896         43.35812201887008         77.39727234867972          536.631373072225          03 Jul 2026 16:22:23.598   43.60389799498612         -162.5588929518296         536.4401850609447         03 Jul 2026 16:22:23.598   
40.39924217304836         -36.0816136140324          03 Jul 2026 16:23:57.394   535.238947607445          40.3854131772868          83.85880053679504          535.2072415572802         03 Jul 2026 16:23:57.394   40.61778813925757         -156.0814754228341         534.9938002708113         03 Jul 2026 16:23:57.394   
37.03593405094005         -30.24658460469637         03 Jul 2026 16:25:31.162   533.6945859313664         37.0412554182233          89.71010192674858          533.7139197601227         03 Jul 2026 16:25:31.162   37.25843259151452         -150.2231773193522         533.4805201493618         03 Jul 2026 16:25:31.162   
33.37292299935115         -24.95888109412226         03 Jul 2026 16:27:04.902   532.1314137757217         33.39575544761045         95.01521422280132          532.2000917330524         03 Jul 2026 16:27:04.902   33.59672178056547         -144.9181858670154         531.9495081455716         03 Jul 2026 16:27:04.902   
29.46986820501792         -20.14175139869493         03 Jul 2026 16:28:38.613   530.6007087502248         29.50866600649609         99.84986049991159          530.7163402191618         03 Jul 2026 16:28:38.613   29.69292581406745         -140.0890980121935         530.451903912739          03 Jul 2026 16:28:38.613   
25.37651393261263         -15.71739141950447         03 Jul 2026 16:30:12.296   529.1536413612994         25.42988766241035         104.291215133528           529.31310938561           03 Jul 2026 16:30:12.296   25.5972546541982          -135.6573486140706         529.0387510769697         03 Jul 2026 16:30:12.296   
21.1341716727155          -11.61221829228998         03 Jul 2026 16:31:45.954   527.8392652889279         21.20090667124571         108.4125080170777          528.0387183665316         03 Jul 2026 16:31:45.954   21.35135559462261         -131.5486420003148         527.7589689982424         03 Jul 2026 16:31:45.954   
16.77782836675269         -7.759212571789581         03 Jul 2026 16:33:19.580   526.7026715060301         16.8568777720779          112.2805786039666          526.9375430095079         03 Jul 2026 16:33:19.580   16.99044553662954         -127.6953600781354         526.6574889526155         03 Jul 2026 16:33:19.580   
12.3369566017866          -4.097290339929507         03 Jul 2026 16:34:53.177   525.7829225358937         12.42742523000983         115.9564320438465          526.0479938391454         03 Jul 2026 16:34:53.177   12.54414311601701         -124.0359501626156         525.773186450986          03 Jul 2026 16:34:53.177   
7.837122608845434         -0.5707398802333089        03 Jul 2026 16:36:26.750   525.111575988798          7.938245422732676         119.4957501648583          525.4010743171166         03 Jul 2026 16:36:26.750   8.038094917923555         -120.5143559823851         525.1374019935574         03 Jul 2026 16:36:26.750   
3.301257779551368         2.872004750341216          03 Jul 2026 16:38:00.305   524.7114312565272         3.412377172133969         122.9500830597166          525.0191623857045         03 Jul 2026 16:38:00.305   3.495260254661386         -117.0787764441878         524.7726932411424         03 Jul 2026 16:38:00.305   
-1.249373479764339        6.279894125117462          03 Jul 2026 16:39:33.848   524.5956035258678         -1.128829967068577        126.3683555594716          524.9151142901155         03 Jul 2026 16:39:33.848   -1.063112508500164        -113.6801190078158         524.6919211702389         03 Jul 2026 16:39:33.848   
-5.79406805249898         9.700670022526714          03 Jul 2026 16:41:07.387   524.767002634605          -5.664610230683739        129.7982549501828          525.0917631286411         03 Jul 2026 16:41:07.387   -5.61637527982959         -110.270577369833          524.8977422005864         03 Jul 2026 16:41:07.387   
-10.31195250594025        13.18253144160602          03 Jul 2026 16:42:40.927   525.2182108498246         -10.17405061628638        133.2878810885902          525.5418054268202         03 Jul 2026 16:42:40.927   -10.14374736247933        -106.8019511645667         525.3825017015624         03 Jul 2026 16:42:40.927   
-14.78106267793672        16.7756710686515           03 Jul 2026 16:44:14.477   525.9318132420067         -14.63517324652162        136.8872661974201          526.2481258506914         03 Jul 2026 16:44:14.477   -14.62339604627176        -103.2240941742267         526.1285754070514         03 Jul 2026 16:44:14.477   
-19.17722901639275        20.53368804543884          03 Jul 2026 16:45:48.042   526.8811057711346         -19.02382622306096        140.6497691137054          527.1844865934418         03 Jul 2026 16:45:48.042   -19.03132437211309        -99.48348157823902         527.109081649267          03 Jul 2026 16:45:48.042   
-23.47301471458663        24.51502679638811          03 Jul 2026 16:47:21.628   528.0311962366159         -23.31263033111217        144.63349402195            528.316597477753          03 Jul 2026 16:47:21.628   -23.34031265644894        -95.52174215641668         528.2889799678205         03 Jul 2026 16:47:21.628   
-27.63625985267372        28.783899310462            03 Jul 2026 16:48:55.235   529.3403857243411         -27.46953643243353        148.9021927398191          529.6034577634991         03 Jul 2026 16:48:55.235   -27.51846397429876        -91.27468849180781         529.6264402969737         03 Jul 2026 16:48:55.235   
-31.62897383080451        33.41104242959533          03 Jul 2026 16:50:28.864   530.7619889221723         -31.45673534476007        153.5260088167237          530.9991281333387         03 Jul 2026 16:50:28.864   -31.52809491512219        -86.67148600850912         531.0746472613937         03 Jul 2026 16:50:28.864   
-35.4055954679701         38.47271148577106          03 Jul 2026 16:52:02.520   532.2462435556226         -35.22894104294603        158.5804783685983          532.4545916742718         03 Jul 2026 16:52:02.520   -35.32398205797791        -81.63554138451133         532.5836850942769         03 Jul 2026 16:52:02.520   
-38.91127535839038        44.04705797318349          03 Jul 2026 16:53:36.204   533.7422930335169         -38.73169789028783        164.1429636568871          533.9196919936512         03 Jul 2026 16:53:36.204   -38.85160991049454        -76.0879534990864          534.1024943068041         03 Jul 2026 16:53:36.204   
-42.0807871743337         50.20647767137346          03 Jul 2026 16:55:09.920   535.2002460945723         -41.90030952431098        170.2851481725036          535.3451546236902         03 Jul 2026 16:55:09.920   -42.04601482323402        -69.95495084511171         535.5809092551726         03 Jul 2026 16:55:09.920   
-44.8386252125976         57.00385018366908          03 Jul 2026 16:56:43.667   536.5731410905282         -44.65992832985166        177.0595621512198          536.6845242487489         03 Jul 2026 16:56:43.667   -44.83176885395053        -63.18145401283947         536.9716069058431         03 Jul 2026 16:56:43.667   
-47.1015693762839         64.45197505685613          03 Jul 2026 16:58:17.445   537.8187444154873         -46.92805685396612        -175.5205465347894         537.8959494523751         03 Jul 2026 16:58:17.445   -47.12538654744117        -55.75161253824083         538.2319004370811         03 Jul 2026 16:58:17.445   
-48.78518770368643        72.4995469508216           03 Jul 2026 16:59:51.251   538.9011773050224         -48.62090230872176        -167.5047721002398         538.9438082877823         03 Jul 2026 16:59:51.251   -48.84166636273743        -47.71321808567065         539.3253752738719         03 Jul 2026 16:59:51.251   
-49.81465079267248        81.01295123349924          03 Jul 2026 17:01:25.086   539.7922604056293         -49.66396425021571        -159.0235756272172         539.8000637793029         03 Jul 2026 17:01:25.086   -49.90443700950321        -39.19688439871881         540.2232569615326         03 Jul 2026 17:01:25.086   
-50.13804532157307        89.77722183430446          03 Jul 2026 17:02:58.943   540.472443691353          -50.00512178846757        -150.2878190789826         540.4452180620783         03 Jul 2026 17:02:58.943   -50.26001048752824        -30.41642349407588         540.905376787261          03 Jul 2026 17:02:58.943   
-49.73795466963016        98.52702899130119          03 Jul 2026 17:04:32.818   540.9314574463397         -49.62613359518118        -141.5589909161955         540.8689925230128         03 Jul 2026 17:04:32.818   -49.88914448110297        -21.63876581106717         541.3608697926074         03 Jul 2026 17:04:32.818   
-48.63576868682177        106.9999839003272          03 Jul 2026 17:06:06.703   541.1685502512428         -48.54710992026954        -133.0972196997483         541.070598801306          03 Jul 2026 17:06:06.703   -48.81182018016326        -13.13033332451201         541.5884651517026         03 Jul 2026 17:06:06.703   
-46.88647775693975        114.9885794334056          03 Jul 2026 17:07:40.592   541.1923164124773         -46.82164575260843        -125.1099024195598         541.0585987786872         03 Jul 2026 17:07:40.592   -47.08233674252319        -5.103632126029752         541.5963658015135         03 Jul 2026 17:07:40.592   
-44.56656496598166        122.3683501151259          03 Jul 2026 17:09:14.481   541.0201088029589         -44.52504097552018        -117.7231069737518         540.8503446547275         03 Jul 2026 17:09:14.481   -44.77720184405148        2.312527450110446          541.4017062986968         03 Jul 2026 17:09:14.481   
-41.76078531501584        129.0959144226278          03 Jul 2026 17:10:48.369   540.67709157422           -41.7412475776388         -110.9825861548092         540.4710567947141         03 Jul 2026 17:10:48.369   -41.98168432589801        9.071945733377859          541.029641515107          03 Jul 2026 17:10:48.369   
-38.55183354546641        135.189397553783           03 Jul 2026 17:12:22.251   540.1950089047677         -38.55254041838413        -104.8725375626469         539.9526068953955         03 Jul 2026 17:12:22.251   -38.77920854241282        15.19147499920838          540.5121364405732         03 Jul 2026 17:12:22.251   
-35.01426167788446        140.7045964298723          03 Jul 2026 17:13:56.126   539.6106637693556         -35.03334526953132        -99.33901506270064         539.3320018610457         03 Jul 2026 17:13:56.126   -35.24506718883965        20.72674695186395          539.8864478804526         03 Jul 2026 17:13:56.126   
-31.21223628209419        145.7150594061548          03 Jul 2026 17:15:29.992   538.9642112881766         -31.24788700597423        -94.30975991471256         538.649676103214          03 Jul 2026 17:15:29.992   -31.44406949850439        25.75175482773685          539.1934050272275         03 Jul 2026 17:15:29.992   
-27.19971549597336        150.2989199429563          03 Jul 2026 17:17:03.845   538.2973358667987         -27.2502780442938         -89.70745023279487         537.9476614227624         03 Jul 2026 17:17:03.845   -27.4306819495709         30.34531795565652          538.4755595735442         03 Jul 2026 17:17:03.845   
-23.02178808810926        154.5316584558959          03 Jul 2026 17:18:37.679   537.6513610412676         -23.08579868473743        -85.45707087452969         537.2676845770802         03 Jul 2026 17:18:37.679   -23.25037088356308        34.58362719029059          537.7752566406707         03 Jul 2026 17:18:37.679   
-18.71574864895299        158.4834800488309          03 Jul 2026 17:20:11.495   537.0652726182989         -18.7919401791641         -81.48865373832881         536.6491702908133         03 Jul 2026 17:20:11.495   -18.94069657272506        38.53751884990074          537.1326023133615         03 Jul 2026 17:20:11.495   
-14.31302326390783        162.2181445925389          03 Jul 2026 17:21:45.292   536.5739989729009         -14.40031187851668        -77.73854066656509         536.1275081351405         03 Jul 2026 17:21:45.292   -14.53326092507995        42.27126570005432          536.5836962552075         03 Jul 2026 17:21:45.292   
-9.840567830080913        165.7935589856994          03 Jul 2026 17:23:19.076   536.2068175968707         -9.938032475677138        -74.14885433992299         535.7324429357232         03 Jul 2026 17:23:19.076   -10.05512513803396        45.84316518257697          536.1589879001403         03 Jul 2026 17:23:19.076   
-5.322292817747497        169.2628087386686          03 Jul 2026 17:24:52.847   535.9860336403599         -5.429152368543753        -70.66650946811471         535.4867400504627         03 Jul 2026 17:24:52.847   -5.530249551466098        49.30658150562799          535.8819131425944         03 Jul 2026 17:24:52.847   
-0.7798866880161626       172.6757945113302          03 Jul 2026 17:26:26.612   535.9259387247594         -0.8954779079133712       -67.24160380621271         535.4051300589499         03 Jul 2026 17:26:26.612   -0.9803270319758766       52.71159682720017          535.7678141315864         03 Jul 2026 17:26:26.612   
3.765875887339793         176.0804891381483          03 Jul 2026 17:28:00.375   536.0321588268898         3.642120333005888         -63.82618238441539         535.4936474663928         03 Jul 2026 17:28:00.375   3.573901979373374         56.10628397667798          535.8232652762554         03 Jul 2026 17:28:00.375   
8.294435563338833         179.524636431525           03 Jul 2026 17:29:34.140   536.3013576789353         8.163008485683273         -60.3725544957488          535.7493228515987         03 Jul 2026 17:29:34.140   8.111948281238753         59.53841964164948          536.045757359625          03 Jul 2026 17:29:34.140   
12.78443172502089         -176.9428036387096         03 Jul 2026 17:31:07.910   536.7213485156835         12.64577420800318         -56.83186434429125         536.1602854006906         03 Jul 2026 17:31:07.910   12.61255673865159         63.05694475821613          536.4238020614221         03 Jul 2026 17:31:07.910   
17.21296956863879         -173.2699634171078         03 Jul 2026 17:32:41.691   537.2716271275658         17.06749670582608         -53.15241588701344         536.7062859155149         03 Jul 2026 17:32:41.691   17.05297551266652         66.7136731446777           536.9374607044847         03 Jul 2026 17:32:41.691   
21.55432150557472         -169.4007923651059         03 Jul 2026 17:34:15.486   537.9242434387415         21.40245470261087         -49.27841717437245         537.3595593416048         03 Jul 2026 17:34:15.486   21.40765963849345         70.56459230473371          537.5592198387048         03 Jul 2026 17:34:15.486   
25.7788559891             -165.2736693539673         03 Jul 2026 17:35:49.298   538.6450452453164         25.62106501135006         -45.14861332850399         538.0860588002806         03 Jul 2026 17:35:49.298   25.64720246049123         74.671289398274            538.2552369332061         03 Jul 2026 17:35:49.298   
29.85155409004407         -160.8206695023349         03 Jul 2026 17:37:23.129   539.3951866979251         29.68841398581331         -40.69557294333184         538.8469555894999         03 Jul 2026 17:37:23.129   29.73685107154376         79.10174697765355          538.9868526603286         03 Jul 2026 17:37:23.129   
33.73037159946785         -155.9678713416098         03 Jul 2026 17:38:56.977   540.1328598111422         33.56263978670115         -35.84600405943328         539.6003637082913         03 Jul 2026 17:38:56.977   33.63485915168722         83.93013471658159          539.7123245799403         03 Jul 2026 17:38:56.977   
37.36476045121535         -150.6373667953893         03 Jul 2026 17:40:30.841   540.8152225496478         37.19347809294361         -30.52274351645395         540.3032650296173         03 Jul 2026 17:40:30.841   37.29098424444462         89.23494536114181          540.3887557424168         03 Jul 2026 17:40:30.841   
40.69420679009922         -144.7528743125009         03 Jul 2026 17:42:04.717   541.4003510268421         40.52082444700522         -24.65028656521254         540.9134627578696         03 Jul 2026 17:42:04.717   40.64497352233418         95.09357802509336          540.9740487723993         03 Jul 2026 17:42:04.717   
43.64767927325037         -138.2504835576833         03 Jul 2026 17:43:38.606   541.8491712779478         43.47419426670528         -18.16533799282817         541.3915198850846         03 Jul 2026 17:43:38.606   43.62591966223015         101.571804006836           541.4288408404254         03 Jul 2026 17:43:38.606   
46.14488867529649         -131.0961536576427         03 Jul 2026 17:45:12.506   542.1272596546487         45.97395862048172         -11.03396792461191         541.7025710603111         03 Jul 2026 17:45:12.506   46.1533814568074          108.7063832992788          541.7183104622645         03 Jul 2026 17:45:12.506   
48.10077030331102         -123.3091069477932         03 Jul 2026 17:46:46.415   542.2064559277287         47.93573582808516         -3.2745469565057           541.8179508084122         03 Jul 2026 17:46:46.415   48.14170181524263         116.4814783769243          541.8138009319737         03 Jul 2026 17:46:46.415   
49.43439855550046         -114.984580498281          03 Jul 2026 17:48:20.326   542.0662511127221         49.27912923996934         5.019877603606099          541.7166003431958         03 Jul 2026 17:48:20.326   49.50880631257833         124.8051696565577          541.6942237981466         03 Jul 2026 17:48:20.326   
50.08173616014364         -106.3028812538143         03 Jul 2026 17:49:54.232   541.6948496010082         49.94024846371735         13.67244712441981          541.3861527616882         03 Jul 2026 17:49:54.232   50.18900350090283         133.4991496324867          541.3471438434444         03 Jul 2026 17:49:54.232   
50.00865226258508         -97.51210320389643         03 Jul 2026 17:51:28.129   541.0898338295856         49.88455887615034         22.43896843475019          540.8236192432842         03 Jul 2026 17:51:28.129   50.14629840470769         142.3148130281969          540.7694714034542         03 Jul 2026 17:51:28.129   
49.21897274216934         -88.88292512559909         03 Jul 2026 17:53:02.014   540.2584437294818         49.11495351701529         31.05183457377639          540.0356863902571         03 Jul 2026 17:53:02.014   49.38290621969225         150.9782299911392          539.9677717941586         03 Jul 2026 17:53:02.014   
47.75353379671692         -80.65285196980928         03 Jul 2026 17:54:35.881   539.2174645535051         47.67104417752558         39.27480160712373          539.0386172152221         03 Jul 2026 17:54:35.881   47.93870099735139         159.2470001875288          538.958183222624          03 Jul 2026 17:54:35.881   
45.68067816437751         -72.98553735368267         03 Jul 2026 17:56:09.726   537.9926928869754         45.61998223126555         46.94358772988837          537.8577252019222         03 Jul 2026 17:56:09.726   45.88183010483902         166.9526455720509          537.765910784653          03 Jul 2026 17:56:09.726   
43.08290648450214         -65.95963253241723         03 Jul 2026 17:57:43.548   536.6180445694963         43.04334915822594         53.97771193915906          536.526482460059          03 Jul 2026 17:57:43.548   43.29520293877445         174.0130150376786          536.4243558273065         03 Jul 2026 17:57:43.548   
40.04482043762177         -59.58192606861958         03 Jul 2026 17:59:17.343   535.1343070947141         40.02517965072078         60.36821171027531          535.0852667868903         03 Jul 2026 17:59:17.343   40.26415147651316         -179.5805211850288         534.9738821140691         03 Jul 2026 17:59:17.343   
36.64511597210485         -53.81086609542341         03 Jul 2026 18:00:51.111   533.5876019171856         36.64391170676785         66.15470652376959          533.5798137532875         03 Jul 2026 18:00:51.111   36.86817608009139         -173.7869178696217         533.4602823768791         03 Jul 2026 18:00:51.111   
32.95281132185092         -48.57898472315667         03 Jul 2026 18:02:24.850   532.027643849885          32.9685215877584          71.4032065093609           532.0594627660848         03 Jul 2026 18:02:24.850   33.17702417224275         -168.538404223346          531.9330319440678         03 Jul 2026 18:02:24.850   
29.02642067958258         -43.80901529998875         03 Jul 2026 18:03:58.561   530.5058166305307         29.05760764434567         76.18999476172658          530.5752203384154         03 Jul 2026 18:03:58.561   29.24980265173997         -163.7570429065597         530.4433508461334         03 Jul 2026 18:03:58.561   
24.91465333107762         -39.42340741597341         03 Jul 2026 18:05:32.244   529.0731167463991         24.96002365523135         80.59201424730354          529.1776958706196         03 Jul 2026 18:05:32.244   25.13566938967746         -159.3645255599127         529.0421292882875         03 Jul 2026 18:05:32.244   
20.65805261764167         -35.349268440367           03 Jul 2026 18:07:05.902   527.7781910797976         20.71647575713422         84.68181156341224          527.9151345398304         03 Jul 2026 18:07:05.902   20.87548899385394         -155.2872599676582         527.7779422024787         03 Jul 2026 18:07:05.902   
16.29092145446207         -31.52024646541044         03 Jul 2026 18:08:39.528   526.6654503214377         16.36142448837632         88.5255575616509           526.8315332611728         03 Jul 2026 18:08:39.528   16.50378230772576         -151.4583115863276         526.6951396428785         03 Jul 2026 18:08:39.528   
11.84223038109232         -27.87589726521778         03 Jul 2026 18:10:13.126   525.7730897159599         11.92398372582967         92.18361257420391          525.9646783507824         03 Jul 2026 18:10:13.126   12.04965597105493         -147.8167831812803         525.8318545163684         03 Jul 2026 18:10:13.126   
7.33720762238837          -24.36104036322816         03 Jul 2026 18:11:46.701   525.1316555805606         7.429505522564865         95.71112082458997          525.344729100917          03 Jul 2026 18:11:46.701   7.538410152327908         -144.3071638039948         525.2185556519344         03 Jul 2026 18:11:46.701   
2.79859138060805          -20.9244988654508          03 Jul 2026 18:13:20.258   524.7628376416751         2.900831205019152         99.15923728469031          524.9930346562787         03 Jul 2026 18:13:20.258   2.992803606290003         -140.8780534698029         524.8768353487949         03 Jul 2026 18:13:20.258   
-1.752458026860391        -17.51752874341125         03 Jul 2026 18:14:53.804   524.6785904375638         -1.640796036825806        102.5766752699459          524.9212837673376         03 Jul 2026 18:14:53.804   -1.566026173657399        -137.4805763796028         524.818534373454          03 Jul 2026 18:14:53.804   
-6.295210234560936        -14.09245053818257         03 Jul 2026 18:16:27.344   524.8806643054531         -6.174583613838579        106.0110559450941          525.1310625126662         03 Jul 2026 18:16:27.344   -6.11741024933051         -134.0669969288319         525.0452804204206         03 Jul 2026 18:16:27.344   
-10.808864957377          -10.60080756663302         03 Jul 2026 18:18:00.888   525.3605523996157         -10.67968986230874        109.5107345004076          525.6138252794481         03 Jul 2026 18:18:00.888   -10.64064777278069        -130.5888642933679         525.5484494384673         03 Jul 2026 18:18:00.888   
-15.27117663895024        -6.992168736337124         03 Jul 2026 18:19:34.442   526.0998309418055         -15.13385240279795        113.1259793704317          526.3512496129078         03 Jul 2026 18:19:34.442   -15.11363089230527        -126.995798380888          526.3095158598235         03 Jul 2026 18:19:34.442   
-19.65769692319716        -3.212443490885042         03 Jul 2026 18:21:08.012   527.0709150058701         -19.51263551135195        116.9106388174752          527.3159976473034         03 Jul 2026 18:21:08.012   -19.51209039016798        -123.2337848477696         527.300819432804          03 Jul 2026 18:21:08.012   
-23.94056168004461        0.7974370368484927         03 Jul 2026 18:22:41.603   528.2381749964752         -23.78822617309945        120.9234384024738          528.4728254921265         03 Jul 2026 18:22:41.603   -23.80838572380478        -119.2438252179416         528.4866854321372         03 Jul 2026 18:22:41.603   
-28.08698256808661        5.10235135822215           03 Jul 2026 18:24:15.214   529.5593176767188         -27.92793930537501        125.2287909638313          529.779945510275          03 Jul 2026 18:24:15.214   -27.96999735032           -114.9610548420534         529.8248016313901         03 Jul 2026 18:24:15.214   
-32.05827883648673        9.773805220829411          03 Jul 2026 18:25:48.850   530.9872694944079         -31.89326729275673        129.897599428685           531.1908769859656         03 Jul 2026 18:25:48.850   -31.95855649799389        -110.3138479385409         531.2680925409859         03 Jul 2026 18:25:48.850   
-35.8078698162462         14.88843140347679          03 Jul 2026 18:27:22.512   532.4720059097117         -35.63789684126385        135.0057622497092          532.6562360925964         03 Jul 2026 18:27:22.512   -35.72782111618855        -105.2251921025799         532.7665285826797         03 Jul 2026 18:27:22.512   
-39.27981401194717        20.52424143985983          03 Jul 2026 18:28:56.203   533.9626160015923         -39.10627371525971        140.630480264014           534.1257549326974         03 Jul 2026 18:28:56.203   -39.22217807991269        -99.61625962843989         534.2691678733827         03 Jul 2026 18:28:56.203   
-42.40768404770747        26.75222694086136          03 Jul 2026 18:30:29.924   535.4093189591176         -42.23249663126581        146.8420065477238          535.5502527442286         03 Jul 2026 18:30:29.924   -42.37544503091313        -93.41458758990629         535.7261478937935         03 Jul 2026 18:30:29.924   
-45.11492161632122        33.62188579676934          03 Jul 2026 18:32:03.675   536.7654472198583         -44.94066479607355        153.6894629714967          536.8835776298683         03 Jul 2026 18:32:03.675   -45.11110564522998        -86.56836328630598         537.0906471489161         03 Jul 2026 18:32:03.675   
-47.31782921965027        41.14021291358306          03 Jul 2026 18:33:37.457   537.9892799033169         -47.14780596860612        161.1802699103978          538.0844072058471         03 Jul 2026 18:33:37.457   -47.34514001613513        -79.06744197839632         538.3207043076736         03 Jul 2026 18:33:37.457   
-48.93241416784673        49.24734521601314          03 Jul 2026 18:35:11.266   539.045592328509          -48.77057138547366        169.2562557124423          539.117778733661          03 Jul 2026 18:35:11.266   -48.99271034464918        -70.96815453011529         539.3807640322329         03 Jul 2026 18:35:11.266   
-49.88574389381786        57.80017671222237          03 Jul 2026 18:36:45.101   539.9070500695434         -49.7363649233632         177.7774333547306          539.9564755296105         03 Jul 2026 18:36:45.101   -49.97946847828816        -62.4107379143984          540.2430811905815         03 Jul 2026 18:36:45.101   
-50.12925371408745        66.57622775852569          03 Jul 2026 18:38:18.960   540.5550943055568         -49.99642975216921        -173.4746451780248         540.5819228438986         03 Jul 2026 18:38:18.960   -50.25503323424898        -53.61680527693218         540.8886294348385         03 Jul 2026 18:38:18.960   
-49.64977108256793        75.3075676693894           03 Jul 2026 18:39:52.836   540.9805481285812         -49.53679976507117        -164.7641760021208         540.984817101933          03 Jul 2026 18:39:52.836   -49.80441935268871        -44.85622637056835         541.3077441205123         03 Jul 2026 18:39:52.836   
-48.47282372402257        83.73564596063804          03 Jul 2026 18:41:26.720   541.1838449650877         -48.38177387073919        -156.3475424087079         541.1653869131587         03 Jul 2026 18:41:26.720   -48.65181136495101        -36.3918130953454          541.5003963626978         03 Jul 2026 18:41:26.720   
-46.65640918067577        91.66146761503742          03 Jul 2026 18:43:00.609   541.1747889600556         -46.58801595408706        -148.4236474424564         541.1331937243276         03 Jul 2026 18:43:00.609   -46.85460293278659        -28.42759060441303         541.47600300059           03 Jul 2026 18:43:00.609   
-44.27858377038014        98.96987937177188          03 Jul 2026 18:44:34.497   540.9719104170845         -44.23245339147209        -141.1091743806091         540.9065304058813         03 Jul 2026 18:44:34.497   -44.49094935683953        -21.08293552611767         541.2528306151207         03 Jul 2026 18:44:34.497   
-41.42427994513336        105.6255458514152          03 Jul 2026 18:46:08.384   540.6014652110043         -41.39925129633707        -134.4417041669809         540.5114607676187         03 Jul 2026 18:46:08.384   -41.64634363072879        -14.39582611883377         540.8570363365507         03 Jul 2026 18:46:08.384   
-38.17553694776411        111.6518464066345          03 Jul 2026 18:47:42.264   540.0961449021243         -38.17004200787277        -128.4000520009281         539.980564616274          03 Jul 2026 18:47:42.264   -38.40357409795256        -8.34400622629726          540.3214091125892         03 Jul 2026 18:47:42.264   
-34.60577719840609        117.1074630093438          03 Jul 2026 18:49:16.137   539.493486785922          -34.61811758167989        -122.927287638263          539.3513702268583         03 Jul 2026 18:49:16.137   -34.83680595948169        -2.86886113451397          539.6837926092749         03 Jul 2026 18:49:16.137   
-30.77802451894469        122.0669300184576          03 Jul 2026 18:50:50.000   538.8341439549222         -30.80654542321892        -117.950105149565          538.664638484036          03 Jul 2026 18:50:50.000   -31.0096993756968         2.104638843545243          538.9853543513645         03 Jul 2026 18:50:50.000   
-26.74504903953943        126.6084926756907          03 Jul 2026 18:52:23.853   538.1599985035891         -26.78823166344804        -113.3910405608696         537.9624761421874         03 Jul 2026 18:52:23.853   -26.9755240732888         6.655444229608631          538.2686786645581         03 Jul 2026 18:52:23.853   
-22.55102606560877        130.8070800340701          03 Jul 2026 18:53:57.689   537.5123034381222         -22.6075240640001         -109.1756216985236         537.286470263577          03 Jul 2026 18:53:57.689   -22.7788245563992         10.85919588019548          537.5758784937716         03 Jul 2026 18:53:57.689   
-18.23261583777243        134.732095612985           03 Jul 2026 18:55:31.506   536.9297069219692         -18.30126184740978        -105.2346864814142         536.6756899724869         03 Jul 2026 18:55:31.506   -18.4565198400951         14.78592166623912          536.9465689076278         03 Jul 2026 18:55:31.506   
-13.82068856021722        138.4466171311896          03 Jul 2026 18:57:05.305   536.4465277044519         -13.90048348670039        -101.505268984052          536.164938425276          03 Jul 2026 18:57:05.305   -14.03965038558456        18.49920249061534          536.4160927910734         03 Jul 2026 18:57:05.305   
-9.341779344272979        142.0079845563179          03 Jul 2026 18:58:39.090   536.0912194302591         -9.431874282536274        -97.9300710767494          535.7831903014776         03 Jul 2026 18:58:39.090   -9.554851997965718        22.05675857319534          536.0139339965181         03 Jul 2026 18:58:39.090   
-4.819565313884645        145.4688190563702          03 Jul 2026 19:00:12.863   535.8851087265784         -4.919240663624231        -94.45648437988959         535.5523045348646         03 Jul 2026 19:00:12.863   -5.025847676516046        25.51148008137556          535.7624108074533         03 Jul 2026 19:00:12.863   
-0.2756186206348976       148.878720619798           03 Jul 2026 19:01:46.629   535.8414079816475         -0.3842638703794048       -91.03491909336199         535.4860110668506         03 Jul 2026 19:01:46.629   -0.4742101166136316       28.91313976330541          535.6756463672655         03 Jul 2026 19:01:46.629   
4.269387679906818         152.2855948485198          03 Jul 2026 19:03:20.392   535.9646309388118         4.152294275045628         -87.61749800038096         535.589307920799          03 Jul 2026 19:03:20.392   4.079426105186537         32.30973531583547          535.7589584140605         03 Jul 2026 19:03:20.392   
8.794868814499642         155.7372651032888          03 Jul 2026 19:04:54.158   536.2503669712805         8.669780441465084         -84.15646065880613         535.8582198041086         03 Jul 2026 19:04:54.158   8.614551120876914         35.74911612460742          536.0086156004945         03 Jul 2026 19:04:54.158   
13.27933739401843         159.2829412402846          03 Jul 2026 19:06:27.929   536.6854469270611         13.14666048256369         -80.6027108738157          536.279953706744          03 Jul 2026 19:06:27.929   13.10978855288829         39.28046744591403          536.4119976646634         03 Jul 2026 19:06:27.929   
17.69964548999158         162.9748970553177          03 Jul 2026 19:08:01.712   537.2485201526633         17.55976469994721         -76.90415632444549         536.833468509627          03 Jul 2026 19:08:01.712   17.54213984948592         42.95600563621409          536.948173330662          03 Jul 2026 19:08:01.712   
22.02970924464411         166.8697652739296          03 Jul 2026 19:09:35.509   537.9109623529384         21.88301926847042         -73.00443387941718         537.4903793166823         03 Jul 2026 19:09:35.509   21.8857111923832          46.83229989270468          537.588817920443          03 Jul 2026 19:09:35.509   
26.23933693244352         171.0298191185057          03 Jul 2026 19:11:09.325   538.6381275969425         26.0862845592952          -68.84164970314237         538.2162061106001         03 Jul 2026 19:11:09.325   26.11054373738927         50.97159466446529          538.2994755758045         03 Jul 2026 19:11:09.325   
30.29277737178869         175.5236567716348          03 Jul 2026 19:12:43.158   539.3908708624695         30.13391888763611         -64.34771492559916         538.9718932544038         03 Jul 2026 19:12:43.158   30.18116037985326         55.44256020439505          539.0410922296896         03 Jul 2026 19:12:43.158   
34.1471275319153          -179.5742040123998         03 Jul 2026 19:14:17.007   540.1272921222771         33.9832068913845          -59.44875980406147         539.7155498769052         03 Jul 2026 19:14:17.007   34.05496303971049         60.31999101463863          539.7717672535582         03 Jul 2026 19:14:17.007   
37.75081828450761         -174.1856549587521         03 Jul 2026 19:15:50.870   540.8046488124892         37.5828703262533          -54.06744040374667         540.404358528217          03 Jul 2026 19:15:50.870   37.68069173239434         65.68262937024822          540.4486697126431         03 Jul 2026 19:15:50.870   
41.04216479489486         -168.235158119142          03 Jul 2026 19:17:24.747   541.3812829752051         40.87164312008127         -48.12901057352251         540.9964984738508         03 Jul 2026 19:17:24.747   40.99691832021436         71.60720660841454          541.0299661441777         03 Jul 2026 19:17:24.747   
43.94902353777635         -161.6610780048678         03 Jul 2026 19:18:58.637   541.8185439925501         43.77793921846632         -41.57245066855948         541.4530663106998         03 Jul 2026 19:18:58.637   43.93160591298597         78.15731893927325          541.4767412882857         03 Jul 2026 19:18:58.637   
46.39023971492345         -154.4341651193446         03 Jul 2026 19:20:32.538   542.0825541074519         46.22127314635003         -34.36859502359889         541.7398408060862         03 Jul 2026 19:20:32.538   46.40341090479054         85.36503852605875          541.7547607084516         03 Jul 2026 19:20:32.538   
48.28071460064217         -146.5810124257887         03 Jul 2026 19:22:06.447   542.1458251080703         48.11723084273168         -26.54312396734659         541.8289037262839         03 Jul 2026 19:22:06.447   48.32658666210329         93.2072131549056           541.836086741675          03 Jul 2026 19:22:06.447   
49.5407434677013          -138.2060266101243         03 Jul 2026 19:23:40.360   541.9886063970962         49.38662511781106         -18.19817663058305         541.6999967449347         03 Jul 2026 19:23:40.360   49.62021643214685         101.5826932254989          541.700430308907          03 Jul 2026 19:23:40.360   
50.10894183195926         -129.4987571406385         03 Jul 2026 19:25:14.268   541.5999429542653         49.9681925727398          -9.519804573520897         541.3415933327851         03 Jul 2026 19:25:14.268   50.22121251549103         110.3037128929151          541.3362186852119         03 Jul 2026 19:25:14.268   
49.95515077563091         -120.7124540517605         03 Jul 2026 19:26:48.167   540.9783165107992         49.831341181608           -0.7573897038805505        540.7515635748932         03 Jul 2026 19:26:48.167   50.09754709072535         119.1161955314518          540.7412576544293         03 Jul 2026 19:26:48.167   
49.08757099649466         -112.1169938043861         03 Jul 2026 19:28:22.051   540.1319168132914         48.98332214897318         7.822148702890522          539.9374684986678         03 Jul 2026 19:28:22.051   49.2558556335055          127.7467443962487          539.9230273845214         03 Jul 2026 19:28:22.051   
47.55068340431369         -103.9429284917472         03 Jul 2026 19:29:55.918   539.078434696351          47.46739981912114         15.98938540555277          538.9163827766906         03 Jul 2026 19:29:55.918   47.73973365892947         135.9598160735029          538.8985092104404         03 Jul 2026 19:29:55.918   
45.41510562194977         -96.34457276380462         03 Jul 2026 19:31:29.763   537.8445674415871         45.35302629872081         23.58929826051689          537.7144246743264         03 Jul 2026 19:31:29.763   45.61967517582861         143.5963504613932          537.6937233374274         03 Jul 2026 19:31:29.763   
42.76409006776047         -89.39152554001438         03 Jul 2026 19:33:03.584   536.4650227897282         42.72256630143472         30.55045662297973          536.3657860420435         03 Jul 2026 19:33:03.584   42.97938746299376         150.5834155440932          536.3427682218799         03 Jul 2026 19:33:03.584   
39.68195114598497         -83.08408918905715         03 Jul 2026 19:34:37.378   534.9812917779909         39.65979168505726         36.87043461246568          534.9115220077974         03 Jul 2026 19:34:37.378   39.90393196361345         156.9190282251749          534.8866210249489         03 Jul 2026 19:34:37.378   
36.24643091375754         -77.37676496659533         03 Jul 2026 19:36:11.144   533.4400001173253         36.24220083150372         42.59286477419869          533.3979145870871         03 Jul 2026 19:36:11.144   36.47185189623548         162.648292408869           533.371511329934          03 Jul 2026 19:36:11.144   
32.52536039297884         -72.20027525973839         03 Jul 2026 19:37:44.881   531.8911482989133         32.53758789028275         47.7856245295259           531.8747136611055         03 Jul 2026 19:37:44.881   32.75169434405169         167.8408484580801          531.8471706470227         03 Jul 2026 19:37:44.881   
28.57613992079533         -67.47698883287251         03 Jul 2026 19:39:18.589   530.3861798425041         28.60343643660535         52.52540173470451          530.3931982379054         03 Jul 2026 19:39:18.589   28.80143669665206         172.5750209815807          530.3648991666323         03 Jul 2026 19:39:18.589   
24.44640497267161         -63.12961278193751         03 Jul 2026 19:40:52.270   528.9758496382146         24.48752316402335         56.88890629181782          529.0040323970679         03 Jul 2026 19:40:52.270   24.66914853252595         176.9288627833675          528.9754233913309         03 Jul 2026 19:40:52.270   
20.17601303235694         -59.08604196375827         03 Jul 2026 19:42:25.924   527.7083654024727         20.22986369836239         60.94790919703727          527.7553852840283         03 Jul 2026 19:42:25.924   20.39499673966458         -179.0248294933952         527.7270138162285         03 Jul 2026 19:42:25.924   
15.79855730121644         -55.2805592691189          03 Jul 2026 19:43:59.547   526.6273724508264         15.86420529511331         64.76795186677207          526.6908962668849         03 Jul 2026 19:43:59.547   16.01278298919836         -175.2197671051776         526.6634435484275         03 Jul 2026 19:43:59.547   
11.34249656002683         -51.65334190051598         03 Jul 2026 19:45:33.143   525.7701011941072         11.41914714097629         68.40877436974039          525.8478041621947         03 Jul 2026 19:45:33.143   11.55109472937968         -171.5956855399856         525.8221076821355         03 Jul 2026 19:45:33.143   
6.832738454382092         -48.14974111917248         03 Jul 2026 19:47:06.717   525.1659718580268         6.919718616829626         71.92498840803528          525.2555351857354         03 Jul 2026 19:47:06.717   7.034905647405998         -168.0976156280749         525.2325987467502         03 Jul 2026 19:47:06.717   
2.291745216869466         -44.71889085305873         03 Jul 2026 19:48:40.275   524.8354231251396         2.388484152943576         75.36743708948231          524.9345229753908         03 Jul 2026 19:48:40.275   2.486693475655058         -164.6744766876489         524.9155126141104         03 Jul 2026 19:48:40.275   
-2.25933848159016         -41.31230284633325         03 Jul 2026 19:50:13.821   524.7891174198085         -2.153328974253565        78.78457675488967          524.8954129267304         03 Jul 2026 19:50:13.821   -2.072424187314637        -161.2776551831203         524.8816380359358         03 Jul 2026 19:50:13.821   
-6.799893660828194        -37.88223205496375         03 Jul 2026 19:51:47.364   525.0275172101437         -6.685038392964342        82.22409393938739          525.1386462085329         03 Jul 2026 19:51:47.364   -6.621894070298701        -157.8593550047058         525.1315265216044         03 Jul 2026 19:51:47.364   
-11.30886783831016        -34.38018397439423         03 Jul 2026 19:53:20.910   525.5408917528484         -11.18554851515775        85.73438141672771          525.6544806164411         03 Jul 2026 19:53:20.910   -11.14076677260473        -154.3710898966791         525.6555002710284         03 Jul 2026 19:53:20.910   
-15.76394856775979        -30.75529792136009         03 Jul 2026 19:54:54.467   526.3097414994481         -15.63252661957452        89.36613785496765          526.4234337084845         03 Jul 2026 19:54:54.467   -15.60687168217833        -150.7620506999854         526.4340847309586         03 Jul 2026 19:54:54.467   
-20.14025965341283        -26.95308608967297         03 Jul 2026 19:56:28.040   527.3055465177376         -20.00110493932751        93.17360887217204          527.4170511397924         03 Jul 2026 19:56:28.040   -19.99551511196143        -146.9778216874145         527.4387681546114         03 Jul 2026 19:56:28.040   
-24.40956988809452        -22.91378176270921         03 Jul 2026 19:58:01.635   528.4919807758852         -24.26309765229318        97.21621751228164          528.5991384440285         03 Jul 2026 19:58:01.635   -24.27869279567956        -142.9586971355946         528.6332290516002         03 Jul 2026 19:58:01.635   
-28.53855420175843        -18.57171320079753         03 Jul 2026 19:59:35.252   529.8262837990678         -28.38527627066152        101.5591677158899          529.9271443462421         03 Jul 2026 19:59:35.252   -28.42335069396929        -138.6390005491108         529.9747167301575         03 Jul 2026 19:59:35.252   
-32.48763182062294        -13.85480428802127         03 Jul 2026 20:01:08.894   531.2610760300677         -32.32822617027004        106.2739282104585          531.3539782124908         03 Jul 2026 20:01:08.894   -32.39021907924992        -133.9465019462114         531.4158716764277         03 Jul 2026 20:01:08.894   
-36.20929433790359        -8.685957589025477         03 Jul 2026 20:02:42.563   532.746285084886          -36.04469904790638        111.4368548130024          532.8299275233667         03 Jul 2026 20:02:42.563   -36.13212292014604        -128.803670765126          532.9066489654315         03 Jul 2026 20:02:42.563   
-39.64643582767945        -2.987465400358082         03 Jul 2026 20:04:16.261   534.2311159795545         -39.47796976013916        117.1248354802703          534.3046085761271         03 Jul 2026 20:04:16.261   -39.59227032125215        -123.1319028583486         534.396278292088          03 Jul 2026 20:04:16.261   
-42.73150359035485        3.310245439701524          03 Jul 2026 20:05:49.991   535.6661159671448         -42.56100631885475        123.4066968452461          535.7290015436947         03 Jul 2026 20:05:49.991   -42.70332581393605        -116.8600477709237         535.8353130027617         03 Jul 2026 20:05:49.991   
-45.38683542457343        10.25291351805316          03 Jul 2026 20:07:23.750   537.0050261236211         -45.21679968652547        130.3278010265819          537.0572664320234         03 Jul 2026 20:07:23.750   -45.38762031125802        -109.9399342246257         537.1774621441127         03 Jul 2026 20:07:23.750   
-47.52828411700735        17.84123732100775          03 Jul 2026 20:08:57.537   538.2067053667834         -47.36192280066984        137.8892816743293          538.2486271155985         03 Jul 2026 20:08:57.537   -47.56061377315545        -102.3676307805453         538.3814959365945         03 Jul 2026 20:08:57.537   
-49.07250369379508        26.00676924104694          03 Jul 2026 20:10:31.352   539.2366516367292         -48.91366627741327        146.0243931240549          539.2688559381259         03 Jul 2026 20:10:31.352   -49.13803172884109        -94.20807796098778         539.4127522782874         03 Jul 2026 20:10:31.352   
-49.94858123883223        34.59661472722953          03 Jul 2026 20:12:05.192   540.0683002749638         -49.80144463727279        154.5833446988067          540.0915421336667         03 Jul 2026 20:12:05.192   -50.04747096677399        -85.61150028746557         540.2444288534398         03 Jul 2026 20:12:05.192   
-50.11148945483948        43.38117886904639          03 Jul 2026 20:13:39.054   540.6839931331169         -49.98003620961799        163.3404952120495          540.699042161551          03 Jul 2026 20:13:39.054   -50.24205843746855        -76.80698442867423         540.8585569457337         03 Jul 2026 20:13:39.054   
-49.55239618133           52.09058824978445          03 Jul 2026 20:15:12.929   541.0755040757476         -49.4398315434229         172.0295684804727          541.0830017301287         03 Jul 2026 20:15:12.929   -49.71118489533858        -68.06672464228528         541.2465442203729         03 Jul 2026 20:15:12.929   
-48.30092288861266        60.47090081625539          03 Jul 2026 20:16:46.813   541.2442850805273         -48.20926543387758        -179.6013491718708         541.2446125472507         03 Jul 2026 20:16:46.813   -48.48322012437634        -59.64915284217543         541.4094497545912         03 Jul 2026 20:16:46.813   
-46.41797259945157        68.33186455649812          03 Jul 2026 20:18:20.700   541.2011767381809         -46.3479665204283         -171.7424822104052         541.1943496352169         03 Jul 2026 20:18:20.700   -46.61857167520402        -51.74955177496872         541.3577326958375         03 Jul 2026 20:18:20.700   
-43.98296459286718        75.56789958957138          03 Jul 2026 20:19:54.587   540.9657395920849         -43.9342836877402         -164.5009051661855         540.9513415202382         03 Jul 2026 20:19:54.587   -44.1968466846024         -44.47756103853942         541.1106270335431         03 Jul 2026 20:19:54.587   
-41.08092803589479        82.15134120932542          03 Jul 2026 20:21:28.470   540.5652242457145         -41.05252101102383        -157.9064262661862         540.5423872212177         03 Jul 2026 20:21:28.470   -41.303688155465          -37.86327819253747         540.6951554480811         03 Jul 2026 20:21:28.470   
-37.79309249052986        88.11071493179929          03 Jul 2026 20:23:02.348   540.0332254447276         -37.78352310302161        -151.9325967970471         540.0006598961099         03 Jul 2026 20:23:02.348   -38.02109663018431        -31.87912502146753         540.1448218774158         03 Jul 2026 20:23:02.348   
-34.19178894512557        93.50721457745639          03 Jul 2026 20:24:36.218   539.4080674188208         -34.1994943194844         -146.5198770503656         539.3641388462402         03 Jul 2026 20:24:36.218   -34.42214724343751        -26.46386124017892         539.4980248472266         03 Jul 2026 20:24:36.218   
-30.33887291842881        98.41625585804022          03 Jul 2026 20:26:10.077   538.7310142747338         -30.36232648242129        -141.5940137001336         538.6738589968918         03 Jul 2026 20:26:10.077   -30.56932366692885        -21.5415152430723          538.796282291798          03 Jul 2026 20:26:10.077   
-26.28602362407283        102.9160162974881          03 Jul 2026 20:27:43.927   538.0443369422501         -26.32382216202862        -137.0775732131863         537.9720044799724         03 Jul 2026 20:27:43.927   -26.51479354533506        -17.03317942553202         538.0822955626445         03 Jul 2026 20:27:43.927   
-22.07634789505907        107.0810224714785          03 Jul 2026 20:29:17.763   537.3894077091063         -22.12724681954832        -132.8964689728326         537.3000167670561         03 Jul 2026 20:29:17.763   -22.30202196862653        -12.86361084267005         537.3980268842151         03 Jul 2026 20:29:17.763   
-17.74591682113239        110.9798141481559          03 Jul 2026 20:30:51.581   536.80477910842           -17.80883618728088        -128.9824001355588         536.6966710345823         03 Jul 2026 20:30:51.581   -17.9673295371996         -8.96365120976944          536.7827443121278         03 Jul 2026 20:30:51.581   
-13.32509625740733        114.6747496697164          03 Jul 2026 20:32:25.381   536.324390339968          -13.39911182996116        -125.2731245259802         536.1962652546708         03 Jul 2026 20:32:25.381   -13.54124474129358        -5.270448380272555         536.2711819363385         03 Jul 2026 20:32:25.381   
-8.840079340217368        118.2225610550217          03 Jul 2026 20:33:59.167   535.976062855897          -8.924406109770164        -121.7119598316488         535.8270888297629         03 Jul 2026 20:33:59.167   -9.05005508774247         -1.726900215863241         535.8919860166216         03 Jul 2026 20:33:59.167   
-4.314185734624605        121.675526337384           03 Jul 2026 20:35:32.942   535.780265736661          -4.408158797415556        -118.2466495253358         535.6101536979286         03 Jul 2026 20:35:32.942   -4.517120357583996        1.719530604502588          535.6664302671452         03 Jul 2026 20:35:32.942   
0.2311193106426546        125.0829585629908          03 Jul 2026 20:37:06.710   535.7492030373442         0.1280640915989292        -114.8279000633776         535.558243812653          03 Jul 2026 20:37:06.710   0.0360989529149798        5.11832140903971           535.6074570659848         03 Jul 2026 20:37:06.710   
4.775157561041084         128.4926434616838          03 Jul 2026 20:38:40.475   535.8862737834334         4.663503103109369         -111.4079630920488         535.675339071493          03 Jul 2026 20:38:40.475   4.588968474663039         8.517343030240413          535.7191014125219         03 Jul 2026 20:38:40.475   
9.297293945603021         131.9524947793982          03 Jul 2026 20:40:14.242   536.1859205612463         9.177461222380591         -107.9389962990902         535.9564309655943         03 Jul 2026 20:40:14.242   9.120933858681548         11.96452974797578          535.9963138938756         03 Jul 2026 20:40:14.242   
13.77597678314899         135.5120526770575          03 Jul 2026 20:41:48.016   536.6338811155238         13.64834617371602         -104.3715814608184         536.387749340448          03 Jul 2026 20:41:48.016   13.61056109519611         15.50939328077012          536.4252014603244         03 Jul 2026 20:41:48.016   
18.18770627139411         139.2239526677025          03 Jul 2026 20:43:21.801   537.2078083210099         18.05264259554468         -100.6532734612789         536.9473654534822         03 Jul 2026 20:43:21.801   18.03450666650345         19.20451110494498          536.983649274096          03 Jul 2026 20:43:21.801   
22.50601208677791         143.1454114203452          03 Jul 2026 20:44:55.600   537.8782557405784         22.36389624018084         -96.72713471593495         537.6061681301589         03 Jul 2026 20:44:55.600   22.36649793764724         23.1070396789232           537.6423183137804         03 Jul 2026 20:44:55.600   
26.70016312820912         147.3393959972183          03 Jul 2026 20:46:29.417   538.6099685752561         26.55143444647268         -92.53058817119374         538.3291524368924         03 Jul 2026 20:46:29.417   26.57604450807006         27.27992720177478          538.3659562520115         03 Jul 2026 20:46:29.417   
30.73357686763183         151.8750781754785          03 Jul 2026 20:48:03.248   539.3634111717784         30.57879137235973         -87.99498296184599         539.0769496346065         03 Jul 2026 20:48:03.248   30.62684452654069         31.79243852197684          539.1149482045284         03 Jul 2026 20:48:03.248   
34.56254322369005         156.8275957073019          03 Jul 2026 20:49:37.094   540.0965844450993         34.40245252662307         -83.04584054271977         539.8076486175523         03 Jul 2026 20:49:37.094   34.4754979242772          36.72002365925687          539.8471560607186         03 Jul 2026 20:49:37.094   
38.13449830526569         162.2752299391248          03 Jul 2026 20:51:10.954   540.7668936519203         37.97015414412338         -77.60565153103163         540.4786691210011         03 Jul 2026 20:51:10.954   38.06975008866493         42.14165480070905          540.5198052207679         03 Jul 2026 20:51:10.954   
41.38664073541857         168.292759548064           03 Jul 2026 20:52:44.830   541.3330485711322         41.21952375262172         -71.60042598999731         541.0486654438073         03 Jul 2026 20:52:44.830   41.34704733382716         48.13338577607302          541.0913966929156         03 Jul 2026 20:52:44.830   
44.24560624531848         174.9390969953197          03 Jul 2026 20:54:18.718   541.7569286525513         44.07776364376243         -64.97184126925222         541.479392331762          03 Jul 2026 20:54:18.718   44.23410700591203         54.75619180198463          541.5235761459562         03 Jul 2026 20:54:18.718   
46.62950170853816         -177.7614696596449         03 Jul 2026 20:55:52.618   542.0053609358993         46.4636531881463          -57.69563299281958         541.7374816320034         03 Jul 2026 20:55:52.618   46.64880362084722         62.0372764670053           541.7829090748201         03 Jul 2026 20:55:52.618   
48.45327479361683         -169.8433012915979         03 Jul 2026 20:57:26.526   542.0516693990239         48.29281512470881         -49.80515436366043         541.7959889471249         03 Jul 2026 20:57:26.526   48.5053754552231          69.94574767677062          541.842421995304          03 Jul 2026 20:57:26.526   
49.63858626794358         -161.4203536592053         03 Jul 2026 20:59:00.438   541.876991669179          49.48739948040427         -41.41199351046956         541.6357085093805         03 Jul 2026 20:59:00.438   49.72420670619965         78.37079941985714          541.6829092556718         03 Jul 2026 20:59:00.438   
50.12695586987761         -152.6907323260541         03 Jul 2026 21:00:34.346   541.4712856709457         49.98900280180338         -32.71071583240222         541.2461809499573         03 Jul 2026 21:00:34.346   50.24507442098624         87.11584187092737          541.2939314083169         03 Jul 2026 21:00:34.346   
49.89226759043844         -143.9124546098565         03 Jul 2026 21:02:08.245   540.833959306352          49.77102999546134         -23.95553925697197         540.6263300944956         03 Jul 2026 21:02:08.245   50.04000301080417         95.92168262816996          540.6744426136138         03 Jul 2026 21:02:08.245   
48.94704563206559         -135.35356374176           03 Jul 2026 21:03:42.130   539.9740854212887         48.84503028553333         -15.4117200653415          539.784691703172          03 Jul 2026 21:03:42.130   49.12001485674139         104.5164916632685          539.8330110766765         03 Jul 2026 21:03:42.130   
47.3393406871491          -127.2376763930635         03 Jul 2026 21:05:15.996   538.9102218068629         47.2578428252406          -7.301934032247223         538.7392540996616         03 Jul 2026 21:05:15.996   47.53236351239305         112.6715922598677          538.7876533534118         03 Jul 2026 21:05:15.996   
45.14184795134882         -119.7093552166826         03 Jul 2026 21:06:49.840   537.6698072260951         45.08102802712916         0.2284320085810468         537.5168817011827         03 Jul 2026 21:06:49.840   45.34969961117297         120.2377935504875          537.5652540581314         03 Jul 2026 21:06:49.840   
42.43846959234866         -112.8294575251558         03 Jul 2026 21:08:23.660   536.2882103371994         42.39763850850754         7.116668363762321          536.1523951982817         03 Jul 2026 21:08:23.660   42.65642679017294         127.1511009887226          536.2006448568854         03 Jul 2026 21:08:23.660   
39.31309675945878         -106.5919569239462         03 Jul 2026 21:09:57.452   534.8074414607454         39.29105529888767         13.36672393694372          534.6873160435789         03 Jul 2026 21:09:57.452   39.53719773788087         133.4160400035456          534.7353502405222         03 Jul 2026 21:09:57.452   
35.84246877203309         -100.9476871703518         03 Jul 2026 21:11:31.216   533.2744818973797         35.83779509032044         19.0259691280046           533.1682270279844         03 Jul 2026 21:11:31.216   36.069545906614           139.0815035971733          533.2159513966717         03 Jul 2026 21:11:31.216   
32.09330822900814         -95.82587299321864         03 Jul 2026 21:13:04.949   531.7395340883559         32.10455384730557         24.16384449916203          531.64504595774           03 Jul 2026 21:13:04.949   32.32089305877491         144.2186938386774          531.6923646136165         03 Jul 2026 21:13:04.949   
28.12178514727529         -91.14845234495228         03 Jul 2026 21:14:38.653   530.2539653902713         28.14758871767995         28.85751892223277          530.1689852191057         03 Jul 2026 21:14:38.653   28.34796745211074         148.9063910596896          530.215806245571          03 Jul 2026 21:14:38.653   
23.97464327100267         -86.83863579009186         03 Jul 2026 21:16:12.330   528.8683046619717         24.013784011339           33.18323155482199          528.7905516154869         03 Jul 2026 21:16:12.330   24.19793014003273         153.2221463026182          528.8367979392715         03 Jul 2026 21:16:12.330   
19.69106496623352         -82.82508561580107         03 Jul 2026 21:17:45.975   527.6302925066439         19.74247824582946         37.21200560493229          527.5575879975831         03 Jul 2026 21:17:45.975   19.91025967990358         157.2379804755054          527.6032129634978         03 Jul 2026 21:17:45.975   
15.30377326442789         -79.0425620269033          03 Jul 2026 21:19:19.591   526.5827710746926         15.36654746131687         41.00891727186522          526.5131444561248         03 Jul 2026 21:19:19.591   15.51787742348126         161.0196933699783          526.5581506307208         03 Jul 2026 21:19:19.591   
10.84086326044478         -75.43198022466495         03 Jul 2026 21:20:53.181   525.7620652244523         10.91422558608821         44.63297405695288          525.6938305034473         03 Jul 2026 21:20:53.181   11.0490001781294          164.6267996543093          525.7382899739432         03 Jul 2026 21:20:53.181   
6.326807388703953         -71.93911167253307         03 Jul 2026 21:22:26.749   525.1964691293297         6.410106500628064         48.13837065062778          525.1282683417649         03 Jul 2026 21:22:26.749   6.528161430229104         168.1138380499715          525.1723422207933         03 Jul 2026 21:22:26.749   
1.783963014018358         -68.5135141522446          03 Jul 2026 21:24:00.302   524.9051959600001         1.876649758905792         51.57552761443558          524.8360081558922         03 Jul 2026 21:24:00.302   1.977730926371524         171.5314576291942          524.8799629532095         03 Jul 2026 21:24:00.302   
-2.766665590219623        -65.10684057664966         03 Jul 2026 21:25:33.845   524.8975833912364         -2.66505672020936         54.99276158813706          524.8267030170555         03 Jul 2026 21:25:33.845   -2.581316394772342        174.9281253508047          524.8709213226903         03 Jul 2026 21:25:33.845   
-7.304529999619009        -61.67129243522876         03 Jul 2026 21:27:07.387   525.17276819569           -7.194399351428038        58.43781442853358          525.0997600579685         03 Jul 2026 21:27:07.387   -7.128499494951217        178.3516879141426          525.1447432485238         03 Jul 2026 21:27:07.387   
-11.80839117743647        -58.15826617969907         03 Jul 2026 21:28:40.932   525.7197397774071         -11.69009378909927        61.95919017641202          525.6443807953328         03 Jul 2026 21:28:40.932   -11.64268330471823        -178.1492587836582         525.6907416859913         03 Jul 2026 21:28:40.932   
-16.25571555853196        -54.51657041992635         03 Jul 2026 21:30:14.488   526.5178315822477         -16.12958301838278        65.60792149031515          526.4400502560684         03 Jul 2026 21:30:14.488   -16.10147663163827        -174.5235705449853         526.488494320477          03 Jul 2026 21:30:14.488   
-20.62132821457915        -50.69119362962532         03 Jul 2026 21:31:48.061   527.5375401890296         -20.48769629984758        69.43878193590295          527.4573647933821         03 Jul 2026 21:31:48.061   -20.47988700090496        -170.7162985207068         527.508659091005          03 Jul 2026 21:31:48.061   
-24.87652311083           -46.6217410013497          03 Jul 2026 21:33:21.657   528.7417759053906         -24.73576766783893        73.51182761313869          528.6592996772961         03 Jul 2026 21:33:21.657   -24.74943398432215        -166.6670919702807         528.7142299891784         03 Jul 2026 21:33:21.657   
-28.98745625121587        -42.2417163083642          03 Jul 2026 21:34:55.277   530.087309087422          -28.84004289153361        77.89309256984728          530.0026778103693         03 Jul 2026 21:34:55.277   -28.87654154402662        -162.3094229740227         530.0619951209555         03 Jul 2026 21:34:55.277   
-32.91366229361405        -37.47844990487187         03 Jul 2026 21:36:28.924   531.5265086817462         -32.76021488264123        82.65464511499616          531.4399312877758         03 Jul 2026 21:36:28.924   -32.82104786340418        -157.5704252026157         531.5042903909152         03 Jul 2026 21:36:28.924   
-36.60664720811774        -32.25446835016753         03 Jul 2026 21:38:02.599   533.0093429966037         -36.44804024440271        87.87322415804651          532.9211213674316         03 Jul 2026 21:38:02.599   -36.53477856506417        -152.3721299137371         532.9910158324792         03 Jul 2026 21:38:02.599   
-40.00815286750351        -26.49242971503141         03 Jul 2026 21:39:36.303   534.4853018843996         -39.84563067012824        93.62536122928726          534.3958723255546         03 Jul 2026 21:39:36.303   -39.95976533263258        -146.6362140502646         534.4715701789282         03 Jul 2026 21:39:36.303   
-43.04936834402852        -20.12464531382943         03 Jul 2026 21:41:10.039   535.9054024635061         -42.88468313046354        99.97801301337616          535.8153780523171         03 Jul 2026 21:41:10.039   -43.0273742909976         -140.2933094834033         535.8968640179373         03 Jul 2026 21:41:10.039   
-45.65176484684861        -13.10902355102156         03 Jul 2026 21:42:43.804   537.2241208172491         -45.48730620833597        106.9729151734475          537.1343227752795         03 Jul 2026 21:42:43.804   -45.65901183156593        -133.2987988208945         537.2212529460712         03 Jul 2026 21:42:43.804   
-47.73077620925812        -5.451513187534441         03 Jul 2026 21:44:17.599   538.401114619297          -47.56963400574702        114.6045784640726          538.3125815511303         03 Jul 2026 21:44:17.599   -47.76964199437397        -125.6553643679774         538.4042558007923         03 Jul 2026 21:44:17.599   
-49.20378729405808        2.770457803422335          03 Jul 2026 21:45:51.421   539.4027924379861         -49.04966362484579        122.7972850177762          539.3167588593906         03 Jul 2026 21:45:51.421   -49.27564029149232        -117.4370301645622         539.412115919592          03 Jul 2026 21:45:51.421   
-50.0021154558203         11.39457220285663          03 Jul 2026 21:47:25.266   540.2035647251842         -49.85901606601453        131.3917756041093          540.1214045941279         03 Jul 2026 21:47:25.266   -50.10677811172672        -108.8037323277249         540.2190427951191         03 Jul 2026 21:47:25.266   
-50.08436291468789        20.18424327998172          03 Jul 2026 21:48:59.131   540.7867448720981         -49.95608805996361        140.1552862257694          540.7098808797709         03 Jul 2026 21:48:59.131   -50.21981387602906        -99.99197288044225         540.8081056788324         03 Jul 2026 21:48:59.131   
-49.44608454748995        28.86856831124265          03 Jul 2026 21:50:33.008   541.1451006308189         -49.33567513107692        148.8203118173777          541.074885358059          03 Jul 2026 21:50:33.008   -49.60860134119171        -91.27536346780472         541.1717827326311         03 Jul 2026 21:50:33.008   
-48.12088880020121        37.19883761904258          03 Jul 2026 21:52:06.892   541.2810370081843         -48.03025147145114        157.1399857803533          541.2186177731755         03 Jul 2026 21:52:06.892   -48.30562341963608        -82.9072783900548          541.3121498000064         03 Jul 2026 21:52:06.892   
-46.17241776365739        44.99375877191083          03 Jul 2026 21:53:40.778   541.2062875864831         -46.10225888626568        164.9329580597151          541.1524689224516         03 Jul 2026 21:53:40.778   -46.37415649707061        -75.0739596950628          541.2405855915804         03 Jul 2026 21:53:40.778   
-43.68131777699556        52.1571423942147           03 Jul 2026 21:55:14.663   540.9412448654157         -43.63134683071274        172.1015809610107          540.8963648409044         03 Jul 2026 21:55:14.663   -43.89513092193621        -67.87541827953363         540.9771246334512         03 Jul 2026 21:55:14.663   
-40.73258076128212        58.6687889362311           03 Jul 2026 21:56:48.543   540.5139186329652         -40.70183754824501        178.623626786534           540.4777541549247         03 Jul 2026 21:56:48.543   -40.95420329194986        -61.33402499989813         540.5494447608953         03 Jul 2026 21:56:48.543   
-37.40656170377328        64.56206636765306          03 Jul 2026 21:58:22.419   539.9585651046973         -37.39373281980548        -175.4694778154239         539.9302787206498         03 Jul 2026 21:58:22.419   -37.63251346775808        -55.41715584169319         539.9915287670183         03 Jul 2026 21:58:22.419   
-33.77451765433606        69.90040251985583          03 Jul 2026 21:59:56.285   539.3140889959259         -33.77817347674436        -170.1158440003366         539.2922245944947         03 Jul 2026 21:59:56.285   -34.00205421758397        -50.06121195186422         539.3420985475959         03 Jul 2026 21:59:56.285   
-29.89707391315532        74.76004946969067          03 Jul 2026 22:01:30.141   538.6221940396617         -29.91581847803092        -165.240300251397          538.6047246884327         03 Jul 2026 22:01:30.141   -30.12406106987267        -45.18932300677265         538.6427925462294         03 Jul 2026 22:01:30.141   
-25.82484121552082        79.21901767169261          03 Jul 2026 22:03:03.988   537.9254561553153         -25.85739165762871        -160.7655302244228         537.9098798800524         03 Jul 2026 22:03:03.988   -26.04961312106342        -40.72272706558697         537.9362569769801         03 Jul 2026 22:03:03.988   
-21.60007693946429        83.35120564357013          03 Jul 2026 22:04:37.821   537.2653964615629         -21.64529579952385        -156.6180493638778         537.2488715137733         03 Jul 2026 22:04:37.821   -21.82130759413931        -36.58680996081254         537.2642257537937         03 Jul 2026 22:04:37.821   
-17.25817531189731        87.22442273621904          03 Jul 2026 22:06:11.636   536.6805287614434         -17.31507636943678        -152.7302767485491         536.6600360113307         03 Jul 2026 22:06:11.636   -17.47477267224811        -32.7131546406996          536.6655605708911         03 Jul 2026 22:06:11.636   
-12.82896223023851        90.90036229093688          03 Jul 2026 22:07:45.435   536.204550346245          -12.89670267246001        -149.0406338545924         536.1770665998056         03 Jul 2026 22:07:45.435   -13.03998415434065        -29.03958825602632         536.1744200478943         03 Jul 2026 22:07:45.435   
-8.338235498336186        94.43520892248337          03 Jul 2026 22:09:19.220   535.8648398455252         -8.416100929888405        -145.4929893490478         535.8275063252677         03 Jul 2026 22:09:19.220   -8.542823857554223        -25.5095704272809          535.8187257504896         03 Jul 2026 22:09:19.220   
-3.809042424014053        97.88085006174177          03 Jul 2026 22:10:52.995   535.6812307826804         -3.896429272153914        -142.0354831157601         535.6315029387915         03 Jul 2026 22:10:52.995   -4.006370596256559        -22.07096725420828         535.61889592228           03 Jul 2026 22:10:52.995   
0.737234859056054         101.2863189607029          03 Jul 2026 22:12:26.763   535.6651194504138         0.6408375353619939        -138.6191080937455         535.6008870833584         03 Jul 2026 22:12:26.763   0.5480055834686636        -18.67459166105414         535.5869097774157         03 Jul 2026 22:12:26.763   
5.279982445100945         104.6993573966             03 Jul 2026 22:14:00.530   535.818952836782          5.175011128635101         -135.1961661985996         535.7386232117624         03 Jul 2026 22:14:00.530   5.099741426875285         -15.27262483224517         535.7257526071289         03 Jul 2026 22:14:00.530   
9.798508089219132         108.1679911754226          03 Jul 2026 22:15:34.299   536.1361310014945         9.685343490572247         -131.7187089307324         536.0386722527492         03 Jul 2026 22:15:34.299   9.628231952193458         -11.81702572184508         536.0292810392848         03 Jul 2026 22:15:34.299   
14.27100483564551         111.7419683376838          03 Jul 2026 22:17:08.074   536.6013029722699         14.149992679945           -128.1371155967456         536.4862502198885         03 Jul 2026 22:17:08.074   14.11179408350048         -8.258076487579476         536.4824918688519         03 Jul 2026 22:17:08.074   
18.67376839524512         115.4744248450577          03 Jul 2026 22:18:41.860   537.1910744413672         18.54524375422852         -124.3984451591042         537.0585026961717         03 Jul 2026 22:18:41.860   18.52688635801233         -4.542697379469751         537.0622137687897         03 Jul 2026 22:18:41.860   
22.97989466727742         119.4231489296971          03 Jul 2026 22:20:15.662   537.8750361726197         22.84421345844126         -120.4451927060013         537.7255092231499         03 Jul 2026 22:20:15.662   22.84680838366402         -0.6131526573014496        537.7381338359655         03 Jul 2026 22:20:15.662   
27.15807529352975         123.6517857328912          03 Jul 2026 22:21:49.479   538.6171228262137         27.01565641500796         -116.2141068216641         538.4516257157038         03 Jul 2026 22:21:49.479   27.04049761538905         3.594199699015495          538.4741660542368         03 Jul 2026 22:21:49.479   
31.1709767365983          128.230180568664           03 Jul 2026 22:23:23.311   539.3771914073068         31.02236017888414         -111.6358659034531         539.1970555847929         03 Jul 2026 22:23:23.311   31.07090418860469         8.14932541985838           539.2300498399345         03 Jul 2026 22:23:23.311   
34.97403457777263         133.2340617488538          03 Jul 2026 22:24:57.157   540.1128946227864         34.81996005427981         -106.635401509732          539.919720427878          03 Jul 2026 22:24:57.157   34.89377303402424         13.12830791425914          539.9632495686101         03 Jul 2026 22:24:57.157   
38.5135843170852          138.7417074869181          03 Jul 2026 22:26:31.017   540.7815379808171         38.35509551438025         -101.1352029333095         540.577121579201          03 Jul 2026 22:26:31.017   38.45574083179699         18.6101795663375           540.6308414052619         03 Jul 2026 22:26:31.017   
41.72560907755381         144.826785310435           03 Jul 2026 22:28:04.892   541.3419930735245         41.56418112035039         -95.06237606021058         541.1282588242739         03 Jul 2026 22:28:04.892   41.69301858230749         24.66996660378373          541.1914540788566         03 Jul 2026 22:28:04.892   
44.53570451141239         151.5454820866071          03 Jul 2026 22:29:38.779   541.7565665215961         44.37337802864518         -88.36129047325426         541.5355041216808         03 Jul 2026 22:29:38.779   44.53124822252611         31.36600924297982          541.6071598891876         03 Jul 2026 22:29:38.779   
46.86125833102023         158.916683948494           03 Jul 2026 22:31:12.677   541.992714974037          46.7007380038285          -81.01302642003951         541.7663196159874         03 Jul 2026 22:31:12.677   46.88753057802118         38.72017285233733          541.8452037247707         03 Jul 2026 22:31:12.677   
48.61744892239395         166.8981624486731          03 Jul 2026 22:32:46.584   542.0245733990596         48.46209380912213         -73.05873319221629         541.7947858578445         03 Jul 2026 22:32:46.584   48.67626836862516         46.69367110187338          541.8795362324272         03 Jul 2026 22:32:46.584   
49.72745125347562         175.366328663012           03 Jul 2026 22:34:20.494   541.8342055247158         49.58107473010089         -64.61958102472627         541.6028503011676         03 Jul 2026 22:34:20.494   49.81929971610121         55.1658847696465           541.6920602831215         03 Jul 2026 22:34:20.494   
50.13583800694968         -175.8852675733103         03 Jul 2026 22:35:54.402   541.4125608373715         50.00228824275766         -55.89850689462956         541.1812811708141         03 Jul 2026 22:35:54.402   50.25943191228352         63.93154406616983          541.2735774845523         03 Jul 2026 22:35:54.402   
49.8206260175694          -167.1185751297954         03 Jul 2026 22:37:28.302   540.760052601343          49.70324039737332         -47.15379737746159         540.5302441288986         03 Jul 2026 22:37:28.302   49.97285933858348         72.72714768651936          540.6243521801389         03 Jul 2026 22:37:28.302   
48.79862191430367         -158.5992665268203         03 Jul 2026 22:39:02.187   539.886728677634          48.69975993750045         -38.64854563281862         539.6594757100629         03 Jul 2026 22:39:02.187   48.97497830345159         81.28299339577775          539.7542685663457         03 Jul 2026 22:39:02.187   
47.1212382421878          -150.5432302259162         03 Jul 2026 22:40:36.053   538.8120234144035         47.0420786804989          -30.59788105116118         538.5880438488621         03 Jul 2026 22:40:36.053   47.31651515017673         89.37812624245085          538.6825728389804         03 Jul 2026 22:40:36.053   
44.86309525927798         -143.0855379420157         03 Jul 2026 22:42:09.898   537.5641610993134         44.80373242601731         -23.13778011047388         537.3437669035848         03 Jul 2026 22:42:09.898   45.07213517055324         96.87302806940345          537.4372737262174         03 Jul 2026 22:42:09.898   
42.10859144213943         -136.2785142547006         03 Jul 2026 22:43:43.718   536.1791447826063         42.06832104913937         -16.32239518571235         535.9622252559329         03 Jul 2026 22:43:43.718   42.32678790583587         103.7124831197646          536.0541372997013         03 Jul 2026 22:43:43.718   
38.94110548675165         -130.1101340895593         03 Jul 2026 22:45:17.509   534.6994497701917         38.91875137678633         -10.1416930156602          534.4854832127221         03 Jul 2026 22:45:17.509   39.16462593838524         109.9072252786876          534.5753953199155         03 Jul 2026 22:45:17.509   
35.43634169377208         -124.5278512448888         03 Jul 2026 22:46:51.271   533.1723407021436         35.4305271910293          -4.544824346367899         532.9604378036602         03 Jul 2026 22:46:51.271   35.66213633521885         115.5096636750208          533.0480847773679         03 Jul 2026 22:46:51.271   
31.65985949886938         -119.4595106479422         03 Jul 2026 22:48:25.002   531.6481234719095         31.66919018418121         0.5391151275912538         531.4371017278172         03 Jul 2026 22:48:25.002   31.88555597393626         120.5924495774648          531.5223268873597         03 Jul 2026 22:48:25.002   
27.66668041206347         -114.8268262692789         03 Jul 2026 22:49:58.705   530.178057930545          27.68984976682578         5.187578803607058          529.9665431023377         03 Jul 2026 22:49:58.705   27.89044122476763         125.2346119178476          530.0492677931934         03 Jul 2026 22:49:58.705   
23.50274785086471         -110.5536128463172         03 Jul 2026 22:51:32.376   528.8124368605213         23.53858602742607         9.476239906008097          528.5989834143493         03 Jul 2026 22:51:32.376   23.72313229415235         129.5130970359265          528.6791824904803         03 Jul 2026 22:51:32.376   
19.20638064479887         -106.5691009158382         03 Jul 2026 22:53:06.016   527.5984820056192         19.2538697044166          13.47557660866188          527.3817019605349         03 Jul 2026 22:53:06.016   19.42222783774243         133.4993463631778          527.4593885056465         03 Jul 2026 22:53:06.016   
14.80974651977469         -102.8087981240032         03 Jul 2026 22:54:39.624   526.578381839553          14.86801718816834         17.24992983202695          526.3570693603306         03 Jul 2026 22:54:39.624   15.02008194584532         137.2583972503065          526.4322907107307         03 Jul 2026 22:54:39.624   
10.34031498019302         -99.21409599426721         03 Jul 2026 22:56:13.208   525.7875993910829         10.40863414660932         20.85783738085082          525.5608388121636         03 Jul 2026 22:56:13.208   10.54427740992498         140.8492733883044          525.6336842330838         03 Jul 2026 22:56:13.208   
5.82240054453422          -95.73138066650898         03 Jul 2026 22:57:46.770   525.2534989707437         5.900154454402173         24.35288160660482          525.0207461972832         03 Jul 2026 22:57:46.770   6.019184914764605         144.3258866125477          525.091364770743          03 Jul 2026 22:57:46.770   
1.277997193093486         -92.31040410353924         03 Jul 2026 22:59:20.318   524.9942064296301         1.364674302031485         27.7852908751147           524.7553357728857         03 Jul 2026 22:59:20.318   1.466807876867171         147.7386822797371          524.8239609354141         03 Jul 2026 22:59:20.318   
-3.271918115429031        -88.90302138668301         03 Jul 2026 23:00:53.858   525.0179316863869         -3.176744914052246        31.20318096150119          524.7732456695712         03 Jul 2026 23:00:53.858   -3.091906875287842        151.135919221138           524.8402221045744         03 Jul 2026 23:00:53.858   
-7.806714610201865        -85.4614690754056          03 Jul 2026 23:02:27.396   525.3226374741344         -7.703405316982407        34.65426075103889          525.0728402226887         03 Jul 2026 23:02:27.396   -7.636395354036798        154.5654067893137          525.1386474587507         03 Jul 2026 23:02:27.396   
-12.30516054025112        -81.93686284834416         03 Jul 2026 23:04:00.940   525.896169874477          -12.19402646033146        38.1873188102918           525.6423102308227         03 Jul 2026 23:04:00.940   -12.1455285179436         158.07602282816            525.7075776040701         03 Jul 2026 23:04:00.940   
-16.74435575844654        -78.27776993368697         03 Jul 2026 23:05:34.495   526.7167639329964         -16.62568073371022        41.85363396687579          526.4601575940378         03 Jul 2026 23:05:34.495   -16.59654575985422        161.7191595848904          526.5256656167639         03 Jul 2026 23:05:34.495   
-21.09888187492944        -74.42858870185648         03 Jul 2026 23:07:08.067   527.7539773016688         -20.97294825817198        45.70857680016989          527.4961191913526         03 Jul 2026 23:07:08.067   -20.96420771749408        165.5503678531342          527.5627836093799         03 Jul 2026 23:07:08.067   
-25.33956175900908        -70.32826774962371         03 Jul 2026 23:08:41.662   528.9699546907432         -25.20668501717337        49.81286835831677          528.7124339538923         03 Jul 2026 23:08:41.662   -25.219557555473          169.6306748567641          528.7812707225412         03 Jul 2026 23:08:41.662   
-29.43198610193476        -65.90950922227374         03 Jul 2026 23:10:15.285   530.3209493287777         -29.29256269485091        54.23335402033699          530.0653777242842         03 Jul 2026 23:10:15.285   -29.3284461598379         174.0274399924886          530.1374491637953         03 Jul 2026 23:10:15.285   
-33.33479157053871        -61.09906532223251         03 Jul 2026 23:11:48.936   531.7590222778181         -33.18936571228426        59.04269070720612          531.5069837584497         03 Jul 2026 23:11:48.936   -33.24980094267133        178.8141517009166          531.5833283493694         03 Jul 2026 23:11:48.936   
-36.99840480036218        -55.81925953185834         03 Jul 2026 23:13:22.614   533.234099120974          -36.8477586061742         64.31783142238892          532.9871250890474         03 Jul 2026 23:13:22.614   -36.93434816638693        -175.9309583776704         533.0686763988297         03 Jul 2026 23:13:22.614   
-40.36344878973315        -49.99322054401821         03 Jul 2026 23:14:56.322   534.6959421152606         -40.20871889121826        70.13484794549603          534.4555117705713         03 Jul 2026 23:14:56.322   -40.32297051602436        -170.1299644448958         534.5430130641726         03 Jul 2026 23:14:56.322   
-43.35998738352414        -43.55512197952179         03 Jul 2026 23:16:30.061   536.0961136772639         -43.20280045719433        76.55884453227723          535.8636741905057         03 Jul 2026 23:16:30.061   -43.34586488840881        -163.7152850110798         535.9575966218372         03 Jul 2026 23:16:30.061   
-45.90854900635151        -36.46703443651383         03 Jul 2026 23:18:03.832   537.3898439560298         -45.75114864231782        83.62740165532368          537.1668414561491         03 Jul 2026 23:18:03.832   -45.92343506362344        -156.6464174945775         537.2673140662491         03 Jul 2026 23:18:03.832   
-47.92428405456891        -28.74183194888962         03 Jul 2026 23:19:37.630   538.5377343058908         -47.76959124991357        91.32810086992266          538.325644286122          03 Jul 2026 23:19:37.630   -47.97029178783603        -148.9330074888117         538.4324035020691         03 Jul 2026 23:19:37.630   
-49.32551635245107        -20.4658315929434          03 Jul 2026 23:21:11.455   539.5073187491462         -49.17704175435303        99.57629896210253          539.3076650571929         03 Jul 2026 23:21:11.455   -49.4036892644087         -140.6581577805011         539.4200305019021         03 Jul 2026 23:21:11.455   
-50.04591391451208        -11.81080294851727         03 Jul 2026 23:22:45.304   540.2741674604531         -49.90745662680197        108.2031880123479          540.0885181026169         03 Jul 2026 23:22:45.304   -50.15572702769913        -131.9916176838759         540.2053979102047         03 Jul 2026 23:22:45.304   
-50.04783216062045        -3.019528987205591         03 Jul 2026 23:24:19.171   540.8228037582148         -49.92299128553585        116.9696357426634          540.6527378628616         03 Jul 2026 23:24:19.171   -50.18696283445911        -123.1765268414734         540.7726657262538         03 Jul 2026 23:24:19.171   
-49.33118353899244        5.636662479584525          03 Jul 2026 23:25:53.047   541.14717034758           -49.22283694699603        125.6075034039991          540.9942125499738         03 Jul 2026 23:25:53.047   -49.4957240827289         -114.4872544122152         541.1154146295903         03 Jul 2026 23:25:53.047   
-47.9334210511995         13.91491264618113          03 Jul 2026 23:27:26.931   541.2507703006331         -47.84338314019275        133.8756158167523          541.1162982320357         03 Jul 2026 23:27:26.931   -48.1184903034108         -106.1713917000354         541.236785985071          03 Jul 2026 23:27:26.931   
-45.92071258763995        21.64309827927477          03 Jul 2026 23:29:00.818   541.1462988807234         -45.84968315524646        141.6017531111781          541.0314283819907         03 Jul 2026 23:29:00.818   -46.12120015798916        -98.40582095100606         541.1491100604771         03 Jul 2026 23:29:00.818   
-43.37476817056658        28.73415468981776          03 Jul 2026 23:30:34.703   540.8549647304499         -43.3225272703127         148.6974736637812          540.7604259046193         03 Jul 2026 23:30:34.703   -43.58593544812052        -91.28111416038605         540.8732290124262         03 Jul 2026 23:30:34.703   
-40.38043787050412        35.17498693080143          03 Jul 2026 23:32:08.583   540.405434052589          -40.3461496468953         155.1478012513991          540.3314529365261         03 Jul 2026 23:32:08.583   -40.59824622465401        -84.81223929348189         540.4374484717764         03 Jul 2026 23:32:08.583   
-37.01722236734795        41.00337079419513          03 Jul 2026 23:33:42.456   539.832449671735          -36.99972505679969        160.9887226527634          539.7786498197756         03 Jul 2026 23:33:42.456   -37.23841493303117        -78.96195338692387         539.8761693369261         03 Jul 2026 23:33:42.456   
-33.3552317547524         46.28488375699856          03 Jul 2026 23:35:16.320   539.1752325563339         -33.35325365272906        166.2843989631456          539.1405684644551         03 Jul 2026 23:35:16.320   -33.57726376886194        -73.66438956612794         539.2283065277961         03 Jul 2026 23:35:16.320   
-29.45391722073218        51.09641805175862          03 Jul 2026 23:36:50.174   538.4756356899361         -29.46621325955392        171.1107253750136          538.4583698483993         03 Jul 2026 23:36:50.174   -29.67482330638693        -68.84198776013325         538.5354645216876         03 Jul 2026 23:36:50.174   
-25.36294559478763        55.51566094934296          03 Jul 2026 23:38:24.017   537.7762473282755         -25.38836979903726        175.5447442243184          537.7739737651564         03 Jul 2026 23:38:24.017   -25.58119832013042        -64.41630104672291         537.840061440982          03 Jul 2026 23:38:24.017   
-21.12364158739418        59.61599746212934          03 Jul 2026 23:39:57.845   537.1184261603194         -21.16117782820417        179.6594520710895          537.1281415216608         03 Jul 2026 23:39:57.845   -21.33802653539504        -60.31324090757403         537.1833829377574         03 Jul 2026 23:39:57.845   
-16.77076573040906        63.46448532002411          03 Jul 2026 23:41:31.656   536.5404078119736         -16.81953357311357        -176.4783121066586         536.5586242037034         03 Jul 2026 23:41:31.656   -16.98028019366803        -56.46516245190786         536.6037012911747         03 Jul 2026 23:41:31.656   
-12.33357928404061        67.1222000740958           03 Jul 2026 23:43:05.450   536.0754732447267         -12.39282806976882        -172.8075863728535         536.0983641080857         03 Jul 2026 23:43:05.450   -12.53735238325421        -52.81053260762354         536.1344473611098         03 Jul 2026 23:43:05.450   
-7.837522951010651        70.64477342292528          03 Jul 2026 23:44:39.232   535.7504792014861         -7.906618804571534        -169.2727956265237         535.7740429728774         03 Jul 2026 23:44:39.232   -8.034753439979403        -49.29338412845468         535.8027341809484         03 Jul 2026 23:44:39.232   
-3.305483156889011        74.08364555302254          03 Jul 2026 23:46:13.004   535.5846311206287         -3.383893495754814        -165.8225320406207         535.6048599812211         03 Jul 2026 23:46:13.004   -3.495389928169228        -45.86204731896122         535.6281133130979         03 Jul 2026 23:46:13.004   
1.241371592941368         77.48769448764199          03 Jul 2026 23:47:46.771   535.5885929155666         1.154093813061809         -162.407948385633          535.6016329323356         03 Jul 2026 23:47:46.771   1.059591160112651         -42.46750404045223         535.6216584861777         03 Jul 2026 23:47:46.771   
5.782460926145671         80.90461627551186          03 Jul 2026 23:49:20.536   535.7640073833991         5.686693681870858         -158.98139626093           535.7662986144142         03 Jul 2026 23:49:20.536   5.609667810072495         -39.06199128454954         535.7854539621394         03 Jul 2026 23:49:20.536   
10.29694863718406         84.38250357123097          03 Jul 2026 23:50:54.305   536.1034055551372         10.19301798962028         -155.4948631303359         536.0917938173843         03 Jul 2026 23:50:54.305   10.13409742922484         -35.59740735423039         536.112468334617          03 Jul 2026 23:50:54.305   
14.76296753063114         87.97148686139279          03 Jul 2026 23:52:28.081   536.5905499419268         14.65116656608251         -151.8983468746626         536.5623650463313         03 Jul 2026 23:52:28.081   14.61114254722859         -32.02365474179534         536.5868626624879         03 Jul 2026 23:52:28.081   
19.15639372410935         91.72505608251289          03 Jul 2026 23:54:01.869   537.2011404845416         19.03700592703815         -148.1385525715024         537.1542414538326         03 Jul 2026 23:54:01.869   19.01684650854757         -28.28729703106724         537.18466709314           03 Jul 2026 23:54:01.869   
23.44999766945099         95.70168530113422          03 Jul 2026 23:55:35.673   537.903930821265          23.3233266842086          -144.1572880621397         537.8367190137114         03 Jul 2026 23:55:35.673   23.32418736335266         -24.32990474719238         537.8748745188532         03 Jul 2026 23:55:35.673   
27.61187708374856         99.96571524977138          03 Jul 2026 23:57:09.494   538.6620907676397         27.47828772550125         -139.8906043721158         538.5734982644526         03 Jul 2026 23:57:09.494   27.50151054361459         -20.08712389969982         538.6207925335921         03 Jul 2026 23:57:09.494   
31.60392274008307         104.5876696073217          03 Jul 2026 23:58:43.329   539.4348373791754         31.46389779899475         -135.268499265578          539.324296616498          03 Jul 2026 23:58:43.329   31.51098943677628         -15.48828294565361         539.3816749619346         03 Jul 2026 23:58:43.329   
34.70778403288679         108.682278552191           04 Jul 2026 00:00:00.000   540.0471478601276         34.56299277458876         -131.1760792158612         539.9185737779662         04 Jul 2026 00:00:00.000   34.63078110899298         -11.41367563847232         539.9845380337838         04 Jul 2026 00:00:00.000   
